id,session_id,annotator,system_id,station_id,stratum,lat,lon,ground_reality,infrastructure_elements,streetview_date,capacity_assessment,location_assessment,verdict,confidence,notes,duration_s,created_at,flag_a1,flag_a2,flag_a3,flag_a4,flag_a5,flag_a6,flag_a7
1,699d75c4-d99,rohan,cergy,54905,A4_discordant_composite,49.023163,2.029486,station_vls,"[""bornes_docks""]",,coherente,integree_reseau,legitime,5,,22.7,2026-05-28T08:34:59.804222+00:00,0,0,0,0,0,0,0
2,699d75c4-d99,gael,cergy,54905,A4_discordant_composite,49.023163,2.029486,station_vls,"[""bornes_docks""]",,coherente,integree_reseau,legitime,5,,143.8,2026-05-28T09:57:10.969722+00:00,0,0,0,0,0,0,0
3,bda00e8b-2a7,gael,dott-paris,861325a8-fcde-450a-b7ef-c6e1978b79d4,A3_freefloating,48.8895608694596,2.36805816013184,aucune_infrastructure,"[""rien_visible""]",,coherente,integree_reseau,problematique,4,,400.8,2026-05-28T11:21:14.532439+00:00,0,0,1,0,0,0,1
4,699d75c4-d99,rohan,dott-paris,861325a8-fcde-450a-b7ef-c6e1978b79d4,A3_freefloating,48.8895608694596,2.36805816013184,aucune_infrastructure,"[""arceaux""]",,coherente,integree_reseau,problematique,3,,10107.2,2026-05-28T11:23:28.713950+00:00,0,0,1,0,0,0,1
5,699d75c4-d99,rohan,choletbus,stn_GVEPc8q7RzeKRH5R6SYBEt,A4_discordant_composite,47.071814,-0.874104,station_vls,"[""bornes_docks""]",,coherente,integree_reseau,legitime,5,,193.6,2026-05-28T11:26:44.049433+00:00,0,0,0,0,0,0,0
6,bda00e8b-2a7,gael,choletbus,stn_GVEPc8q7RzeKRH5R6SYBEt,A4_discordant_composite,47.071814,-0.874104,aucune_infrastructure,"[""rien_visible""]",,impossible,integree_reseau,problematique,3,,509.1,2026-05-28T11:29:45.426265+00:00,0,0,0,0,0,0,0
7,bda00e8b-2a7,gael,velopop,cpbfghsqessegmi81dgg,clean_docked,43.9391,4.82137,aucune_infrastructure,"[""rien_visible""]",,impossible,integree_reseau,problematique,4,,320,2026-05-28T11:35:07.335058+00:00,0,0,0,0,0,0,0
8,bda00e8b-2a7,gael,velozef,cirqbhsg3q5td18hqi80,A2_placeholder,48.39009,-4.48533,aucune_infrastructure,"[""rien_visible""]",,impossible,integree_reseau,problematique,4,,126.3,2026-05-28T11:37:15.483560+00:00,0,1,0,0,0,0,0
9,bda00e8b-2a7,gael,dott-paris,5130186d-aa31-4863-a470-1f4e0094b54c,A4_discordant_legacy,48.8428544438465,2.25462209273682,aucune_infrastructure,"[""rien_visible""]",,impossible,integree_reseau,problematique,4,,101.6,2026-05-28T11:38:58.849125+00:00,0,0,1,0,0,0,1
10,bda00e8b-2a7,gael,citiz_grand_est,259,A5_out_of_perimeter,47.7507209777832,7.34101295471191,aucune_infrastructure,"[""rien_visible""]",,impossible,integree_reseau,problematique,3,mauvaise ville ?,82.6,2026-05-28T11:43:54.635469+00:00,1,0,0,0,1,0,0
12,bda00e8b-2a7,gael,pony_Angers,BikeRack Juret 2,A4_discordant_legacy,47.4258329853833,-0.525122087620493,aucune_infrastructure,"[""rien_visible""]",,coherente,integree_reseau,problematique,4,,294.6,2026-05-28T11:47:11.885564+00:00,0,0,1,0,0,0,1
13,bda00e8b-2a7,gael,dott-bordeaux,84258fa5-9d0a-4ba8-8543-758910b75550,A4_discordant_legacy,44.84397,-0.6201119,aucune_infrastructure,"[""rien_visible""]",,coherente,integree_reseau,problematique,4,,122.8,2026-05-28T11:49:16.491016+00:00,0,0,1,0,0,0,1
14,bda00e8b-2a7,gael,bird-bordeaux,4309a848-3986-4555-9d18-57e94d5c0b2f,A3_freefloating,44.857628,-0.5644819,aucune_infrastructure,"[""rien_visible""]",,coherente,integree_reseau,problematique,4,,89.5,2026-05-28T11:50:47.723900+00:00,0,0,1,0,0,0,1
15,bda00e8b-2a7,gael,pony_Angers,angers_parking_Proposition___Arceau_Vallon_zid4H4LQCD5,A4_discordant_legacy,47.52689,-0.52295,aucune_infrastructure,"[""rien_visible""]",,coherente,integree_reseau,problematique,4,,93.7,2026-05-28T11:52:23.168659+00:00,0,0,1,0,0,0,1
16,bda00e8b-2a7,gael,le_velo_star,5535,A4_discordant_composite,48.11026,-1.664454,station_vls,"[""bornes_docks""]",,coherente,integree_reseau,legitime,5,,50.1,2026-05-28T11:53:15.036455+00:00,0,0,0,0,0,0,0
17,bda00e8b-2a7,gael,Optymo_Belfort_ALS,d28bca5c-9f12-48fc-9f82-66a7d9f3fb6c,A7_null_capacity,47.631319,6.855195,aucune_infrastructure,"[""rien_visible""]",,coherente,integree_reseau,problematique,4,,147.4,2026-05-28T11:55:44.190192+00:00,1,0,0,0,0,0,1
18,75587f14-e62,gael,dott-paris,5f98af5c-4ea0-4e63-932d-ea58f034cd90,A3_freefloating,48.8651420668448,2.36190449383045,aucune_infrastructure,"[""rien_visible""]",,coherente,integree_reseau,problematique,4,,73.7,2026-05-28T12:06:01.357186+00:00,0,0,1,0,0,0,1
19,75587f14-e62,gael,Optymo_Belfort_ALS,50a9a79c-79bc-4ca1-9c69-ed4f45411b1f,A7_null_capacity,47.631719,6.861281,aucune_infrastructure,"[""rien_visible""]",,coherente,integree_reseau,problematique,4,,170.1,2026-05-28T12:08:53.276482+00:00,1,0,0,0,0,0,1
20,75587f14-e62,gael,voi_Marseille,b089d4cc-636c-49fc-8404-c6e1a0c74c60,A4_agree_flag,43.231801,5.35072,aucune_infrastructure,"[""rien_visible""]",,impossible,isolee_suspecte,problematique,3,,189.5,2026-05-28T12:12:04.455859+00:00,0,0,1,0,0,0,0
21,75587f14-e62,gael,bird-vichy,b2fdce32-67ab-420f-9128-aefcd7d37145,A4_agree_flag,46.1148068,3.4360078,aucune_infrastructure,"[""rien_visible""]",,coherente,isolee_legitime,problematique,3,,126.6,2026-05-28T12:14:12.903557+00:00,0,0,1,0,0,0,1
22,75587f14-e62,gael,calais-velos,69,A4_agree_flag,50.8946704631148,1.96524338641251,station_vls,"[""bornes_docks""]",,coherente,isolee_legitime,legitime,4,,95.5,2026-05-28T12:15:50.130163+00:00,0,0,0,1,0,0,0
23,75587f14-e62,gael,Paris,54000547,clean_docked,48.8517513744589,2.33816169513405,station_vls,"[""bornes_docks""]",,coherente,integree_reseau,legitime,5,,136.8,2026-05-28T12:18:08.710948+00:00,0,0,0,0,0,0,0
24,75587f14-e62,gael,v_lille,242,clean_docked,50.716907,3.167436,station_vls,"[""bornes_docks""]",,coherente,integree_reseau,legitime,4,,291.5,2026-05-28T12:23:01.923773+00:00,0,0,0,0,0,0,0
25,75587f14-e62,gael,velozef,cirqc2kg3q5td18hr1gg,A2_placeholder,48.40779,-4.39688,station_vls,"[""bornes_docks""]",,coherente,integree_reseau,legitime,4,,205.5,2026-05-28T12:26:29.170166+00:00,0,1,0,0,0,0,0
26,75587f14-e62,gael,dott-gpseo,4911de22-e5c6-41a2-9d5b-12eb95673abc,A4_discordant_legacy,48.9696957,1.7172886,aucune_infrastructure,"[""rien_visible""]",,coherente,integree_reseau,problematique,4,,89.6,2026-05-28T12:28:00.547456+00:00,0,0,1,0,0,0,1
27,75587f14-e62,gael,citiz_alpes_loire,997,A1_carsharing,46.0681915283203,6.3036208152771,station_vls,"[""velos_visibles"", ""arceaux""]",,impossible,integree_reseau,problematique,3,"mauvaise ville : La Roche-sur-Foron
fournisseur : proxy-velo",613.8,2026-05-28T12:38:16.118133+00:00,1,0,0,0,0,0,0
28,75587f14-e62,gael,lyon,1023,A5_out_of_perimeter,45.772229,4.819389,aucune_infrastructure,"[""rien_visible""]",,impossible,integree_reseau,problematique,3,,346.6,2026-05-28T12:44:04.451992+00:00,0,0,0,0,1,0,0
29,75587f14-e62,gael,velozef,st_d52j60ko7dgs73ca65e0,A2_placeholder,48.42827,-4.51467,aucune_infrastructure,"[""arceaux""]",,impossible,isolee_legitime,problematique,3,,390.6,2026-05-28T12:50:36.809053+00:00,0,1,0,1,0,0,0
30,75587f14-e62,gael,Optymo_Belfort_ALS,e1c8594a-f54e-4ee6-a57e-c4111fed20d4,A7_null_capacity,47.636788,6.841376,aucune_infrastructure,"[""rien_visible""]",,coherente,integree_reseau,problematique,4,,121.6,2026-05-28T12:52:40.180197+00:00,1,0,0,0,0,0,1
31,75587f14-e62,gael,bird-bordeaux,3cf0dec5-f15c-4573-b115-2b4dcb83d4af,A3_freefloating,44.8519063130223,-0.578624937884041,aucune_infrastructure,"[""arceaux""]",,coherente,integree_reseau,problematique,3,,135.7,2026-05-28T12:54:57.624431+00:00,0,0,1,0,0,0,1
32,75587f14-e62,gael,bird-laval,e44e0581-7841-4a4a-b262-a2f9841b86a2,A3_freefloating,48.0664290032318,-0.771324759146184,aucune_infrastructure,"[""rien_visible""]",,coherente,integree_reseau,problematique,4,,135.2,2026-05-28T12:57:14.668741+00:00,0,0,1,0,0,0,1
33,75587f14-e62,gael,citiz_alpes_loire,1815,A1_carsharing,45.5675,5.93258,aucune_infrastructure,"[""rien_visible""]",,impossible,integree_reseau,problematique,3,ville : Chambéry,173.5,2026-05-28T13:00:09.862133+00:00,1,0,0,0,0,0,0
34,75587f14-e62,gael,citiz_grand_est,192,A5_out_of_perimeter,48.5775680541992,7.73174095153809,aucune_infrastructure,"[""rien_visible""]",,impossible,integree_reseau,problematique,3,,92.6,2026-05-28T13:01:44.146441+00:00,1,0,0,0,1,0,0
35,75587f14-e62,gael,velopop,cpbfgh40a5bcngo02sc0,A4_discordant_composite,43.96318,4.80006,station_vls,"[""bornes_docks""]",,coherente,integree_reseau,legitime,4,,64.9,2026-05-28T13:02:50.772269+00:00,0,0,0,0,0,0,0
36,75587f14-e62,gael,citiz_grand_est,167,A4_discordant_legacy,48.6834335327149,6.17393016815186,aucune_infrastructure,"[""arceaux""]",,impossible,integree_reseau,problematique,3,ville : Nancy,121.4,2026-05-28T13:04:54.026880+00:00,1,0,0,0,1,0,0
37,75587f14-e62,gael,Optymo_Belfort_ALS,347e2191-4d05-447d-bb65-cb3ba7027a03,A7_null_capacity,47.643042,6.835272,aucune_infrastructure,"[""rien_visible""]",,coherente,isolee_legitime,problematique,3,,59.1,2026-05-28T13:05:54.901733+00:00,1,0,0,0,0,0,1
38,75587f14-e62,gael,dott-paris,9a4c8e01-894f-4845-b612-7a76600ec66c,A4_discordant_legacy,48.84153551637,2.25620728525345,aucune_infrastructure,"[""arceaux""]",,impossible,integree_reseau,problematique,3,,151.3,2026-05-28T13:08:27.989626+00:00,0,0,1,0,0,0,1
39,75587f14-e62,gael,Optymo_Belfort_ALS,27f09500-a988-4875-9ef0-72aa73877e7a,A7_null_capacity,47.640286,6.863534,aucune_infrastructure,"[""rien_visible""]",,coherente,integree_reseau,problematique,4,,83,2026-05-28T13:09:52.789381+00:00,1,0,0,0,0,0,1
40,5df6c531-829,gael,dott-paris,3fdee56e-7bb8-4b76-98b1-e5b6bed5d174,A4_discordant_legacy,48.8905337430716,2.29833524774014,aucune_infrastructure,"[""velos_visibles""]",oct. 2025,coherente,integree_reseau,problematique,3,,273.3,2026-05-28T15:14:00.756106+00:00,0,0,1,0,0,0,1
41,5df6c531-829,gael,citiz_grand_est,245,A1_carsharing,47.7438163757324,7.3970799446106,aucune_infrastructure,"[""rien_visible""]",,impossible,isolee_legitime,problematique,3,Ville : Rixheim,111.3,2026-05-28T15:15:53.886976+00:00,1,0,0,0,1,0,0
42,5df6c531-829,gael,toulouse,74,clean_docked,43.596667,1.436229,station_vls,"[""bornes_docks""]",,coherente,integree_reseau,legitime,4,,59,2026-05-28T15:16:54.735518+00:00,0,0,0,0,0,0,0
43,5df6c531-829,gael,Optymo_Belfort_ALS,2ef6cd3d-3b63-45e3-a001-234c84dce8d5,A4_agree_flag,47.664381,6.846609,aucune_infrastructure,"[""rien_visible""]",,coherente,integree_reseau,problematique,3,,79.5,2026-05-28T15:18:15.971094+00:00,1,0,0,0,0,0,1
44,5df6c531-829,gael,vilvolt_epinal,cle719kcjsjn0coovpag,A4_agree_flag,48.04414,6.40148,aucune_infrastructure,"[""rien_visible""]",,impossible,isolee_legitime,problematique,3,,128.2,2026-05-28T15:20:25.994335+00:00,0,0,0,1,0,0,0
45,5df6c531-829,gael,citiz_angers,278,A4_discordant_composite,47.4771499633789,-0.551564991474152,aucune_infrastructure,"[""rien_visible""]",,impossible,integree_reseau,problematique,3,,76.3,2026-05-28T15:21:44.089215+00:00,1,0,0,0,0,0,0
46,5df6c531-829,gael,beb,stn_Lm3VNhCDCCWGie5594UZKD,clean_docked,46.20249,5.191376,aucune_infrastructure,"[""rien_visible""]",mai 2019,impossible,isolee_legitime,problematique,3,,251,2026-05-28T15:25:56.833297+00:00,0,0,0,0,0,0,0
47,5df6c531-829,gael,pony_paris,paris_parking_MORILLONS_zidJYRK7VY5,A3_freefloating,48.83193,2.30425,aucune_infrastructure,"[""velos_visibles""]",,impossible,integree_reseau,problematique,3,,226,2026-05-28T15:29:44.618495+00:00,0,0,1,0,0,0,0
48,5df6c531-829,gael,voi_Grenoble,d559ce99-3485-4868-84ea-60f635657a4f,A4_discordant_legacy,45.224372,5.819455,aucune_infrastructure,"[""rien_visible""]",déc. 2010,impossible,isolee_suspecte,problematique,3,,217.5,2026-05-28T15:33:23.926411+00:00,0,0,1,0,0,0,0
49,77480eab-88f,gael,citiz_grand_est,76,A1_carsharing,48.5790634155273,7.7109169960022,aucune_infrastructure,"[""rien_visible""]",,impossible,integree_reseau,problematique,3,,70.6,2026-05-29T11:34:15.934565+00:00,1,0,0,0,1,0,0
50,77480eab-88f,gael,Optymo_Belfort_ALS,1311c18c-b9a2-4e42-b0b6-cfcd5de36065,A7_null_capacity,47.633394,6.850273,aucune_infrastructure,"[""rien_visible""]",,coherente,integree_reseau,problematique,3,,57.4,2026-05-29T11:35:15.082103+00:00,1,0,0,0,0,0,1
51,77480eab-88f,gael,velozef,cirqblkg3q5td18hqm7g,A2_placeholder,48.38409,-4.49962,station_vls,"[""bornes_docks"", ""arceaux""]",,coherente,integree_reseau,legitime,4,,56,2026-05-29T11:36:12.858206+00:00,0,1,0,0,0,0,0
52,77480eab-88f,gael,Optymo_Belfort_ALS,c2430a85-0f13-43e5-a584-27954115c7a3,A7_null_capacity,47.633895,6.860573,aucune_infrastructure,"[""rien_visible""]",avr. 2022,coherente,integree_reseau,problematique,4,,50.2,2026-05-29T11:37:04.768487+00:00,1,0,0,0,0,0,1
53,a6df303c-50f,gael,citiz_metropole_lyon,361,A1_carsharing,45.7462272644043,4.83664512634277,aucune_infrastructure,"[""rien_visible""]",mai 2024,impossible,integree_reseau,problematique,3,,83.5,2026-05-31T10:17:29.684269+00:00,1,0,0,0,0,0,0
54,77480eab-88f,gael,nantes,35,clean_docked,47.212369,-1.564973,station_vls,"[""bornes_docks""]",,coherente,integree_reseau,legitime,4,,94,2026-05-29T11:39:28.396780+00:00,0,0,0,0,0,0,0
55,77480eab-88f,gael,velozef,cirqbq4g3q5td18hqph0,A2_placeholder,48.39475,-4.46298,station_vls,"[""bornes_docks""]",,coherente,integree_reseau,legitime,4,,77,2026-05-29T11:40:47.092934+00:00,0,1,0,0,0,0,0
56,77480eab-88f,gael,velozef,cirqbmkg3q5td18hqn8g,A2_placeholder,48.38296,-4.51715,station_vls,"[""bornes_docks""]",,coherente,integree_reseau,legitime,4,,75.5,2026-05-29T11:42:04.299024+00:00,0,1,0,0,0,0,0
57,77480eab-88f,gael,Paris,19697937136,clean_docked,48.885368380902,2.2595618686871,aucune_infrastructure,"[""rien_visible""]",oct. 2025,impossible,integree_reseau,problematique,4,,179.7,2026-05-29T11:45:05.755311+00:00,0,0,0,0,0,0,0
58,77480eab-88f,gael,velozef,cirqbqcg3q5td18hqplg,A2_placeholder,48.39814,-4.45378,station_vls,"[""bornes_docks""]",,coherente,integree_reseau,legitime,4,,70.7,2026-05-29T11:46:18.250776+00:00,0,1,0,0,0,0,0
59,77480eab-88f,gael,velozef,cirqc2cg3q5td18hr120,A2_placeholder,48.39731,-4.42296,station_vls,"[""bornes_docks""]",,coherente,isolee_legitime,legitime,4,,55.7,2026-05-29T11:47:15.663436+00:00,0,1,0,0,0,0,0
60,77480eab-88f,gael,grand-est,st_d34n08mmbtds73f5vdcg,A5_out_of_perimeter,48.74439,7.36161,aucune_infrastructure,"[""velos_visibles"", ""arceaux""]",mars 2023,coherente,integree_reseau,problematique,4,,217.4,2026-05-29T11:50:54.861409+00:00,0,0,0,0,1,0,0
61,77480eab-88f,gael,lyon,5005,A5_out_of_perimeter,45.766278,4.827425,station_vls,"[""bornes_docks""]",,coherente,integree_reseau,legitime,4,,44.5,2026-05-29T11:51:41.133574+00:00,0,0,0,0,1,0,0
62,77480eab-88f,gael,citiz_grand_est,229,A4_discordant_legacy,49.2164344787598,3.99494600296021,aucune_infrastructure,"[""rien_visible""]",,impossible,isolee_legitime,problematique,3,"ville : Bezannes, Grand Est",88.2,2026-05-29T11:53:11.086948+00:00,1,0,0,0,1,0,0
63,77480eab-88f,gael,calais,stn_8WQURqherzFNRsNbRKGR5c,clean_docked,50.93609,1.80001,aucune_infrastructure,"[""rien_visible""]",juin 2025,impossible,isolee_legitime,problematique,3,,219.9,2026-05-29T11:56:52.796493+00:00,0,0,0,0,0,0,0
64,77480eab-88f,gael,citiz_alpes_loire,836,A1_carsharing,45.2026176452637,5.70432901382446,indetermine,"[""rien_visible""]",,impossible,integree_reseau,problematique,3,zone floutée sur Maps CEA,362.5,2026-05-29T12:02:57.003530+00:00,1,0,0,0,0,0,0
65,77480eab-88f,gael,Optymo_Belfort_ALS,ee4a47cc-c0da-4102-8545-5b9a70982a17,A7_null_capacity,47.656803,6.864068,aucune_infrastructure,"[""rien_visible""]",juin 2025,coherente,isolee_legitime,problematique,3,,52.3,2026-05-29T12:03:51.028859+00:00,1,0,0,0,0,0,1
66,77480eab-88f,gael,tempovelo,stn_bBWcSvQCV6dQJkb3uw2dRV,A4_discordant_composite,44.204751,0.617414,station_vls,"[""bornes_docks"", ""velos_visibles""]",,coherente,integree_reseau,legitime,4,,64.5,2026-05-29T12:04:57.255567+00:00,0,0,0,0,0,0,0
67,77480eab-88f,gael,citiz_metropole_lyon,1183,A1_carsharing,45.7399864196777,4.85940170288086,station_vls,"[""bornes_docks"", ""velos_visibles""]",mai 2024,impossible,integree_reseau,problematique,3,"VeloV, 20 docks",355.2,2026-05-29T12:10:54.149864+00:00,1,0,0,0,0,0,0
68,77480eab-88f,gael,dott-paris,30a88f62-484f-4705-af2b-159704ee66e8,A3_freefloating,48.8747128324912,2.38496135738543,aucune_infrastructure,"[""rien_visible""]",,coherente,integree_reseau,problematique,3,,216.1,2026-05-29T12:14:32.030435+00:00,0,0,1,0,0,0,1
69,77480eab-88f,gael,pony_Herouville,Herouville_parking_64,A4_discordant_composite,49.21213,-0.3305,aucune_infrastructure,"[""rien_visible""]",,coherente,integree_reseau,problematique,3,,68.5,2026-05-29T12:15:42.397569+00:00,0,0,1,0,0,0,1
70,30d286db-095,gael,v_lille,216,A4_discordant_legacy,50.681779,3.194129,station_vls,"[""bornes_docks""]",,coherente,integree_reseau,legitime,4,,43.4,2026-05-29T12:19:49.482868+00:00,0,0,0,0,0,0,0
71,30d286db-095,gael,pony_paris,paris_parking_VAN_LOO_zidQKALDJ1X,A4_discordant_legacy,48.84081,2.26814,aucune_infrastructure,"[""arceaux""]",,impossible,integree_reseau,problematique,4,,78.8,2026-05-29T12:21:10.055745+00:00,0,0,1,0,0,0,0
72,30d286db-095,gael,nantes,9,clean_docked,47.215815,-1.559017,station_vls,"[""bornes_docks""]",,coherente,integree_reseau,legitime,3,,64.9,2026-05-29T12:22:16.818985+00:00,0,0,0,0,0,0,0
73,30d286db-095,gael,le_velo_star,5506,clean_docked,48.117596,-1.677849,station_vls,"[""bornes_docks""]",,coherente,integree_reseau,legitime,4,,31.3,2026-05-29T12:22:49.966805+00:00,0,0,0,0,0,0,0
74,30d286db-095,gael,dott-paris,6dce9cad-eb99-4a48-8ee8-5507af562970,A3_freefloating,48.8704638893522,2.38849037353045,aucune_infrastructure,"[""arceaux""]",,coherente,integree_reseau,problematique,4,,42.2,2026-05-29T12:23:33.971998+00:00,0,0,1,0,0,0,1
75,30d286db-095,gael,bird-bordeaux,8cc232dc-1834-4656-a123-65c004eca215,A3_freefloating,44.8231597,-0.5545976,aucune_infrastructure,"[""arceaux""]",,coherente,integree_reseau,problematique,4,,113.8,2026-05-29T12:25:29.576099+00:00,0,0,1,0,0,0,1
76,30d286db-095,gael,idecycle_pau,st_d3d5976mbtds73dja9ug,A4_discordant_composite,43.30664,-0.32711,station_vls,"[""bornes_docks""]",,coherente,isolee_legitime,legitime,4,,55.7,2026-05-29T12:26:27.055531+00:00,0,0,0,0,0,0,0
77,30d286db-095,gael,velozef,cirqbskg3q5td18hqqmg,A2_placeholder,48.3797,-4.53644,station_vls,"[""bornes_docks""]",,coherente,integree_reseau,legitime,4,,54.8,2026-05-29T12:27:23.691486+00:00,0,1,0,0,0,0,0
78,30d286db-095,gael,citiz_grand_est,1107,A5_out_of_perimeter,48.4991798400879,7.48220920562744,aucune_infrastructure,"[""rien_visible""]",sept. 2022,impossible,isolee_suspecte,problematique,4,ville : Rosheim,86,2026-05-29T12:28:51.510899+00:00,1,0,0,1,1,0,0
79,30d286db-095,gael,pony_Evry,evry_parking_Rue_Emile_Biort_zid08F8ZAU4,A4_agree_flag,48.61904,2.40141,aucune_infrastructure,"[""rien_visible""]",,coherente,integree_reseau,problematique,4,,94.9,2026-05-29T12:30:28.239978+00:00,0,0,1,0,0,0,1
80,30d286db-095,gael,dott-bordeaux,dc5b5e94-8efd-41d3-838d-2d22ec7a7b38,A4_discordant_legacy,44.8790956,-0.5460767,aucune_infrastructure,"[""rien_visible""]",,coherente,integree_reseau,problematique,4,,100.5,2026-05-29T12:32:10.533646+00:00,0,0,1,0,0,0,1
81,30d286db-095,gael,bird-bordeaux,83118b56-e35c-427e-8a02-9511d3489a38,A3_freefloating,44.832459,-0.5879009,aucune_infrastructure,"[""arceaux""]",,coherente,integree_reseau,problematique,4,,64.2,2026-05-29T12:33:16.588573+00:00,0,0,1,0,0,0,1
82,30d286db-095,gael,pony_Herouville,Herouville_21_Boulevard_Charles_Poullain,A3_freefloating,49.2858918,-0.256332,aucune_infrastructure,"[""rien_visible""]",oct. 2022,coherente,isolee_legitime,problematique,3,ville : Ouistreham,58.3,2026-05-29T12:34:16.737256+00:00,0,0,1,0,0,0,1
83,30d286db-095,gael,bird-bordeaux,b61f5538-5d9a-455f-ac8e-0a0fd851d47f,A3_freefloating,44.841141,-0.548168,aucune_infrastructure,"[""arceaux""]",,coherente,integree_reseau,problematique,4,,31.9,2026-05-29T12:34:50.399433+00:00,0,0,1,0,0,0,1
84,30d286db-095,gael,dott-bordeaux,64d525d1-fa6d-4049-8293-08c3a5d8a71c,A3_freefloating,44.828522,-0.560505,aucune_infrastructure,"[""arceaux""]",,coherente,integree_reseau,problematique,4,,40.7,2026-05-29T12:35:32.942516+00:00,0,0,1,0,0,0,1
85,30d286db-095,gael,velocite,stn_3kUZMHxF4oaWxjzoWCHwGi,A4_discordant_composite,49.549591,3.61703,indetermine,"[""totem_signaletique""]",juil. 2024,impossible,integree_reseau,problematique,4,,186.6,2026-05-29T12:38:41.363155+00:00,0,0,0,0,0,0,0
86,30d286db-095,gael,levelo_inurba_marseille,chh1huq6cuj3fo74tm60,clean_docked,43.297807,5.393533,aucune_infrastructure,"[""rien_visible""]",janv. 2022,impossible,integree_reseau,problematique,3,,221.7,2026-05-29T12:42:24.843827+00:00,0,0,0,0,0,0,0
87,30d286db-095,gael,pony_Herouville,Herouville_parking_143,A4_discordant_composite,49.211943,-0.330728,aucune_infrastructure,"[""rien_visible""]",août 2022,coherente,isolee_legitime,problematique,3,,66.8,2026-05-29T12:43:33.423765+00:00,0,0,1,0,0,0,1
88,30d286db-095,gael,bird-draguignan,46780d9d-6d8a-40e9-8d8b-05d3f60017cc,A4_agree_flag,43.5202256,6.4818737,aucune_infrastructure,"[""rien_visible""]",sept. 2025,coherente,integree_reseau,problematique,3,,64.7,2026-05-29T12:44:40.010276+00:00,0,0,1,0,0,0,1
89,30d286db-095,gael,inurba-rouen,5011,A4_agree_flag,49.3962698840013,1.12590013632186,aucune_infrastructure,"[""arceaux"", ""velos_visibles""]",mars 2026,impossible,isolee_legitime,problematique,4,,155.1,2026-05-29T12:47:16.943570+00:00,0,0,0,0,0,0,0
90,30d286db-095,gael,auxrmlevelo,ch8cipdlc8te4d3h84vg,A4_discordant_composite,47.77721,3.65021,station_vls,"[""bornes_docks""]",,impossible,isolee_suspecte,problematique,3,,70.1,2026-05-29T12:48:28.833687+00:00,0,0,0,0,0,0,0
91,30d286db-095,gael,Optymo_Belfort_ALS,e204330b-088e-4e06-8652-ccc03363dc0b,A7_null_capacity,47.657258,6.842852,aucune_infrastructure,"[""rien_visible""]",avr. 2022,coherente,isolee_legitime,problematique,3,,70.2,2026-05-29T12:49:40.869622+00:00,1,0,0,0,0,0,1
92,30d286db-095,gael,tempovelo,stn_ktr222ez4etYF5D4unKbL2,A4_discordant_composite,44.204821,0.609568,aucune_infrastructure,"[""rien_visible""]",oct. 2019,impossible,integree_reseau,problematique,3,,56.1,2026-05-29T12:50:38.823213+00:00,0,0,0,0,0,0,0
93,30d286db-095,gael,citiz_rennes_metropole,1683,A1_carsharing,48.093845,-1.69075,aucune_infrastructure,"[""rien_visible""]",févr. 2025,impossible,integree_reseau,problematique,3,,202.8,2026-05-29T12:54:03.385780+00:00,1,0,0,0,0,0,0
94,30d286db-095,gael,dijon,22,A4_discordant_composite,47.324,5.048,aucune_infrastructure,"[""rien_visible""]",mars 2026,impossible,integree_reseau,problematique,3,,65.1,2026-05-29T12:55:10.326997+00:00,0,0,0,0,0,0,0
95,30d286db-095,gael,levelo_inurba_marseille,st_d3jp68qikq2c7381ktn0,clean_docked,43.29788,5.44046,aucune_infrastructure,"[""rien_visible""]",oct. 2024,impossible,isolee_legitime,problematique,3,,122.7,2026-05-29T12:57:14.793444+00:00,0,0,0,0,0,0,0
96,30d286db-095,gael,auray-quiberon,cqocpipmrgc3lc0gde6g,A4_discordant_composite,47.67239,-2.9971,station_vls,"[""bornes_docks"", ""totem_signaletique""]",,coherente,integree_reseau,legitime,3,,79,2026-05-29T12:58:35.554133+00:00,0,0,0,0,0,0,0
97,30d286db-095,gael,toulouse,385,clean_docked,43.587323,1.39462,aucune_infrastructure,"[""rien_visible""]",sept. 2023,impossible,integree_reseau,problematique,3,,56.3,2026-05-29T12:59:33.733933+00:00,0,0,0,0,0,0,0
98,30d286db-095,gael,tanlib,stn_d7hQ9mvcr5MQEiCHfjijbV,clean_docked,46.32398,-0.46426,station_vls,"[""bornes_docks"", ""velos_visibles""]",,coherente,integree_reseau,legitime,4,,37,2026-05-29T13:00:12.530363+00:00,0,0,0,0,0,0,0
99,65c2c01d-3ce,gael,Optymo_Belfort_ALS,f4c34bb4-5e55-41e6-9378-1102fa7d329c,A7_null_capacity,47.645514,6.862668,autopartage,"[""totem_signaletique""]",,coherente,integree_reseau,problematique,3,,369.6,2026-06-04T06:42:52.886238+00:00,1,0,0,0,0,0,1
100,30d286db-095,gael,bird-millau,f5029000-e899-4c5d-83cb-3827a6ba8232,A4_discordant_composite,44.114561,3.083178,aucune_infrastructure,"[""rien_visible""]",mai 2025,coherente,integree_reseau,problematique,3,,47.9,2026-05-29T13:01:41.545340+00:00,0,0,1,0,0,0,1
101,30d286db-095,gael,citiz_rennes_metropole,1821,A1_carsharing,48.0936992,-1.672566,aucune_infrastructure,"[""rien_visible""]",févr. 2025,impossible,integree_reseau,problematique,3,,45.9,2026-05-29T13:02:29.208124+00:00,1,0,0,0,0,0,0
102,30d286db-095,gael,Optymo_Belfort_ALS,b9ade083-519b-4915-b964-59cd759d1e11,A7_null_capacity,47.652611,6.864274,station_vls,"[""bornes_docks""]",avr. 2022,impossible,integree_reseau,problematique,3,,72.4,2026-05-29T13:03:43.453401+00:00,1,0,0,0,0,0,1
103,30d286db-095,gael,dott-gpseo,eeae1fc7-0c46-420c-8ad0-abea98460230,A3_freefloating,48.92939235,2.042706865,trottinettes,"[""rien_visible""]",mars 2026,coherente,integree_reseau,problematique,3,,54.6,2026-05-29T13:04:39.931787+00:00,0,0,1,0,0,0,1
104,30d286db-095,gael,dott-paris,84e17d1f-dd1b-42ae-a318-7747a17d97b0,A4_discordant_legacy,48.8416316308884,2.26557069984562,aucune_infrastructure,"[""rien_visible""]",,coherente,integree_reseau,problematique,3,,52.9,2026-05-29T13:05:34.681290+00:00,0,0,1,0,0,0,1
105,e0f106ba-c40,rohan,velopop,cpbfghsqessegmi81dgg,clean_docked,43.9391,4.82137,station_vls,"[""bornes_docks""]",,coherente,integree_reseau,legitime,3,,23.9,2026-05-29T19:39:58.848064+00:00,0,0,0,0,0,0,0
106,e0f106ba-c40,rohan,velocite,stn_3kUZMHxF4oaWxjzoWCHwGi,A4_discordant_composite,49.549591,3.61703,station_vls,"[""bornes_docks""]",,coherente,isolee_legitime,legitime,3,,17.7,2026-05-29T19:40:27.342221+00:00,0,0,0,0,0,0,0
107,e0f106ba-c40,rohan,velozef,cirqbhsg3q5td18hqi80,A2_placeholder,48.39009,-4.48533,aucune_infrastructure,"[""arceaux""]",,placeholder,integree_reseau,problematique,3,,97.5,2026-05-29T19:41:38.167665+00:00,0,1,0,0,0,0,0
108,e0f106ba-c40,rohan,dott-paris,5130186d-aa31-4863-a470-1f4e0094b54c,A4_discordant_legacy,48.8428544438465,2.25462209273682,trottinettes,"[""rien_visible""]",,coherente,integree_reseau,problematique,3,,37.1,2026-05-29T19:42:17.130730+00:00,0,0,1,0,0,0,1
109,e0f106ba-c40,rohan,citiz_grand_est,259,A5_out_of_perimeter,47.7507209777832,7.34101295471191,autopartage,"[""rien_visible""]",,coherente,integree_reseau,problematique,3,,41.2,2026-05-29T19:43:00.118789+00:00,1,0,0,0,1,0,0
110,e0f106ba-c40,rohan,pony_Angers,BikeRack Juret 2,A4_discordant_legacy,47.4258329853833,-0.525122087620493,autopartage,"[""rien_visible""]",,champ_vide,integree_reseau,problematique,3,,61.1,2026-05-29T19:44:02.987691+00:00,0,0,1,0,0,0,1
111,e0f106ba-c40,rohan,dott-bordeaux,84258fa5-9d0a-4ba8-8543-758910b75550,A4_discordant_legacy,44.84397,-0.6201119,aucune_infrastructure,"[""rien_visible""]",,champ_vide,integree_reseau,problematique,5,,321.5,2026-05-29T19:49:26.353850+00:00,0,0,1,0,0,0,1
112,e0f106ba-c40,rohan,velozef,st_d52j6o2ebjgc73d7avv0,A2_placeholder,48.41882,-4.44434,station_vls,"[""velos_visibles""]",,placeholder,isolee_legitime,problematique,5,freefloating,66.9,2026-05-29T19:50:53.410461+00:00,0,1,0,0,0,0,0
113,e0f106ba-c40,rohan,bird-bordeaux,4309a848-3986-4555-9d18-57e94d5c0b2f,A3_freefloating,44.857628,-0.5644819,aucune_infrastructure,"[""rien_visible""]",,champ_vide,integree_reseau,problematique,5,,164.4,2026-05-29T19:52:12.569276+00:00,0,0,1,0,0,0,1
114,e0f106ba-c40,rohan,pony_Angers,angers_parking_Proposition___Arceau_Vallon_zid4H4LQCD5,A4_discordant_legacy,47.52689,-0.52295,aucune_infrastructure,"[""arceaux""]",,champ_vide,isolee_legitime,problematique,5,,82.7,2026-05-29T19:53:37.070255+00:00,0,0,1,0,0,0,1
115,e0f106ba-c40,rohan,le_velo_star,5535,A4_discordant_composite,48.11026,-1.664454,station_vls,"[""bornes_docks""]",,coherente,integree_reseau,legitime,5,,199.6,2026-05-29T19:56:58.422063+00:00,0,0,0,0,0,0,0
116,71ddfb69-63c,rohan,Optymo_Belfort_ALS,d28bca5c-9f12-48fc-9f82-66a7d9f3fb6c,A7_null_capacity,47.631319,6.855195,autopartage,"[""rien_visible""]",,champ_vide,integree_reseau,problematique,3,,58.7,2026-05-31T06:39:46.956001+00:00,1,0,0,0,0,0,1
117,71ddfb69-63c,rohan,dott-paris,5f98af5c-4ea0-4e63-932d-ea58f034cd90,A3_freefloating,48.8651420668448,2.36190449383045,station_vls,"[""velos_visibles""]",Juin 2022,champ_vide,integree_reseau,problematique,5,,74,2026-05-31T06:41:02.756486+00:00,0,0,1,0,0,0,1
118,71ddfb69-63c,rohan,Optymo_Belfort_ALS,50a9a79c-79bc-4ca1-9c69-ed4f45411b1f,A7_null_capacity,47.631719,6.861281,autopartage,"[""rien_visible""]",,champ_vide,integree_reseau,problematique,3,,84.5,2026-05-31T06:42:29.027885+00:00,1,0,0,0,0,0,1
119,71ddfb69-63c,rohan,voi_Marseille,b089d4cc-636c-49fc-8404-c6e1a0c74c60,A4_agree_flag,43.231801,5.35072,aucune_infrastructure,"[""rien_visible""]",,impossible,isolee_legitime,problematique,2,,45.8,2026-05-31T06:43:16.609121+00:00,0,0,1,0,0,0,0
120,71ddfb69-63c,rohan,bird-vichy,b2fdce32-67ab-420f-9128-aefcd7d37145,A4_agree_flag,46.1148068,3.4360078,aucune_infrastructure,"[""rien_visible""]",Avril 2026,champ_vide,isolee_suspecte,problematique,3,,83.7,2026-05-31T06:44:42.089790+00:00,0,0,1,0,0,0,1
121,71ddfb69-63c,rohan,calais-velos,69,A4_agree_flag,50.8946704631148,1.96524338641251,station_vls,"[""bornes_docks""]",aout 2025,coherente,isolee_legitime,legitime,5,,49.3,2026-05-31T06:45:33.169626+00:00,0,0,0,1,0,0,0
122,71ddfb69-63c,rohan,Paris,54000547,clean_docked,48.8517513744589,2.33816169513405,station_vls,"[""bornes_docks""]",Mars 2015,coherente,integree_reseau,legitime,5,,115.9,2026-05-31T06:47:30.803565+00:00,0,0,0,0,0,0,0
123,71ddfb69-63c,rohan,v_lille,242,clean_docked,50.716907,3.167436,station_vls,"[""bornes_docks"", ""velos_visibles""]",Octobre 2018,coherente,integree_reseau,legitime,5,,70.7,2026-05-31T06:48:43.232160+00:00,0,0,0,0,0,0,0
124,71ddfb69-63c,rohan,velozef,cirqc2kg3q5td18hr1gg,A2_placeholder,48.40779,-4.39688,station_vls,"[""bornes_docks""]",Septembre 2025,placeholder,isolee_legitime,problematique,3,5 vélo en réel sur streetView,92.2,2026-05-31T06:50:17.151243+00:00,0,1,0,0,0,0,0
125,71ddfb69-63c,rohan,dott-gpseo,4911de22-e5c6-41a2-9d5b-12eb95673abc,A4_discordant_legacy,48.9696957,1.7172886,aucune_infrastructure,"[""rien_visible""]",Février 2026,champ_vide,coordonnees_erronees,problematique,2,,136.4,2026-05-31T06:52:35.332981+00:00,0,0,1,0,0,0,1
126,71ddfb69-63c,rohan,citiz_alpes_loire,997,A1_carsharing,46.0681915283203,6.3036208152771,autopartage,"[""rien_visible""]",aout 2025,coherente,integree_reseau,problematique,5,voitures Cityz,49.5,2026-05-31T06:53:26.619460+00:00,1,0,0,0,0,0,0
127,71ddfb69-63c,rohan,lyon,1023,A5_out_of_perimeter,45.772229,4.819389,trottinettes,"[""arceaux""]",,placeholder,integree_reseau,problematique,3,trotinettes,59,2026-05-31T06:54:27.403634+00:00,0,0,0,0,1,0,0
128,71ddfb69-63c,rohan,velozef,st_d52j60ko7dgs73ca65e0,A2_placeholder,48.42827,-4.51467,aucune_infrastructure,"[""rien_visible""]",Octobre 2024,placeholder,isolee_suspecte,problematique,3,,60.4,2026-05-31T06:55:29.482435+00:00,0,1,0,1,0,0,0
129,71ddfb69-63c,rohan,Optymo_Belfort_ALS,e1c8594a-f54e-4ee6-a57e-c4111fed20d4,A7_null_capacity,47.636788,6.841376,autopartage,"[""rien_visible""]",Avril 2022,champ_vide,isolee_legitime,problematique,5,Cityz,48.5,2026-05-31T06:56:19.719224+00:00,1,0,0,0,0,0,1
130,71ddfb69-63c,rohan,bird-bordeaux,3cf0dec5-f15c-4573-b115-2b4dcb83d4af,A3_freefloating,44.8519063130223,-0.578624937884041,aucune_infrastructure,"[""arceaux""]",Juillet 2025,champ_vide,integree_reseau,problematique,5,,64.6,2026-05-31T06:57:26.015004+00:00,0,0,1,0,0,0,1
131,71ddfb69-63c,rohan,bird-laval,e44e0581-7841-4a4a-b262-a2f9841b86a2,A3_freefloating,48.0664290032318,-0.771324759146184,indetermine,"[""rien_visible""]",Février 2026,champ_vide,integree_reseau,problematique,3,Parking,76.2,2026-05-31T06:58:43.973274+00:00,0,0,1,0,0,0,1
132,71ddfb69-63c,rohan,citiz_alpes_loire,1815,A1_carsharing,45.5675,5.93258,autopartage,"[""rien_visible""]",Aout 2020,coherente,integree_reseau,problematique,3,,70.2,2026-05-31T06:59:55.859324+00:00,1,0,0,0,0,0,0
133,71ddfb69-63c,rohan,citiz_grand_est,192,A5_out_of_perimeter,48.5775680541992,7.73174095153809,autopartage,"[""rien_visible""]",Septembre 2024,placeholder,integree_reseau,problematique,3,Carsharing,172,2026-05-31T07:02:49.613438+00:00,1,0,0,0,1,0,0
134,71ddfb69-63c,rohan,velopop,cpbfgh40a5bcngo02sc0,A4_discordant_composite,43.96318,4.80006,station_vls,"[""bornes_docks"", ""totem_signaletique"", ""velos_visibles""]",Avril 2026,coherente,isolee_legitime,legitime,5,,42.1,2026-05-31T07:03:33.472202+00:00,0,0,0,0,0,0,0
135,71ddfb69-63c,rohan,citiz_grand_est,167,A4_discordant_legacy,48.6834335327149,6.17393016815186,autopartage,"[""rien_visible""]",Aout 2018,coherente,isolee_legitime,problematique,3,Carsharing,45.1,2026-05-31T07:04:20.242678+00:00,1,0,0,0,1,0,0
136,71ddfb69-63c,rohan,Optymo_Belfort_ALS,347e2191-4d05-447d-bb65-cb3ba7027a03,A7_null_capacity,47.643042,6.835272,autopartage,"[""rien_visible""]",Avril 2022,champ_vide,isolee_legitime,problematique,5,Carsharing,88,2026-05-31T07:05:49.970312+00:00,1,0,0,0,0,0,1
137,71ddfb69-63c,rohan,dott-paris,9a4c8e01-894f-4845-b612-7a76600ec66c,A4_discordant_legacy,48.84153551637,2.25620728525345,station_vls,"[""arceaux""]",Mars 2026,champ_vide,integree_reseau,problematique,5,freefloating,33.4,2026-05-31T07:06:25.124408+00:00,0,0,1,0,0,0,1
138,71ddfb69-63c,rohan,Optymo_Belfort_ALS,27f09500-a988-4875-9ef0-72aa73877e7a,A7_null_capacity,47.640286,6.863534,autopartage,"[""rien_visible""]",Avril 2022,champ_vide,integree_reseau,problematique,3,,49.5,2026-05-31T07:07:16.378265+00:00,1,0,0,0,0,0,1
139,71ddfb69-63c,rohan,dott-paris,3fdee56e-7bb8-4b76-98b1-e5b6bed5d174,A4_discordant_legacy,48.8905337430716,2.29833524774014,station_vls,"[""rien_visible""]",Octobre 2025,champ_vide,integree_reseau,problematique,3,Freefloating,115.4,2026-05-31T07:09:13.519504+00:00,0,0,1,0,0,0,1
140,71ddfb69-63c,rohan,citiz_grand_est,245,A1_carsharing,47.7438163757324,7.3970799446106,autopartage,"[""rien_visible""]",Avril 20225,coherente,integree_reseau,problematique,3,Carsharing,58.9,2026-05-31T07:10:14.139129+00:00,1,0,0,0,1,0,0
141,71ddfb69-63c,rohan,toulouse,74,clean_docked,43.596667,1.436229,station_vls,"[""bornes_docks"", ""totem_signaletique"", ""arceaux""]",Aout 2025,coherente,integree_reseau,legitime,5,,45.8,2026-05-31T07:11:01.703214+00:00,0,0,0,0,0,0,0
142,71ddfb69-63c,rohan,Optymo_Belfort_ALS,2ef6cd3d-3b63-45e3-a001-234c84dce8d5,A4_agree_flag,47.664381,6.846609,autopartage,"[""rien_visible""]",Juin 2025,champ_vide,integree_reseau,problematique,5,carsharing,52,2026-05-31T07:11:55.438414+00:00,1,0,0,0,0,0,1
143,71ddfb69-63c,rohan,vilvolt_epinal,cle719kcjsjn0coovpag,A4_agree_flag,48.04414,6.40148,aucune_infrastructure,"[""rien_visible""]",Juin 2023,placeholder,isolee_suspecte,indetermine,3,,137.4,2026-05-31T07:14:14.614386+00:00,0,0,0,1,0,0,0
144,71ddfb69-63c,rohan,citiz_angers,278,A4_discordant_composite,47.4771499633789,-0.551564991474152,autopartage,"[""arceaux"", ""totem_signaletique""]",Aout 2024,coherente,integree_reseau,problematique,3,Carsharing,38.3,2026-05-31T07:14:54.687594+00:00,1,0,0,0,0,0,0
145,71ddfb69-63c,rohan,beb,stn_Lm3VNhCDCCWGie5594UZKD,clean_docked,46.20249,5.191376,aucune_infrastructure,"[""rien_visible""]",Mai 2019,impossible,isolee_legitime,indetermine,2,"Impossible à évaluer, image de 2019",220.8,2026-05-31T07:18:37.276471+00:00,0,0,0,0,0,0,0
146,71ddfb69-63c,rohan,pony_paris,paris_parking_MORILLONS_zidJYRK7VY5,A3_freefloating,48.83193,2.30425,aucune_infrastructure,"[""arceaux""]",Octobre 2025,impossible,integree_reseau,problematique,3,Freefloating,98.1,2026-05-31T07:20:17.130146+00:00,0,0,1,0,0,0,0
147,71ddfb69-63c,rohan,voi_Grenoble,d559ce99-3485-4868-84ea-60f635657a4f,A4_discordant_legacy,45.224372,5.819455,aucune_infrastructure,"[""rien_visible""]",Decembre 2010,impossible,isolee_legitime,problematique,3,,187.8,2026-05-31T07:23:26.636048+00:00,0,0,1,0,0,0,0
148,71ddfb69-63c,rohan,citiz_grand_est,76,A1_carsharing,48.5790634155273,7.7109169960022,autopartage,"[""rien_visible""]",AOut 2022,impossible,isolee_legitime,problematique,3,carsharing,147.1,2026-05-31T07:25:55.510194+00:00,1,0,0,0,1,0,0
149,71ddfb69-63c,rohan,Optymo_Belfort_ALS,1311c18c-b9a2-4e42-b0b6-cfcd5de36065,A7_null_capacity,47.633394,6.850273,aucune_infrastructure,"[""rien_visible""]",Septembre 2019,champ_vide,integree_reseau,problematique,3,,37.7,2026-05-31T07:26:35.039585+00:00,1,0,0,0,0,0,1
150,71ddfb69-63c,rohan,velozef,cirqblkg3q5td18hqm7g,A2_placeholder,48.38409,-4.49962,aucune_infrastructure,"[""arceaux"", ""velos_visibles"", ""totem_signaletique""]",Septembre 2025,placeholder,integree_reseau,problematique,3,,101.4,2026-05-31T07:28:18.216761+00:00,0,1,0,0,0,0,0
151,71ddfb69-63c,rohan,Optymo_Belfort_ALS,c2430a85-0f13-43e5-a584-27954115c7a3,A7_null_capacity,47.633895,6.860573,autopartage,"[""rien_visible""]",Avril 2022,champ_vide,integree_reseau,problematique,3,Carsharing,39.7,2026-05-31T07:28:59.670632+00:00,1,0,0,0,0,0,1
153,a6df303c-50f,gael,velozef,st_d52j6o2ebjgc73d7avv0,A2_placeholder,48.41882,-4.44434,station_vls,"[""bornes_docks""]",mai 2024,coherente,integree_reseau,legitime,3,,99.1,2026-05-31T10:19:10.562240+00:00,0,1,0,0,0,0,0
154,a6df303c-50f,gael,pony_paris,paris_parking_SIMPLON_zidYYHAQDZM,A4_discordant_legacy,48.89409,2.34908,aucune_infrastructure,"[""rien_visible""]",mars 2026,impossible,integree_reseau,problematique,3,,47.6,2026-05-31T10:20:00.009248+00:00,0,0,1,0,0,0,0
155,a6df303c-50f,gael,Paris,66491368,clean_docked,48.849686566191,2.3434996604919,station_vls,"[""bornes_docks""]",,coherente,integree_reseau,legitime,4,,54,2026-05-31T10:20:55.831374+00:00,0,0,0,0,0,0,0
156,a6df303c-50f,gael,pony_La_Roche_Sur_Yon,la_roche_sur_yon_parking_La_Noue_zidDUZQ70BQ,A4_discordant_composite,46.6564473,-1.3940677,aucune_infrastructure,"[""rien_visible""]",,coherente,isolee_legitime,problematique,3,,45.3,2026-05-31T10:21:42.967293+00:00,0,0,1,0,0,0,1
157,a6df303c-50f,gael,dott-paris,0dc1d212-9304-452b-b4b8-789829e0bba8,A3_freefloating,48.8426864120121,2.27751675124691,aucune_infrastructure,"[""arceaux""]",,coherente,integree_reseau,problematique,3,,55,2026-05-31T10:22:39.779317+00:00,0,0,1,0,0,0,1
158,a6df303c-50f,gael,Paris,20497547989,A4_agree_flag,48.76529107158,2.3926565092808,aucune_infrastructure,"[""rien_visible""]",oct. 2025,impossible,isolee_legitime,problematique,3,,110.8,2026-05-31T10:24:32.368680+00:00,0,0,0,0,0,0,0
159,a6df303c-50f,gael,citiz_developpement,53,A4_discordant_legacy,48.8572044372559,2.43757796287537,aucune_infrastructure,"[""rien_visible""]",oct. 2024,impossible,integree_reseau,problematique,3,,63.7,2026-05-31T10:25:37.847273+00:00,1,0,0,0,1,0,0
160,a6df303c-50f,gael,montpellier,041,A4_agree_flag,43.639119,3.828199,station_vls,"[""bornes_docks""]",,coherente,integree_reseau,legitime,4,,29.1,2026-05-31T10:26:08.725497+00:00,0,0,0,0,0,0,0
161,a6df303c-50f,gael,montpellier,039,A4_discordant_composite,43.626163,3.882492,station_vls,"[""bornes_docks""]",,coherente,integree_reseau,legitime,4,,29.8,2026-05-31T10:26:40.354707+00:00,0,0,0,0,0,0,0
162,a6df303c-50f,gael,citiz_gironde,609,A4_agree_flag,44.8407096862793,-0.647211015224457,autopartage,"[""rien_visible""]",,impossible,isolee_legitime,problematique,3,Mérignac,59.9,2026-05-31T10:27:42.062181+00:00,1,0,0,1,0,0,0
163,a6df303c-50f,gael,citiz_angers,286,A1_carsharing,47.4602508544922,-0.5381960272789,aucune_infrastructure,"[""rien_visible""]",,impossible,integree_reseau,problematique,3,,52.9,2026-05-31T10:28:36.744275+00:00,1,0,0,0,0,0,0
164,a6df303c-50f,gael,bird-bordeaux,6037a1af-a60a-4ecd-9e58-59e5bb9945b8,A4_discordant_legacy,44.8514205,-0.6446785,aucune_infrastructure,"[""rien_visible""]",,coherente,isolee_legitime,problematique,3,Mérignac,49.7,2026-05-31T10:29:28.171063+00:00,0,0,1,0,0,0,1
165,a6df303c-50f,gael,impulsyon,stn_a2BM5JGRBA2GVAz7tPDuvL,clean_docked,46.68198,-1.43469,station_vls,"[""bornes_docks""]",,coherente,integree_reseau,legitime,3,,138,2026-05-31T10:31:47.927677+00:00,0,0,0,0,0,0,0
166,a6df303c-50f,gael,citiz_developpement,1641,A5_out_of_perimeter,49.2759443897372,-0.258170198179905,aucune_infrastructure,"[""rien_visible""]",,impossible,isolee_suspecte,problematique,3,ville : Ouistreham,55.5,2026-05-31T10:32:45.177160+00:00,1,0,0,1,1,0,0
167,a6df303c-50f,gael,lyon,7057,A5_out_of_perimeter,45.734712,4.835486,station_vls,"[""bornes_docks""]",,coherente,integree_reseau,legitime,4,,63.4,2026-05-31T10:33:50.281929+00:00,0,0,0,0,1,0,0
168,a6df303c-50f,gael,dijon,35,clean_docked,47.331,5.025,aucune_infrastructure,"[""rien_visible""]",févr. 2026,impossible,integree_reseau,problematique,3,,38.6,2026-05-31T10:34:30.692273+00:00,0,0,0,0,0,0,0
169,a6df303c-50f,gael,bird-ajaccio,da7b7129-674b-4c03-9875-400a92f438f0,A4_agree_flag,41.9058423831353,8.67139935493469,aucune_infrastructure,"[""rien_visible""]",,coherente,integree_reseau,problematique,3,,100,2026-05-31T10:36:12.458532+00:00,0,0,1,0,0,0,1
170,a6df303c-50f,gael,velozef,cirqc14g3q5td18hqvj0,A2_placeholder,48.37986,-4.60064,aucune_infrastructure,"[""rien_visible""]",,impossible,integree_reseau,problematique,3,,38.4,2026-05-31T10:36:52.672510+00:00,0,1,0,0,0,0,0
171,a6df303c-50f,gael,velozef,cirqbjsg3q5td18hqkt0,A2_placeholder,48.39527,-4.47989,aucune_infrastructure,"[""velos_visibles""]",,impossible,integree_reseau,problematique,3,,21.8,2026-05-31T10:38:51.003265+00:00,0,1,0,0,0,0,0
173,a6df303c-50f,gael,pony_paris,paris_parking_PAU_CASALS_zidM60BCR7A,A4_discordant_legacy,48.83171,2.3768,aucune_infrastructure,"[""rien_visible""]",,impossible,integree_reseau,problematique,3,,122.4,2026-05-31T10:39:41.350407+00:00,0,0,1,0,0,0,0
174,a6df303c-50f,gael,bird-millau,0ebecdf5-6c30-4de7-8ada-581f0c88fcaa,A4_agree_flag,44.088492,3.053926,aucune_infrastructure,"[""rien_visible""]",,coherente,integree_reseau,problematique,3,,38.4,2026-05-31T10:40:21.530480+00:00,0,0,1,0,0,0,1
175,df10fd98-bb4,rohan,citiz_metropole_lyon,361,A1_carsharing,45.7462272644043,4.83664512634277,autopartage,"[""rien_visible""]",Mai 2024,coherente,integree_reseau,problematique,3,carsharing,79.5,2026-05-31T14:02:19.081813+00:00,1,0,0,0,0,0,0
176,df10fd98-bb4,rohan,nantes,35,clean_docked,47.212369,-1.564973,station_vls,"[""bornes_docks"", ""totem_signaletique"", ""arceaux""]",Septembre 2022,coherente,integree_reseau,legitime,5,,69.8,2026-05-31T14:03:30.723923+00:00,0,0,0,0,0,0,0
177,df10fd98-bb4,rohan,velozef,cirqbq4g3q5td18hqph0,A2_placeholder,48.39475,-4.46298,station_vls,"[""bornes_docks"", ""totem_signaletique""]",Aout 2024,coherente,integree_reseau,legitime,3,,59.1,2026-05-31T14:04:31.617467+00:00,0,1,0,0,0,0,0
178,df10fd98-bb4,rohan,velozef,cirqbmkg3q5td18hqn8g,A2_placeholder,48.38296,-4.51715,station_vls,"[""totem_signaletique"", ""bornes_docks""]",Aout 2024,coherente,integree_reseau,legitime,3,,68.3,2026-05-31T14:05:41.725108+00:00,0,1,0,0,0,0,0
179,df10fd98-bb4,rohan,Paris,19697937136,clean_docked,48.885368380902,2.2595618686871,indetermine,"[""rien_visible""]",Septembre 2025,impossible,integree_reseau,indetermine,3,"Travaux sur streetView, difficile à déterminer",179.9,2026-05-31T14:08:43.464019+00:00,0,0,0,0,0,0,0
180,df10fd98-bb4,rohan,velozef,cirqbqcg3q5td18hqplg,A2_placeholder,48.39814,-4.45378,indetermine,"[""rien_visible""]",Septembre 2025,placeholder,isolee_suspecte,problematique,3,,74.5,2026-05-31T14:09:59.763814+00:00,0,1,0,0,0,0,0
181,df10fd98-bb4,rohan,velozef,cirqc2cg3q5td18hr120,A2_placeholder,48.39731,-4.42296,station_vls,"[""bornes_docks"", ""totem_signaletique""]",Septembre 2025,placeholder,integree_reseau,legitime,3,Plus de 10 places,63.7,2026-05-31T14:11:05.325415+00:00,0,1,0,0,0,0,0
182,df10fd98-bb4,rohan,grand-est,st_d34n08mmbtds73f5vdcg,A5_out_of_perimeter,48.74439,7.36161,indetermine,"[""rien_visible""]",,champ_vide,isolee_suspecte,problematique,3,,38.8,2026-05-31T14:11:45.852657+00:00,0,0,0,0,1,0,0
183,df10fd98-bb4,rohan,lyon,5005,A5_out_of_perimeter,45.766278,4.827425,station_vls,"[""bornes_docks"", ""totem_signaletique""]",Mai 2023,coherente,integree_reseau,legitime,3,,46.6,2026-05-31T14:12:34.257611+00:00,0,0,0,0,1,0,0
184,df10fd98-bb4,rohan,citiz_grand_est,229,A4_discordant_legacy,49.2164344787598,3.99494600296021,autopartage,"[""rien_visible""]",Aout 2025,coherente,isolee_legitime,problematique,3,,45.2,2026-05-31T14:13:21.212801+00:00,1,0,0,0,1,0,0
185,df10fd98-bb4,rohan,calais,stn_8WQURqherzFNRsNbRKGR5c,clean_docked,50.93609,1.80001,aucune_infrastructure,"[""rien_visible""]",Juin 2025,impossible,isolee_legitime,indetermine,3,,168.1,2026-05-31T14:16:11.108745+00:00,0,0,0,0,0,0,0
186,df10fd98-bb4,rohan,citiz_alpes_loire,836,A1_carsharing,45.2026176452637,5.70432901382446,autopartage,"[""rien_visible""]",Juin 2013,impossible,integree_reseau,problematique,3,,50.9,2026-05-31T14:17:03.749130+00:00,1,0,0,0,0,0,0
187,df10fd98-bb4,rohan,Optymo_Belfort_ALS,ee4a47cc-c0da-4102-8545-5b9a70982a17,A7_null_capacity,47.656803,6.864068,autopartage,"[""rien_visible""]",Juin 2025,champ_vide,integree_reseau,problematique,3,carsharing,125.1,2026-05-31T14:19:10.656137+00:00,1,0,0,0,0,0,1
188,df10fd98-bb4,rohan,tempovelo,stn_bBWcSvQCV6dQJkb3uw2dRV,A4_discordant_composite,44.204751,0.617414,station_vls,"[""arceaux""]",Aout 2025,placeholder,integree_reseau,legitime,3,,36.2,2026-05-31T14:19:48.648572+00:00,0,0,0,0,0,0,0
189,df10fd98-bb4,rohan,citiz_metropole_lyon,1183,A1_carsharing,45.7399864196777,4.85940170288086,station_vls,"[""bornes_docks"", ""arceaux""]",Mai 2024,placeholder,integree_reseau,legitime,3,Vraie station,55.5,2026-05-31T14:20:45.980353+00:00,1,0,0,0,0,0,0
190,df10fd98-bb4,rohan,dott-paris,30a88f62-484f-4705-af2b-159704ee66e8,A3_freefloating,48.8747128324912,2.38496135738543,aucune_infrastructure,"[""rien_visible""]",Juin 2022,champ_vide,integree_reseau,problematique,3,,62.1,2026-05-31T14:21:49.881318+00:00,0,0,1,0,0,0,1
191,df10fd98-bb4,rohan,pony_Herouville,Herouville_parking_64,A4_discordant_composite,49.21213,-0.3305,aucune_infrastructure,"[""rien_visible""]",Aout 2022,champ_vide,integree_reseau,problematique,3,parking,89.7,2026-05-31T14:23:21.437189+00:00,0,0,1,0,0,0,1
192,df10fd98-bb4,rohan,v_lille,216,A4_discordant_legacy,50.681779,3.194129,station_vls,"[""bornes_docks"", ""totem_signaletique"", ""arceaux""]",Septembre 2025,coherente,integree_reseau,legitime,3,,37.8,2026-05-31T14:24:01.026073+00:00,0,0,0,0,0,0,0
193,df10fd98-bb4,rohan,pony_paris,paris_parking_VAN_LOO_zidQKALDJ1X,A4_discordant_legacy,48.84081,2.26814,station_vls,"[""arceaux""]",Mars 2026,placeholder,integree_reseau,problematique,3,freefloating,44.6,2026-05-31T14:24:47.461106+00:00,0,0,1,0,0,0,0
194,df10fd98-bb4,rohan,nantes,9,clean_docked,47.215815,-1.559017,station_vls,"[""bornes_docks"", ""totem_signaletique""]",Juillet 2019,coherente,integree_reseau,legitime,3,,28.1,2026-05-31T14:25:17.374978+00:00,0,0,0,0,0,0,0
195,df10fd98-bb4,rohan,le_velo_star,5506,clean_docked,48.117596,-1.677849,station_vls,"[""bornes_docks"", ""totem_signaletique""]",Avril 2025,coherente,integree_reseau,legitime,5,,33.7,2026-05-31T14:25:52.855967+00:00,0,0,0,0,0,0,0
196,df10fd98-bb4,rohan,dott-paris,6dce9cad-eb99-4a48-8ee8-5507af562970,A3_freefloating,48.8704638893522,2.38849037353045,aucune_infrastructure,"[""arceaux""]",Octobre 2024,champ_vide,integree_reseau,problematique,3,,26.5,2026-05-31T14:26:21.102560+00:00,0,0,1,0,0,0,1
197,df10fd98-bb4,rohan,bird-bordeaux,8cc232dc-1834-4656-a123-65c004eca215,A3_freefloating,44.8231597,-0.5545976,station_vls,"[""bornes_docks"", ""totem_signaletique""]",Juillet 2025,impossible,coordonnees_erronees,legitime,3,Vraie station mais pas aux bonnes coordonnées,102.6,2026-05-31T14:28:05.551698+00:00,0,0,1,0,0,0,1
198,df10fd98-bb4,rohan,idecycle_pau,st_d3d5976mbtds73dja9ug,A4_discordant_composite,43.30664,-0.32711,station_vls,"[""bornes_docks"", ""totem_signaletique""]",Mars 2026,coherente,isolee_legitime,legitime,3,,57.9,2026-05-31T14:29:05.248959+00:00,0,0,0,0,0,0,0
199,df10fd98-bb4,rohan,velozef,cirqbskg3q5td18hqqmg,A2_placeholder,48.3797,-4.53644,station_vls,"[""bornes_docks"", ""totem_signaletique""]",Aout 2024,placeholder,integree_reseau,problematique,3,Il n'y a que 5 places,71.9,2026-05-31T14:30:18.996743+00:00,0,1,0,0,0,0,0
200,df10fd98-bb4,rohan,citiz_grand_est,1107,A5_out_of_perimeter,48.4991798400879,7.48220920562744,indetermine,"[""rien_visible""]",Septembre 2022,impossible,coordonnees_erronees,problematique,3,,60.3,2026-05-31T14:31:21.096140+00:00,1,0,0,1,1,0,0
201,df10fd98-bb4,rohan,pony_Evry,evry_parking_Rue_Emile_Biort_zid08F8ZAU4,A4_agree_flag,48.61904,2.40141,station_vls,"[""rien_visible""]",Octobre 2025,champ_vide,integree_reseau,problematique,3,,47.2,2026-05-31T14:32:10.196634+00:00,0,0,1,0,0,0,1
202,df10fd98-bb4,rohan,dott-bordeaux,dc5b5e94-8efd-41d3-838d-2d22ec7a7b38,A4_discordant_legacy,44.8790956,-0.5460767,aucune_infrastructure,"[""rien_visible""]",Juin 2025,champ_vide,integree_reseau,problematique,3,,62.3,2026-05-31T14:33:14.309876+00:00,0,0,1,0,0,0,1
203,df10fd98-bb4,rohan,bird-bordeaux,83118b56-e35c-427e-8a02-9511d3489a38,A3_freefloating,44.832459,-0.5879009,aucune_infrastructure,"[""rien_visible""]",Juillet 2013,champ_vide,integree_reseau,problematique,3,,62.3,2026-05-31T14:34:18.363455+00:00,0,0,1,0,0,0,1
204,df10fd98-bb4,rohan,pony_Herouville,Herouville_21_Boulevard_Charles_Poullain,A3_freefloating,49.2858918,-0.256332,aucune_infrastructure,"[""rien_visible""]",Octobre 2022,champ_vide,integree_reseau,problematique,3,,44.3,2026-05-31T14:35:04.501487+00:00,0,0,1,0,0,0,1
205,df10fd98-bb4,rohan,bird-bordeaux,b61f5538-5d9a-455f-ac8e-0a0fd851d47f,A3_freefloating,44.841141,-0.548168,aucune_infrastructure,"[""rien_visible""]",Mars 2026,champ_vide,integree_reseau,problematique,3,,139.3,2026-05-31T14:37:25.611990+00:00,0,0,1,0,0,0,1
206,df10fd98-bb4,rohan,dott-bordeaux,64d525d1-fa6d-4049-8293-08c3a5d8a71c,A3_freefloating,44.828522,-0.560505,aucune_infrastructure,"[""arceaux""]",Juillet 2025,champ_vide,integree_reseau,problematique,3,,104.4,2026-05-31T14:39:11.837376+00:00,0,0,1,0,0,0,1
207,df10fd98-bb4,rohan,levelo_inurba_marseille,chh1huq6cuj3fo74tm60,clean_docked,43.297807,5.393533,aucune_infrastructure,"[""rien_visible""]",Novembre 2020,impossible,integree_reseau,problematique,3,,80.1,2026-05-31T14:40:33.716178+00:00,0,0,0,0,0,0,0
208,df10fd98-bb4,rohan,pony_Herouville,Herouville_parking_143,A4_discordant_composite,49.211943,-0.330728,aucune_infrastructure,"[""rien_visible""]",Aout 2022,champ_vide,coordonnees_erronees,problematique,3,,45.9,2026-05-31T14:41:21.468471+00:00,0,0,1,0,0,0,1
209,df10fd98-bb4,rohan,bird-draguignan,46780d9d-6d8a-40e9-8d8b-05d3f60017cc,A4_agree_flag,43.5202256,6.4818737,aucune_infrastructure,"[""rien_visible""]",Septembre 2025,champ_vide,isolee_legitime,problematique,3,,77.4,2026-05-31T14:42:40.714328+00:00,0,0,1,0,0,0,1
210,df10fd98-bb4,rohan,inurba-rouen,5011,A4_agree_flag,49.3962698840013,1.12590013632186,station_vls,"[""arceaux""]",Mars 2026,coherente,integree_reseau,legitime,3,,77.5,2026-05-31T14:44:00.040413+00:00,0,0,0,0,0,0,0
211,df10fd98-bb4,rohan,auxrmlevelo,ch8cipdlc8te4d3h84vg,A4_discordant_composite,47.77721,3.65021,aucune_infrastructure,"[""rien_visible""]",Avril 2025,impossible,coordonnees_erronees,problematique,3,,66.5,2026-05-31T14:45:08.327678+00:00,0,0,0,0,0,0,0
212,df10fd98-bb4,rohan,Optymo_Belfort_ALS,e204330b-088e-4e06-8652-ccc03363dc0b,A7_null_capacity,47.657258,6.842852,autopartage,"[""rien_visible""]",Avril 2022,champ_vide,integree_reseau,problematique,3,,91.1,2026-05-31T14:46:41.255596+00:00,1,0,0,0,0,0,1
213,df10fd98-bb4,rohan,tempovelo,stn_ktr222ez4etYF5D4unKbL2,A4_discordant_composite,44.204821,0.609568,station_vls,"[""bornes_docks""]",Octobre 2019,coherente,integree_reseau,legitime,3,,52.1,2026-05-31T14:47:35.221421+00:00,0,0,0,0,0,0,0
214,df10fd98-bb4,rohan,citiz_rennes_metropole,1683,A1_carsharing,48.093845,-1.69075,autopartage,"[""rien_visible""]",Février 2025,placeholder,integree_reseau,problematique,3,,41.5,2026-05-31T14:48:18.460782+00:00,1,0,0,0,0,0,0
215,7853fa24-e27,gael,citiz_gironde,691,A1_carsharing,44.8638687133789,-0.619679987430573,autopartage,"[""totem_signaletique""]",,impossible,isolee_legitime,problematique,3,,72.7,2026-06-01T06:56:16.462484+00:00,1,0,0,0,0,0,0
216,7853fa24-e27,gael,dott-lyon,f1fd9915-243b-491c-970a-ca2670f60c7c,A3_freefloating,45.769916,4.829672,aucune_infrastructure,"[""arceaux""]",,coherente,integree_reseau,problematique,3,,47.1,2026-06-01T06:57:05.345218+00:00,0,0,1,0,0,0,1
217,7853fa24-e27,gael,amiens,114,clean_docked,49.88149,2.28513,aucune_infrastructure,"[""rien_visible""]",,impossible,isolee_legitime,problematique,3,,129.2,2026-06-01T06:59:16.302328+00:00,0,0,0,0,0,0,0
218,7853fa24-e27,gael,pony_paris,paris_parking_SAINT_HONORE_zid1FX7MBZA,A3_freefloating,48.86334,2.33513,aucune_infrastructure,"[""arceaux""]",,impossible,integree_reseau,problematique,3,,64.6,2026-06-01T07:00:22.691614+00:00,0,0,1,0,0,0,0
219,7853fa24-e27,gael,Paris,128841079,clean_docked,48.866143390992,2.3251800647137,station_vls,"[""bornes_docks""]",,coherente,integree_reseau,legitime,4,,255.8,2026-06-01T07:04:40.254635+00:00,0,0,0,0,0,0,0
220,7853fa24-e27,gael,dott-lyon,bd92e450-8e86-483d-8535-49f68ea49380,A4_discordant_legacy,45.7546181,4.7878271,aucune_infrastructure,"[""arceaux""]",,coherente,integree_reseau,problematique,3,,46.5,2026-06-01T07:05:28.515553+00:00,0,0,1,0,0,0,1
221,7853fa24-e27,gael,citiz_grand_est,220,A1_carsharing,48.3375282287598,7.2883448600769,aucune_infrastructure,"[""rien_visible""]",,impossible,integree_reseau,problematique,3,,122.1,2026-06-01T07:07:32.287544+00:00,1,0,0,1,1,0,0
222,7853fa24-e27,gael,dott-paris,480828b8-1c05-421e-a442-2cf4e37b2d38,A3_freefloating,48.8679985429169,2.28097360829817,aucune_infrastructure,"[""velos_visibles""]",oct. 2025,coherente,integree_reseau,problematique,3,,133.5,2026-06-01T07:09:47.469496+00:00,0,0,1,0,0,0,1
223,7853fa24-e27,gael,bird-gap,236bdb95-ffca-493a-9c1a-3176ecf667bf,A4_agree_flag,44.5336895877376,6.04417653545408,aucune_infrastructure,"[""totem_signaletique""]",,coherente,isolee_legitime,problematique,3,,533.2,2026-06-01T07:18:42.421964+00:00,0,0,1,0,0,0,1
224,d791322c-8df,gael,citiz_grand_est,241,A1_carsharing,48.5995330810547,7.74672698974609,aucune_infrastructure,"[""rien_visible""]",,impossible,integree_reseau,problematique,3,,12.5,2026-06-01T07:21:17.514074+00:00,1,0,0,0,1,0,0
225,d791322c-8df,gael,cyclam,stn_J3ph8f8hgUnpWvbJXj993c,clean_docked,49.775025,4.719151,station_vls,"[""bornes_docks""]",,coherente,integree_reseau,legitime,3,,69.6,2026-06-01T07:22:28.824362+00:00,0,0,0,0,0,0,0
226,d791322c-8df,gael,Paris,235241110,clean_docked,48.8436279,2.4630465,station_vls,"[""bornes_docks""]",,coherente,isolee_legitime,legitime,4,,53.8,2026-06-01T07:23:24.374836+00:00,0,0,0,0,0,0,0
227,d791322c-8df,gael,labaule,stn_gYz6VVkfwAyHzsjCknvG9H,A4_discordant_composite,47.29455,-2.35909,station_vls,"[""bornes_docks""]",,coherente,integree_reseau,legitime,3,,228,2026-06-01T07:27:14.123114+00:00,0,0,0,0,0,0,0
228,d791322c-8df,gael,citiz_gironde,665,A1_carsharing,44.5797653198242,-0.0328480005264282,aucune_infrastructure,"[""rien_visible""]",,impossible,isolee_legitime,problematique,3,,41.9,2026-06-01T07:27:57.742226+00:00,1,0,0,1,0,0,0
229,d791322c-8df,gael,velocite,stn_EvBPTc3ZfAxrmkeKJygest,A4_discordant_composite,49.55922,3.612743,station_vls,"[""bornes_docks""]",,coherente,integree_reseau,legitime,4,,296.8,2026-06-01T07:32:56.259656+00:00,0,0,0,0,0,0,0
230,d791322c-8df,gael,citiz_grand_poitiers,1487,A4_discordant_composite,46.5739714,0.3290087,aucune_infrastructure,"[""rien_visible""]",,impossible,integree_reseau,problematique,3,,123.9,2026-06-01T07:35:01.850179+00:00,1,0,0,0,0,0,0
231,d791322c-8df,gael,dott-lyon,86a1488b-b446-4e1b-8eaa-34f34841d314,A3_freefloating,45.7547604,4.7954224,aucune_infrastructure,"[""arceaux""]",mars 2022,coherente,integree_reseau,problematique,3,,6.8,2026-06-01T07:39:38.013015+00:00,0,0,1,0,0,0,1
233,d791322c-8df,gael,bird-bordeaux,5f02a525-bba5-4b83-a892-058f68417832,A4_discordant_legacy,44.8625358617457,-0.523286220855302,trottinettes,"[""rien_visible""]",,coherente,integree_reseau,problematique,3,,65.2,2026-06-01T07:40:19.068158+00:00,0,0,1,0,0,0,1
234,d791322c-8df,gael,velozef,cirqbn4g3q5td18hqnfg,A2_placeholder,48.40056,-4.49866,station_vls,"[""bornes_docks""]",,coherente,integree_reseau,legitime,4,,113.7,2026-06-01T07:42:14.566214+00:00,0,1,0,0,0,0,0
235,d791322c-8df,gael,citiz_grand_est,1264,A5_out_of_perimeter,48.074065,7.354389,aucune_infrastructure,"[""rien_visible""]",sept. 2024,impossible,integree_reseau,problematique,3,,44.1,2026-06-01T07:43:00.442930+00:00,1,0,0,0,1,0,0
236,d791322c-8df,gael,Optymo_Belfort_ALS,0d0d97cd-27e9-4b75-8269-fa7ae3d1c703,A7_null_capacity,47.650345,6.85917,aucune_infrastructure,"[""arceaux""]",avr. 2025,coherente,integree_reseau,problematique,3,,63.2,2026-06-01T07:44:05.411677+00:00,1,0,0,0,0,0,1
237,d791322c-8df,gael,grand-est,st_d34n06embtds7381rajg,A5_out_of_perimeter,49.25303,6.16414,aucune_infrastructure,"[""arceaux""]",juil. 2025,impossible,integree_reseau,problematique,3,ville : Hagondange,67.8,2026-06-01T07:45:14.995627+00:00,0,0,0,0,1,0,0
238,d791322c-8df,gael,bird-laval,0337e45d-b62a-4f65-87cd-83381bcf7353,A4_agree_flag,48.060894,-0.73734,aucune_infrastructure,"[""rien_visible""]",juil. 2022,coherente,isolee_legitime,problematique,3,,64.4,2026-06-01T07:46:21.148030+00:00,0,0,1,0,0,0,1
239,d791322c-8df,gael,lyon,3003,A5_out_of_perimeter,45.762974,4.855071,station_vls,"[""bornes_docks""]",,coherente,integree_reseau,legitime,4,,31,2026-06-01T07:46:53.909201+00:00,0,0,0,0,1,0,0
240,d791322c-8df,gael,amiens,102,A4_agree_flag,49.874947,2.264305,aucune_infrastructure,"[""rien_visible""]",févr. 2023,impossible,isolee_legitime,problematique,3,,66.5,2026-06-01T07:48:02.148084+00:00,0,0,0,0,0,0,0
241,d791322c-8df,gael,citiz_grand_est,80,A5_out_of_perimeter,48.5871467590332,7.73674297332764,aucune_infrastructure,"[""rien_visible""]",NaN,impossible,integree_reseau,problematique,3,pas d'image SView,127.3,2026-06-01T07:50:11.159621+00:00,1,0,0,0,1,0,0
242,d791322c-8df,gael,auxrmlevelo,ch8cimllc8te4d3h8410,A4_discordant_composite,47.75113,3.49012,station_vls,"[""bornes_docks""]",,coherente,integree_reseau,legitime,3,,547.2,2026-06-01T07:59:20.077240+00:00,0,0,0,0,0,0,0
243,d791322c-8df,gael,citiz_gironde,667,A4_discordant_legacy,44.5553283691406,-0.255432993173599,aucune_infrastructure,"[""rien_visible""]",sept. 2017,impossible,isolee_legitime,problematique,3,Gare de Langon,65.6,2026-06-01T08:00:27.453136+00:00,1,0,0,0,0,0,0
244,d791322c-8df,gael,pony_Evry,Evry_parking_151,A3_freefloating,48.62277,2.42352,aucune_infrastructure,"[""rien_visible""]",mai 2024,coherente,integree_reseau,problematique,3,,147,2026-06-01T08:02:56.177248+00:00,0,0,1,0,0,0,1
245,d791322c-8df,gael,inurba-rouen,3613,clean_docked,49.4312985249482,1.07330718006367,aucune_infrastructure,"[""arceaux""]",févr. 2026,coherente,integree_reseau,problematique,3,,83.7,2026-06-01T08:04:21.591844+00:00,0,0,0,0,0,0,0
246,d791322c-8df,gael,citiz_rennes_metropole,1563,A4_discordant_composite,48.1226501464844,-1.63911497592926,autopartage,"[""totem_signaletique""]",,impossible,integree_reseau,problematique,3,,43.4,2026-06-01T08:05:06.801571+00:00,1,0,0,0,0,0,0
247,d791322c-8df,gael,dott-bordeaux,8ec0022b-d831-42c8-b91a-46b50fa466b8,A4_discordant_legacy,44.8729158,-0.6777164,trottinettes,"[""arceaux""]",juil. 2025,coherente,integree_reseau,problematique,3,,115.9,2026-06-01T08:07:04.445754+00:00,0,0,1,0,0,0,1
248,d791322c-8df,gael,Optymo_Belfort_ALS,4d3a9251-6bfe-4717-99db-d3a06252353a,A7_null_capacity,47.640718,6.866501,aucune_infrastructure,"[""rien_visible""]",avr. 2022,coherente,integree_reseau,problematique,3,,118.5,2026-06-01T08:09:04.766165+00:00,1,0,0,0,0,0,1
249,d791322c-8df,gael,pony_bordeaux,bordeaux_parking_Arceau_10884_zidE3WBDTCR,A3_freefloating,44.83768,-0.58813,aucune_infrastructure,"[""arceaux""]",,coherente,integree_reseau,problematique,3,,50.1,2026-06-01T08:09:56.636094+00:00,0,0,1,0,0,0,1
250,d791322c-8df,gael,dott-paris,06aea842-3642-4028-b6a7-58e4c830a27c,A4_discordant_legacy,48.8524132125801,2.26818893933673,aucune_infrastructure,"[""arceaux""]",,coherente,integree_reseau,problematique,3,,86.8,2026-06-01T08:11:25.172120+00:00,0,0,1,0,0,0,1
251,d791322c-8df,gael,pony_bordeaux,bordeaux_parking_Arceau_11700_zid31RFKN97,A3_freefloating,44.86337,-0.55906,aucune_infrastructure,"[""arceaux""]",,coherente,integree_reseau,problematique,3,,23.8,2026-06-01T08:11:50.677108+00:00,0,0,1,0,0,0,1
252,d791322c-8df,gael,Optymo_Belfort_ALS,683ebe0b-ff1a-4ca9-8ecf-c9c4cbf2cc37,A7_null_capacity,47.641448,6.839563,aucune_infrastructure,"[""rien_visible""]",avr. 2022,coherente,integree_reseau,problematique,3,,35.3,2026-06-01T08:12:27.715677+00:00,1,0,0,0,0,0,1
253,d791322c-8df,gael,Optymo_Belfort_ALS,f3db772f-b649-4a2b-93a5-274136e2c368,A7_null_capacity,47.649001,6.864977,autopartage,"[""totem_signaletique""]",avr. 2022,impossible,integree_reseau,problematique,2,,43.5,2026-06-01T08:13:12.938203+00:00,1,0,0,0,0,0,1
254,d791322c-8df,gael,lyon,2010,A5_out_of_perimeter,45.743317,4.815747,station_vls,"[""bornes_docks""]",,coherente,integree_reseau,legitime,4,,40.6,2026-06-01T08:13:55.292278+00:00,0,0,0,0,1,0,0
255,d791322c-8df,gael,dott-paris,5ce19e7c-53d4-40f3-8f62-dade9132eb1c,A4_discordant_legacy,48.8594641140127,2.27604104718715,aucune_infrastructure,"[""arceaux""]",,coherente,integree_reseau,problematique,3,,29.5,2026-06-01T08:14:26.527808+00:00,0,0,1,0,0,0,1
256,d791322c-8df,gael,dott-paris,b04542ed-9ec6-424b-b27e-1bfc61825160,A4_discordant_legacy,48.8225941430023,2.37555881265039,aucune_infrastructure,"[""arceaux""]",,coherente,integree_reseau,problematique,3,,43.9,2026-06-01T08:15:12.178684+00:00,0,0,1,0,0,0,1
257,d791322c-8df,gael,pony_Evry,evry_parking_5_rue_du_Bois_Sauvage_zidPYEYQP23,A4_agree_flag,48.64288,2.42247,trottinettes,"[""totem_signaletique""]",,coherente,integree_reseau,problematique,3,,31,2026-06-01T08:15:44.838197+00:00,0,0,1,0,0,0,1
258,d791322c-8df,gael,dott-bordeaux,b49ed06e-d03c-44f8-9309-0ca15b79ece0,A4_discordant_legacy,44.8146739,-0.5544459,aucune_infrastructure,"[""arceaux""]",juil. 2025,coherente,integree_reseau,problematique,3,,51.1,2026-06-01T08:16:37.702862+00:00,0,0,1,0,0,0,1
259,d791322c-8df,gael,levelo_inurba_marseille,ce4bho12rcd13ifvqh2g,clean_docked,43.280784,5.396622,aucune_infrastructure,"[""rien_visible""]",févr. 2023,impossible,integree_reseau,problematique,3,,98.2,2026-06-01T08:18:17.595212+00:00,0,0,0,0,0,0,0
260,d791322c-8df,gael,pony_poitiers,poitiers_parking_Abris_Appuis_velos6411_zid66E8KL9E,A3_freefloating,46.58812,0.380865,aucune_infrastructure,"[""rien_visible""]",août 2025,coherente,integree_reseau,problematique,3,,31,2026-06-01T08:18:50.267939+00:00,0,0,1,0,0,0,1
261,d791322c-8df,gael,Optymo_FR_Belfort,st_d18jddmrumbh8rh03ss0,A4_agree_flag,47.66525,6.84141,aucune_infrastructure,"[""rien_visible""]",juin 2025,impossible,integree_reseau,problematique,2,,88.1,2026-06-01T08:20:20.095633+00:00,0,0,0,0,0,0,0
262,d791322c-8df,gael,bird-bordeaux,c1de4bc3-0318-459a-98e5-bada152fd114,A4_discordant_legacy,44.867374,-0.548182,station_vls,"[""bornes_docks""]",juin 2025,champ_vide,integree_reseau,problematique,3,,136.9,2026-06-01T08:22:38.817948+00:00,0,0,1,0,0,0,1
263,d791322c-8df,gael,pony_Angers,BikeRack 121 Patton,A3_freefloating,47.473288,-0.593353,aucune_infrastructure,"[""arceaux""]",févr. 2026,coherente,integree_reseau,problematique,3,,94,2026-06-01T08:24:14.665635+00:00,0,0,1,0,0,0,1
264,d791322c-8df,gael,knot_strasbourg,51,A4_discordant_composite,48.575477,7.749952,aucune_infrastructure,"[""arceaux""]",,impossible,integree_reseau,problematique,3,,83.5,2026-06-01T08:25:39.854291+00:00,0,0,1,0,0,0,0
265,d791322c-8df,gael,citiz_grand_est,1234,A5_out_of_perimeter,48.565772,7.76263,aucune_infrastructure,"[""arceaux""]",févr. 2026,impossible,integree_reseau,problematique,3,,60.6,2026-06-01T08:26:42.241015+00:00,1,0,0,0,1,0,0
266,d791322c-8df,gael,dott-paris,f66e8f22-4a82-4ba4-b217-a7d193763278,A3_freefloating,48.8477636670037,2.32514230557292,aucune_infrastructure,"[""arceaux""]",,coherente,integree_reseau,problematique,3,,176,2026-06-01T08:29:40.047700+00:00,0,0,1,0,0,0,1
267,d791322c-8df,gael,citiz_alpes_loire,780,A1_carsharing,45.4176177978516,4.67128419876099,indetermine,"[""rien_visible""]",avr. 2025,impossible,integree_reseau,problematique,3,,109.3,2026-06-01T08:31:31.127874+00:00,1,0,0,0,0,0,0
268,d791322c-8df,gael,libelo,52,clean_docked,44.924672,4.8888,aucune_infrastructure,"[""rien_visible""]",mars 2025,impossible,integree_reseau,problematique,3,,91.7,2026-06-01T08:33:04.539268+00:00,0,0,0,0,0,0,0
269,d791322c-8df,gael,velozef,st_d52j7e2ebjgc73d7b0ig,A2_placeholder,48.38291,-4.37837,aucune_infrastructure,"[""rien_visible""]",août 2025,impossible,integree_reseau,problematique,3,en travaux,54.5,2026-06-01T08:34:00.741059+00:00,0,1,0,0,0,0,0
270,d791322c-8df,gael,bird-vichy,2bb98b22-2cde-40b5-9a56-f2ff37989c6f,A4_discordant_composite,46.1319634396278,3.43382477920946,aucune_infrastructure,"[""rien_visible""]",janv. 2022,coherente,integree_reseau,problematique,3,,52.6,2026-06-01T08:34:55.074774+00:00,0,0,1,0,0,0,1
271,d791322c-8df,gael,pony_paris,paris_parking_FIGUIER_zidZI2CM755,A3_freefloating,48.85427,2.35913,aucune_infrastructure,"[""rien_visible""]",août 2020,impossible,integree_reseau,problematique,3,,26.4,2026-06-01T08:35:23.212531+00:00,0,0,1,0,0,0,0
272,d791322c-8df,gael,dott-paris,d9a74f8d-ac7c-4d81-ac78-957a18f47c40,A4_discordant_legacy,48.8251941389944,2.31075861232039,station_vls,"[""bornes_docks""]",oct. 2025,champ_vide,integree_reseau,legitime,4,,32.5,2026-06-01T08:35:57.485923+00:00,0,0,1,0,0,0,1
273,415e2fda-161,rohan,dijon,22,A4_discordant_composite,47.324,5.048,station_vls,"[""bornes_docks""]",juin 2024,coherente,integree_reseau,legitime,3,,53.4,2026-06-01T08:36:02.233630+00:00,0,0,0,0,0,0,0
274,d791322c-8df,gael,pony_Angers,BikeRack église st aubin,A4_discordant_legacy,47.429733,-0.527838,aucune_infrastructure,"[""arceaux""]",mars 2026,coherente,integree_reseau,problematique,3,,43.5,2026-06-01T08:36:42.679907+00:00,0,0,1,0,0,0,1
275,d791322c-8df,gael,dott-paris,1b30a94a-5a9b-4916-a53a-8f67c0404e04,A3_freefloating,48.8477149457034,2.4067294752601,aucune_infrastructure,"[""arceaux""]",oct. 2024,coherente,coordonnees_erronees,problematique,3,les arceaux sont à quelques mètres du point SView,234.9,2026-06-01T08:40:39.364140+00:00,0,0,1,0,0,0,1
276,d791322c-8df,gael,tempovelo,stn_jS3qxxcWXSRuMLXNgAEK5y,A4_discordant_composite,44.208132,0.620536,station_vls,"[""bornes_docks""]",,coherente,integree_reseau,legitime,4,,34.6,2026-06-01T08:41:15.724922+00:00,0,0,0,0,0,0,0
277,d791322c-8df,gael,amiens,130,A4_discordant_composite,49.895473,2.30631,station_vls,"[""bornes_docks""]",,coherente,integree_reseau,legitime,4,,227.9,2026-06-01T08:45:05.331592+00:00,0,0,0,0,0,0,0
278,d791322c-8df,gael,citiz_grand_est,173,A5_out_of_perimeter,48.773246,5.158985,aucune_infrastructure,"[""rien_visible""]",,impossible,integree_reseau,problematique,3,,124.4,2026-06-01T08:47:11.507879+00:00,1,0,0,0,1,0,0
279,d791322c-8df,gael,citiz_metropole_lyon,404,A1_carsharing,45.7278480529785,4.83145523071289,aucune_infrastructure,"[""rien_visible""]",,impossible,integree_reseau,problematique,3,,58.3,2026-06-01T08:48:11.600650+00:00,1,0,0,0,0,0,0
280,d791322c-8df,gael,idecycle_pau,st_d3d5976mbtds73djaa20,A4_discordant_composite,43.33269,-0.36713,station_vls,"[""bornes_docks""]",mars 2026,placeholder,coordonnees_erronees,legitime,3,Station à quelques metres de la SView,119.3,2026-06-01T08:50:12.661010+00:00,0,0,0,0,0,0,0
281,d791322c-8df,gael,velozef,cirqc1sg3q5td18hr090,A2_placeholder,48.3815,-4.62096,station_vls,"[""bornes_docks""]",,impossible,integree_reseau,indetermine,3,,32.2,2026-06-01T08:50:46.665551+00:00,0,1,0,0,0,0,0
282,d791322c-8df,gael,bird-larochesuryon,a3b3e89f-5c54-4bf1-9c46-5be9e38a719b,A4_discordant_composite,46.665861,-1.398725,trottinettes,"[""rien_visible""]",,coherente,integree_reseau,problematique,3,,21.6,2026-06-01T08:51:10.014378+00:00,0,0,1,0,0,0,1
283,d791322c-8df,gael,montpellier,036,A4_agree_flag,43.635689,3.849597,station_vls,"[""bornes_docks""]",,coherente,coordonnees_erronees,indetermine,3,"décalage Sview et station
station : 43.6342074, 3.8491878",38.6,2026-06-01T09:27:35.830297+00:00,0,0,0,1,0,0,0
285,d791322c-8df,gael,levelo_inurba_marseille,ce4bhr92rcd13ifvqhsg,clean_docked,43.337166,5.39184,station_vls,"[""bornes_docks""]",,impossible,integree_reseau,problematique,3,capacité ?,115,2026-06-01T08:56:11.680150+00:00,0,0,0,0,0,0,0
286,d791322c-8df,gael,labaule,stn_WEMpofPk3uNNrYCA2Uoagq,clean_docked,47.27166,-2.34485,station_vls,"[""bornes_docks""]",,coherente,integree_reseau,legitime,3,,73.8,2026-06-01T08:57:27.237185+00:00,0,0,0,0,0,0,0
287,d791322c-8df,gael,tanlib,stn_SNZtYxcRJYnTAMaZ6zegBF,clean_docked,46.327992,-0.446941,station_vls,"[""bornes_docks""]",,coherente,integree_reseau,legitime,4,,187.9,2026-06-01T09:00:36.890027+00:00,0,0,0,0,0,0,0
288,d791322c-8df,gael,dott-paris,9a8ba4d3-3ca8-435b-bbe8-f6cdf5bd5d74,A4_discordant_legacy,48.8829592681098,2.28987135961364,aucune_infrastructure,"[""arceaux""]",,coherente,integree_reseau,problematique,3,,22.4,2026-06-01T09:01:01.029976+00:00,0,0,1,0,0,0,1
289,d791322c-8df,gael,nextbike_af,551506281,A4_agree_flag,47.815966,7.329729,aucune_infrastructure,"[""rien_visible""]",mars 2025,impossible,integree_reseau,problematique,3,,46.4,2026-06-01T09:01:49.150686+00:00,0,0,0,1,0,0,0
290,d791322c-8df,gael,idecycle_pau,st_d3d597embtds73djaadg,A4_discordant_composite,43.30186,-0.39555,station_vls,"[""bornes_docks"", ""arceaux""]",,coherente,integree_reseau,legitime,4,,56.3,2026-06-01T09:02:47.168638+00:00,0,0,0,0,0,0,0
291,d791322c-8df,gael,dott-paris,f0921237-d000-467b-ac46-c760f25226d4,A3_freefloating,48.8229602178879,2.35337734102887,aucune_infrastructure,"[""rien_visible""]",août 2022,coherente,integree_reseau,problematique,3,,81.7,2026-06-01T09:04:10.612484+00:00,0,0,1,0,0,0,1
292,d791322c-8df,gael,velivert_saint_etienne,chf7r1c3casf4nvmd3vg,A4_discordant_legacy,45.51205,4.57983,station_vls,"[""bornes_docks""]",,coherente,integree_reseau,legitime,4,,61,2026-06-01T09:05:13.358500+00:00,0,0,0,0,0,0,0
293,d791322c-8df,gael,citiz_provence,1427,A1_carsharing,43.2852973937988,5.39082193374634,aucune_infrastructure,"[""rien_visible""]",nov. 2025,impossible,integree_reseau,problematique,3,,58.5,2026-06-01T09:06:13.628099+00:00,1,0,0,0,0,0,0
294,d791322c-8df,gael,pony_bordeaux,bordeaux_parking_Arceau_14910_zidCWWRJ69V,A3_freefloating,44.83739,-0.57192,aucune_infrastructure,"[""arceaux""]",avr. 2023,coherente,integree_reseau,problematique,3,,33.2,2026-06-01T09:06:48.596235+00:00,0,0,1,0,0,0,1
295,d791322c-8df,gael,lyon,3080,A5_out_of_perimeter,45.760042,4.861734,station_vls,"[""bornes_docks"", ""arceaux""]",,coherente,integree_reseau,legitime,4,,57.5,2026-06-01T09:07:47.820850+00:00,0,0,0,0,1,0,0
296,d791322c-8df,gael,dott-paris,9a8e7a15-a5f3-402f-b229-f1e511228c38,A4_discordant_legacy,48.8573080339245,2.26945386085604,aucune_infrastructure,"[""arceaux""]",mai 2022,coherente,integree_reseau,problematique,3,,32.7,2026-06-01T09:08:22.237988+00:00,0,0,1,0,0,0,1
297,d791322c-8df,gael,pony_bordeaux,bordeaux_parking_Arceau_14452_zid9W5RE9GU,A3_freefloating,44.85186,-0.57989,aucune_infrastructure,"[""rien_visible""]",juil. 2025,coherente,integree_reseau,problematique,3,,33.1,2026-06-01T09:08:57.092701+00:00,0,0,1,0,0,0,1
298,d791322c-8df,gael,Paris,82562496,clean_docked,48.8939204361934,2.4179819226265,station_vls,"[""bornes_docks""]",,coherente,integree_reseau,legitime,4,,55.9,2026-06-01T09:09:54.710063+00:00,0,0,0,0,0,0,0
299,d791322c-8df,gael,velozef,st_d52j69co7dgs73ca65tg,A2_placeholder,48.37273,-4.37028,aucune_infrastructure,"[""arceaux""]",sept. 2025,impossible,integree_reseau,problematique,3,,61,2026-06-01T09:10:57.401172+00:00,0,1,0,0,0,0,0
300,d791322c-8df,gael,amiens,138,A4_discordant_composite,49.904299,2.300764,station_vls,"[""bornes_docks""]",,coherente,integree_reseau,legitime,4,,654.3,2026-06-01T09:21:53.467998+00:00,0,0,0,0,0,0,0
301,d791322c-8df,gael,dott-paris,9bbbe4f7-134e-471e-a800-422f463eaaa8,A3_freefloating,48.840950131933,2.33628671561287,aucune_infrastructure,"[""totem_signaletique""]",juil. 2025,coherente,integree_reseau,problematique,3,,300.3,2026-06-01T09:26:55.506188+00:00,0,0,1,0,0,0,1
303,d791322c-8df,gael,calivelo,stn_KTXq2tQ6iQ97n5z4WJkne3,clean_docked,45.036716,-0.131649,station_vls,"[""bornes_docks""]",,coherente,integree_reseau,legitime,4,,113.3,2026-06-01T09:29:30.820951+00:00,0,0,0,0,0,0,0
304,d791322c-8df,gael,Optymo_Belfort_ALS,10a87317-7863-452e-93b6-3fad65bf839d,A7_null_capacity,47.629318,6.858079,aucune_infrastructure,"[""rien_visible""]",avr. 2022,impossible,integree_reseau,problematique,3,,710.1,2026-06-01T09:41:22.684345+00:00,1,0,0,0,0,0,1
305,166c4f51-27f,rohan,cyclolibre,stn_RQQZWSTr5Eyjxcg49dadWi,A4_discordant_composite,43.23085,2.35258,station_vls,"[""bornes_docks""]",Juillet 2023,impossible,integree_reseau,legitime,3,,165.7,2026-06-02T14:49:24.757340+00:00,0,0,0,0,0,0,0
306,166c4f51-27f,rohan,levelo_inurba_marseille,st_d3jp68qikq2c7381ktn0,clean_docked,43.29788,5.44046,station_vls,"[""bornes_docks""]",Juin 2023,coherente,integree_reseau,legitime,3,,272.4,2026-06-02T14:50:36.061336+00:00,0,0,0,0,0,0,0
307,166c4f51-27f,rohan,auray-quiberon,cqocpipmrgc3lc0gde6g,A4_discordant_composite,47.67239,-2.9971,station_vls,"[""bornes_docks"", ""totem_signaletique""]",Juillet 2025,coherente,integree_reseau,legitime,5,,66.8,2026-06-02T14:51:44.623129+00:00,0,0,0,0,0,0,0
308,166c4f51-27f,rohan,toulouse,385,clean_docked,43.587323,1.39462,station_vls,"[""bornes_docks""]",Septembre 2023,coherente,isolee_legitime,legitime,5,,90.3,2026-06-02T14:53:16.674802+00:00,0,0,0,0,0,0,0
309,12a9d0f9-81f,gael,voi_Grenoble,d7f70ed4-0a6c-4225-b55f-f27e97991952,A4_agree_flag,45.241521,5.678635,aucune_infrastructure,"[""rien_visible""]",mai 2022,impossible,integree_reseau,problematique,3,,171.4,2026-06-02T14:54:07.261123+00:00,0,0,1,0,0,0,0
310,12a9d0f9-81f,gael,bird-millau,368daf5b-3045-4c8f-9a55-79427d2153af,A4_discordant_composite,44.10736111,3.056638889,aucune_infrastructure,"[""rien_visible""]",mai 2025,coherente,integree_reseau,problematique,3,,85.3,2026-06-02T14:55:34.381424+00:00,0,0,1,0,0,0,1
311,12a9d0f9-81f,gael,Paris,128843085,clean_docked,48.8634908717245,2.34006710350513,station_vls,"[""bornes_docks""]",,coherente,integree_reseau,legitime,4,,39.5,2026-06-02T14:56:15.623148+00:00,0,0,0,0,0,0,0
312,12a9d0f9-81f,gael,citiz_grand_est,1738,A5_out_of_perimeter,48.5680362,7.7647157,aucune_infrastructure,"[""arceaux""]",,impossible,integree_reseau,problematique,3,,46.8,2026-06-02T14:57:04.218058+00:00,1,0,0,0,1,0,0
313,166c4f51-27f,rohan,tanlib,stn_d7hQ9mvcr5MQEiCHfjijbV,clean_docked,46.32398,-0.46426,station_vls,"[""bornes_docks""]",Avril 2025,coherente,integree_reseau,legitime,5,,230.2,2026-06-02T14:57:08.873566+00:00,0,0,0,0,0,0,0
314,12a9d0f9-81f,gael,lyon,5007,A5_out_of_perimeter,45.757916,4.81317,station_vls,"[""bornes_docks""]",,coherente,integree_reseau,legitime,4,,53.1,2026-06-02T14:57:59.087461+00:00,0,0,0,0,1,0,0
315,12a9d0f9-81f,gael,lyon,3008,A5_out_of_perimeter,45.745828,4.870631,station_vls,"[""bornes_docks""]",,coherente,integree_reseau,legitime,4,,50.8,2026-06-02T14:58:51.691119+00:00,0,0,0,0,1,0,0
316,12a9d0f9-81f,gael,dott-bordeaux,89834aee-3186-4ec4-b0d1-a259f3ab3814,A3_freefloating,44.830902,-0.568183,aucune_infrastructure,"[""arceaux""]",avr. 2023,coherente,integree_reseau,problematique,4,,33.8,2026-06-02T14:59:27.311191+00:00,0,0,1,0,0,0,1
317,166c4f51-27f,rohan,vilvolt_epinal,cle6np4cjsjn0conscj0,A4_agree_flag,48.320165,6.403754,indetermine,"[""rien_visible""]",Avril 2013,impossible,coordonnees_erronees,problematique,3,Coordonnées erronnées,84.8,2026-06-02T15:00:12.137068+00:00,0,0,0,1,0,0,0
318,12a9d0f9-81f,gael,Paris,653073004,A4_discordant_legacy,48.834131261494,2.4547516554594,station_vls,"[""bornes_docks""]",,coherente,integree_reseau,legitime,4,,83.8,2026-06-02T15:00:52.885354+00:00,0,0,0,0,0,0,0
319,12a9d0f9-81f,gael,lyon,5041,A5_out_of_perimeter,45.766576,4.820214,station_vls,"[""bornes_docks""]",,coherente,integree_reseau,legitime,4,,32.9,2026-06-02T15:01:27.593558+00:00,0,0,0,0,1,0,0
320,12a9d0f9-81f,gael,voi_Marseille,0c4ba665-3f06-40b6-8d24-3feb42bf839d,A4_discordant_legacy,43.332427,5.370877,aucune_infrastructure,"[""rien_visible""]",nov. 2025,impossible,integree_reseau,problematique,3,,39.2,2026-06-02T15:02:08.568204+00:00,0,0,1,0,0,0,0
321,12a9d0f9-81f,gael,bird-marseille,14961de0-be74-473a-8a60-32c4e912770c,A3_freefloating,43.2888309500401,5.459919,aucune_infrastructure,"[""rien_visible""]",oct. 2024,coherente,integree_reseau,problematique,3,,35.5,2026-06-02T15:02:45.861773+00:00,0,0,1,0,0,0,1
322,12a9d0f9-81f,gael,pony_Evry,Evry_parking_114,A4_discordant_legacy,48.63469,2.45183,aucune_infrastructure,"[""rien_visible""]",,coherente,integree_reseau,problematique,4,,69.1,2026-06-02T15:03:56.760963+00:00,0,0,1,0,0,0,1
323,12a9d0f9-81f,gael,dott-paris,376c7379-f7c8-4e87-8eb4-8785884412d8,A3_freefloating,48.8614125503547,2.3701786450517,aucune_infrastructure,"[""arceaux""]",juin 2022,coherente,integree_reseau,problematique,4,,34.5,2026-06-02T15:04:33.134396+00:00,0,0,1,0,0,0,1
324,12a9d0f9-81f,gael,toulouse,212,clean_docked,43.6152,1.465444,station_vls,"[""bornes_docks""]",,coherente,integree_reseau,legitime,4,,34.7,2026-06-02T15:05:09.585050+00:00,0,0,0,0,0,0,0
325,12a9d0f9-81f,gael,le_velo_star,5571,A4_discordant_composite,48.094986,-1.663731,station_vls,"[""bornes_docks""]",,coherente,integree_reseau,legitime,4,,33.9,2026-06-02T15:05:45.306942+00:00,0,0,0,0,0,0,0
326,12a9d0f9-81f,gael,citiz_metropole_lyon,389,A1_carsharing,45.7542894669573,4.84779357103675,aucune_infrastructure,"[""arceaux""]",janv. 2022,impossible,integree_reseau,problematique,3,décalage de qq m avec SView,116.7,2026-06-02T15:07:43.765456+00:00,1,0,0,0,0,0,0
327,12a9d0f9-81f,gael,levelo_inurba_marseille,st_d2m6c4gdas8pm72e190g,A4_agree_flag,43.24634,5.43156,aucune_infrastructure,"[""rien_visible""]",janv. 2022,impossible,integree_reseau,problematique,3,SView agéé,85.3,2026-06-02T15:09:10.915957+00:00,0,0,0,0,0,0,0
328,12a9d0f9-81f,gael,citiz_metropole_lyon,1150,A1_carsharing,45.7698516845703,4.85418081283569,autopartage,"[""arceaux"", ""totem_signaletique""]",juin 2024,impossible,integree_reseau,problematique,3,carsharing + arceaux vélo,61.8,2026-06-02T15:10:14.506774+00:00,1,0,0,0,0,0,0
329,12a9d0f9-81f,gael,cyclolibre,stn_RQQZWSTr5Eyjxcg49dadWi,A4_discordant_composite,43.23085,2.35258,aucune_infrastructure,"[""rien_visible""]",mars 2023,impossible,integree_reseau,problematique,3,,35.3,2026-06-02T15:10:51.616753+00:00,0,0,0,0,0,0,0
330,12a9d0f9-81f,gael,zebullo,stn_VrvGS5wgqyeo6LzzwPFDnp,A4_discordant_composite,49.23805,4.03228,station_vls,"[""bornes_docks""]",,impossible,integree_reseau,problematique,3,capacité pas facile a évaluer,100,2026-06-02T15:12:33.446270+00:00,0,0,1,0,0,0,0
331,12a9d0f9-81f,gael,inurba-rouen,3566,clean_docked,49.4328844742547,1.08593305511184,station_vls,"[""bornes_docks"", ""arceaux""]",août 2024,coherente,integree_reseau,indetermine,3,les docks sont de simples arceaux mais la signalétique indique VLS,105.4,2026-06-02T15:14:20.603694+00:00,0,0,0,0,0,0,0
332,12a9d0f9-81f,gael,Optymo_Belfort_ALS,e0736e44-a117-477b-ab31-b433e776dc56,A7_null_capacity,47.654396,6.846897,station_vls,"[""bornes_docks""]",avr. 2022,champ_vide,integree_reseau,legitime,4,,36.2,2026-06-02T15:14:58.624793+00:00,1,0,0,0,0,0,1
333,12a9d0f9-81f,gael,dott-paris,f3a7c35b-8890-4df0-a2d1-77925722572c,A4_discordant_legacy,48.8789681551212,2.29105326048818,aucune_infrastructure,"[""arceaux""]",oct. 2025,coherente,integree_reseau,problematique,3,,37.6,2026-06-02T15:15:37.979684+00:00,0,0,1,0,0,0,1
334,12a9d0f9-81f,gael,lyon,2025,A5_out_of_perimeter,45.762064,4.833527,aucune_infrastructure,"[""arceaux""]",mai 2024,impossible,integree_reseau,problematique,3,,27.2,2026-06-02T15:16:06.933939+00:00,0,0,0,0,1,0,0
335,12a9d0f9-81f,gael,toulouse,230,clean_docked,43.567307,1.467715,station_vls,"[""bornes_docks""]",août 2025,coherente,integree_reseau,legitime,3,,49.4,2026-06-02T15:16:58.144327+00:00,0,0,0,0,0,0,0
336,12a9d0f9-81f,gael,choletbus,stn_dxQMkG4hdFdojnstdPXGpg,A4_discordant_composite,47.046281,-0.851279,station_vls,"[""bornes_docks""]",août 2024,placeholder,integree_reseau,problematique,3,doute sur la capacité,84.4,2026-06-02T15:18:24.266026+00:00,0,0,0,0,0,0,0
337,12a9d0f9-81f,gael,knot_strasbourg,103,A4_discordant_composite,48.59885,7.766174,aucune_infrastructure,"[""arceaux""]",mars 2026,impossible,integree_reseau,problematique,3,,32.6,2026-06-02T15:18:58.774226+00:00,0,0,1,0,0,0,0
338,12a9d0f9-81f,gael,bird-montlucon,0f96fb17-8dbe-467e-9df0-c2dd823cc629,A4_discordant_composite,46.3234347,2.5958655,aucune_infrastructure,"[""rien_visible""]",août 2022,coherente,integree_reseau,problematique,3,,25.9,2026-06-02T15:19:26.422605+00:00,0,0,1,0,0,0,1
339,12a9d0f9-81f,gael,twisto_velolib_caen,ctbhn6o1snvdkble5qug,clean_docked,49.14877,-0.37487,aucune_infrastructure,"[""rien_visible""]",sept. 2024,impossible,isolee_legitime,problematique,3,,35.6,2026-06-02T15:20:03.956741+00:00,0,0,0,0,0,0,0
340,986d1358-8b1,gael,pony_paris,paris_parking_URSULINES_zidAU63GS28,A3_freefloating,48.84275,2.34152,aucune_infrastructure,"[""arceaux""]",,impossible,integree_reseau,problematique,3,,35.8,2026-06-03T11:36:09.064006+00:00,0,0,1,0,0,0,0
341,986d1358-8b1,gael,toulouse,278,clean_docked,43.614159,1.397008,station_vls,"[""bornes_docks""]",,coherente,integree_reseau,legitime,3,,60.7,2026-06-03T11:37:11.521210+00:00,0,0,0,0,0,0,0
342,986d1358-8b1,gael,bird-vichy,3e436ac1-1b7c-471f-8e9e-3ebbd12d5844,A4_discordant_composite,46.1249569228339,3.42718506457729,trottinettes,"[""arceaux""]",,coherente,integree_reseau,problematique,3,,52.9,2026-06-03T11:38:06.210804+00:00,0,0,1,0,0,0,1
343,986d1358-8b1,gael,bird-montlucon,b014060c-8fd0-464b-b5c7-7476865cf076,A4_agree_flag,46.362499,2.59149,aucune_infrastructure,"[""rien_visible""]",,coherente,integree_reseau,problematique,3,,48.7,2026-06-03T11:38:56.667962+00:00,0,0,1,0,0,0,1
344,986d1358-8b1,gael,pony_Bourges,bourges_parking_Virtual_LEP_zid7K3JM1WL,A4_discordant_composite,47.08376,2.42715,aucune_infrastructure,"[""rien_visible""]",,coherente,integree_reseau,problematique,3,,76.1,2026-06-03T11:40:14.548765+00:00,0,0,1,0,0,0,1
345,986d1358-8b1,gael,citiz_grand_est,100,A5_out_of_perimeter,48.581581,7.737955,aucune_infrastructure,"[""rien_visible""]",,impossible,integree_reseau,problematique,3,,93.7,2026-06-03T11:41:50.029961+00:00,1,0,0,0,1,0,0
346,986d1358-8b1,gael,dott-paris,cbbe98a8-9828-4e06-a4cd-df18f7bd5e9c,A3_freefloating,48.8635060458726,2.38969997125361,aucune_infrastructure,"[""arceaux""]",,coherente,integree_reseau,problematique,3,,208.7,2026-06-03T11:45:20.552464+00:00,0,0,1,0,0,0,1
347,986d1358-8b1,gael,citiz_alpes_loire,984,A1_carsharing,45.0407028198242,5.04876899719238,autopartage,"[""totem_signaletique""]",,impossible,integree_reseau,problematique,3,,33.3,2026-06-03T11:45:55.690182+00:00,1,0,0,0,0,0,0
348,986d1358-8b1,gael,pony_paris,paris_parking_MORILLONS_zid5WNFXE46,A4_discordant_legacy,48.83226,2.30228,station_vls,"[""bornes_docks""]",avr. 2024,placeholder,integree_reseau,legitime,3,capacité ~ 30,73.9,2026-06-03T11:47:11.398339+00:00,0,0,1,0,0,0,0
349,c5cd1a15-d2a,gael,dott-paris,29e3f542-ad65-40c3-ae34-b197b6b1034c,A3_freefloating,48.84665248511,2.41144499655046,aucune_infrastructure,"[""arceaux""]",,coherente,integree_reseau,problematique,3,,293.1,2026-06-03T14:34:54.827508+00:00,0,0,1,0,0,0,1
350,c5cd1a15-d2a,gael,Optymo_Belfort_ALS,deea3858-d8c3-4cc7-9ca6-237f455d9076,A7_null_capacity,47.648231,6.853688,autopartage,"[""totem_signaletique""]",,coherente,integree_reseau,problematique,3,,25.1,2026-06-03T14:35:21.799919+00:00,1,0,0,0,0,0,1
351,c5cd1a15-d2a,gael,dott-paris,13539c7f-20f4-4c2b-9eab-982989084880,A3_freefloating,48.8663315430325,2.30164746837877,aucune_infrastructure,"[""totem_signaletique""]",,coherente,integree_reseau,problematique,3,,104.4,2026-06-03T14:37:08.017327+00:00,0,0,1,0,0,0,1
352,c5cd1a15-d2a,gael,Optymo_Belfort_ALS,81dd11bd-217b-45ed-91b4-23b5b6f0be52,A7_null_capacity,47.622357,6.831259,aucune_infrastructure,"[""rien_visible""]",,coherente,isolee_legitime,problematique,3,,28.2,2026-06-03T14:37:38.044828+00:00,1,0,0,0,0,0,1
353,c5cd1a15-d2a,gael,Paris,124183944,clean_docked,48.8469355299176,2.37708762288094,station_vls,"[""bornes_docks""]",,coherente,integree_reseau,legitime,3,,55.7,2026-06-03T14:38:35.540400+00:00,0,0,0,0,0,0,0
354,c5cd1a15-d2a,gael,citiz_alpes_loire,1721,A1_carsharing,45.988771,4.722479,aucune_infrastructure,"[""rien_visible""]",,impossible,integree_reseau,problematique,3,,124.7,2026-06-03T14:40:42.055694+00:00,1,0,0,0,0,0,0
355,c5cd1a15-d2a,gael,citiz_developpement,1681,A5_out_of_perimeter,48.8656397,2.2150462,autopartage,"[""totem_signaletique""]",,impossible,integree_reseau,problematique,3,VILLE : Suresnes,68,2026-06-03T14:41:52.016635+00:00,1,0,0,0,1,0,0
356,c5cd1a15-d2a,gael,citiz_alpes_loire,1211,A1_carsharing,45.364315,5.594211,aucune_infrastructure,"[""rien_visible""]",,impossible,integree_reseau,problematique,3,,152.5,2026-06-03T14:44:26.398328+00:00,1,0,0,0,0,0,0
357,c5cd1a15-d2a,gael,ogalo,stn_NE99V5KhRkTNXJdnTHPUS8,clean_docked,47.24634,-0.077,station_vls,"[""velos_visibles""]",,coherente,integree_reseau,indetermine,3,pas de docks mais des VLS,352.5,2026-06-03T14:50:20.846156+00:00,0,0,0,0,0,0,0
359,65c2c01d-3ce,gael,Paris,37848502,clean_docked,48.8176962416867,2.30761237442493,station_vls,"[""bornes_docks""]",,coherente,integree_reseau,legitime,3,,37.6,2026-06-04T06:43:32.265602+00:00,0,0,0,0,0,0,0
360,65c2c01d-3ce,gael,velo-tbm-bordeaux,93,A4_agree_flag,44.869026,-0.636207,station_vls,"[""bornes_docks""]",,coherente,integree_reseau,legitime,3,,39.3,2026-06-04T06:44:13.350190+00:00,0,0,0,0,0,0,0
361,65c2c01d-3ce,gael,Paris,15308712,clean_docked,48.854284379935,2.3847674578428,station_vls,"[""bornes_docks""]",,coherente,integree_reseau,legitime,4,,25.1,2026-06-04T06:44:40.269536+00:00,0,0,0,0,0,0,0
362,65c2c01d-3ce,gael,lyon,7049,A5_out_of_perimeter,45.727951,4.823563,indetermine,"[""rien_visible""]",,impossible,coordonnees_erronees,problematique,3,SView est dans un batiment,67.8,2026-06-04T06:45:49.891211+00:00,0,0,0,0,1,0,0
363,65c2c01d-3ce,gael,velopop,cpbfgi40a5bcngo02tfg,A4_discordant_composite,43.95332,4.83266,station_vls,"[""bornes_docks""]",,placeholder,integree_reseau,legitime,4,,45.6,2026-06-04T06:46:37.301961+00:00,0,0,0,0,0,0,0
364,65c2c01d-3ce,gael,dott-paris,61e065d2-a702-445a-8904-4bc4b1ca5a40,A4_discordant_legacy,48.8983783627102,2.3252676713172,aucune_infrastructure,"[""arceaux""]",,coherente,integree_reseau,problematique,3,,27.2,2026-06-04T06:47:06.341869+00:00,0,0,1,0,0,0,1
365,65c2c01d-3ce,gael,lyon,27001,A5_out_of_perimeter,45.830874,4.846988,station_vls,"[""bornes_docks""]",,coherente,isolee_legitime,legitime,3,ville : Collonges-au-Mont-d'Or (Nord de Lyon),103.5,2026-06-04T06:48:51.695420+00:00,0,0,0,0,1,0,0
366,65c2c01d-3ce,gael,besancon,1,A4_discordant_composite,47.246419,6.022567,station_vls,"[""bornes_docks""]",,coherente,integree_reseau,legitime,4,,55.2,2026-06-04T06:49:48.853107+00:00,0,0,0,0,0,0,0
367,65c2c01d-3ce,gael,bird-bordeaux,a0272634-21e4-4edc-86ba-bbef6bed4309,A4_discordant_legacy,44.874017,-0.5460739,aucune_infrastructure,"[""arceaux""]",,coherente,integree_reseau,problematique,3,,29.9,2026-06-04T06:50:20.563506+00:00,0,0,1,0,0,0,1
368,65c2c01d-3ce,gael,bird-bordeaux,3e6f3fdc-7815-45a4-8b5e-9ad8731f9ed5,A4_discordant_legacy,44.8433229889868,-0.678090314243759,trottinettes,"[""totem_signaletique""]",,coherente,integree_reseau,problematique,3,,68.6,2026-06-04T06:51:31.037630+00:00,0,0,1,0,0,0,1
369,65c2c01d-3ce,gael,lyon,16001,A5_out_of_perimeter,45.725891,4.858428,station_vls,"[""bornes_docks""]",,coherente,integree_reseau,legitime,4,,54.9,2026-06-04T06:52:27.807630+00:00,0,0,0,0,1,0,0
370,65c2c01d-3ce,gael,cyclovis,stn_2jMbSN7c92GdqNDfRA2ssZ,A4_discordant_composite,49.39035,3.327699,station_vls,"[""bornes_docks""]",,impossible,integree_reseau,legitime,3,,74.1,2026-06-04T06:53:43.674575+00:00,0,0,0,0,0,0,0
371,65c2c01d-3ce,gael,Optymo_Belfort_ALS,5aff6fa5-dc7e-4c98-bc01-e61e9e043367,A7_null_capacity,47.630361,6.852795,aucune_infrastructure,"[""totem_signaletique""]",,coherente,integree_reseau,problematique,3,,102.9,2026-06-04T06:55:28.366212+00:00,1,0,0,0,0,0,1
372,65c2c01d-3ce,gael,dott-bordeaux,af99a743-cd52-4867-8db8-81b46547b440,A4_discordant_legacy,44.878665,-0.568689,trottinettes,"[""rien_visible""]",,coherente,integree_reseau,problematique,3,,32.2,2026-06-04T06:56:02.357529+00:00,0,0,1,0,0,0,1
373,65c2c01d-3ce,gael,calais,stn_AxsPJEA5S6naCgBYzdXQ8m,A4_agree_flag,50.949146,1.956255,aucune_infrastructure,"[""rien_visible""]",oct. 2025,impossible,integree_reseau,problematique,3,rien sur Sview,85.8,2026-06-04T06:57:29.924583+00:00,0,0,0,1,0,0,0
374,65c2c01d-3ce,gael,Paris,42566291,clean_docked,48.873722412917,2.3158480972052,station_vls,"[""bornes_docks""]",,coherente,integree_reseau,legitime,4,,35.7,2026-06-04T06:58:07.525705+00:00,0,0,0,0,0,0,0
375,65c2c01d-3ce,gael,Paris,19186237098,A4_discordant_legacy,48.77699496201,2.4552552404284,station_vls,"[""rien_visible"", ""bornes_docks""]",oct. 2025,coherente,integree_reseau,legitime,4,Coordonnées légèrement à coté,171.4,2026-06-04T07:01:00.956350+00:00,0,0,0,0,0,0,0
376,65c2c01d-3ce,gael,dott-lyon,17040d9f-13fc-4c7a-9c88-7d2ef72031e0,A4_discordant_legacy,45.753251,4.789962,aucune_infrastructure,"[""arceaux""]",mars 2024,coherente,integree_reseau,problematique,3,,23.3,2026-06-04T07:01:26.125884+00:00,0,0,1,0,0,0,1
377,65c2c01d-3ce,gael,le_velo_star,5516,A4_discordant_composite,48.105538,-1.674328,station_vls,"[""bornes_docks"", ""arceaux""]",avr. 2025,coherente,integree_reseau,legitime,4,,47.8,2026-06-04T07:02:15.724772+00:00,0,0,0,0,0,0,0
378,65c2c01d-3ce,gael,pony_paris,paris_parking_CAPUCINES_zidQCYLTGSQ,A3_freefloating,48.87068,2.33287,aucune_infrastructure,"[""rien_visible""]",,impossible,integree_reseau,problematique,3,,25.8,2026-06-04T07:02:43.312714+00:00,0,0,1,0,0,0,0
379,65c2c01d-3ce,gael,citiz_lille_arras,316,A1_carsharing,50.6439590454102,3.07466006278992,autopartage,"[""totem_signaletique""]",août 2025,impossible,integree_reseau,problematique,3,,180.6,2026-06-04T07:05:45.849348+00:00,1,0,0,0,0,0,0
380,65c2c01d-3ce,gael,cergy,56105,clean_docked,49.03223,2.101656,station_vls,"[""bornes_docks""]",,coherente,integree_reseau,legitime,4,,31.8,2026-06-04T07:06:19.617995+00:00,0,0,0,0,0,0,0
381,65c2c01d-3ce,gael,citiz_alpes_loire,1266,A1_carsharing,45.237999,5.688417,autopartage,"[""totem_signaletique""]",mai 2022,impossible,integree_reseau,problematique,3,,268.5,2026-06-04T07:10:51.779161+00:00,1,0,0,0,0,0,0
382,65c2c01d-3ce,gael,velozef,cirqbokg3q5td18hqob0,A2_placeholder,48.4148,-4.4918,aucune_infrastructure,"[""rien_visible""]",sept. 2022,impossible,integree_reseau,problematique,3,rien sur SView,43,2026-06-04T07:11:36.655207+00:00,0,1,0,0,0,0,0
383,65c2c01d-3ce,gael,dott-lyon,96001da5-7f29-4a1e-8874-fb9e971a9a5c,A4_discordant_legacy,45.74112544,4.886031461,aucune_infrastructure,"[""velos_visibles"", ""arceaux""]",juin 2024,coherente,integree_reseau,problematique,3,,45.4,2026-06-04T07:12:23.811819+00:00,0,0,1,0,0,0,1
384,65c2c01d-3ce,gael,Optymo_FR_Belfort,st_d18jddmrumbh8rh03sfg,clean_docked,47.63988,6.86089,aucune_infrastructure,"[""velos_visibles"", ""arceaux""]",sept. 2017,impossible,integree_reseau,problematique,3,,46.8,2026-06-04T07:13:12.431643+00:00,0,0,0,0,0,0,0
385,65c2c01d-3ce,gael,donkey_brest,20104,A4_discordant_composite,48.3972319,-4.4871325,aucune_infrastructure,"[""velos_visibles"", ""arceaux""]",août 2024,impossible,integree_reseau,problematique,3,,39.8,2026-06-04T07:13:54.041019+00:00,0,0,0,0,0,0,0
386,65c2c01d-3ce,gael,velozef,cirqbqsg3q5td18hqq00,A2_placeholder,48.39561,-4.43432,aucune_infrastructure,"[""rien_visible""]",sept. 2025,impossible,integree_reseau,problematique,3,,173.6,2026-06-04T07:16:49.457755+00:00,0,1,0,0,0,0,0
387,65c2c01d-3ce,gael,citiz_nantes,568,A1_carsharing,47.2090301513672,-1.5684700012207,autopartage,"[""totem_signaletique""]",mars 2026Voir p,impossible,integree_reseau,problematique,3,,29.6,2026-06-04T07:17:20.924195+00:00,1,0,0,0,0,0,0
388,65c2c01d-3ce,gael,nextbike_ah,538520633,A4_discordant_composite,49.058751,2.089538,station_vls,"[""bornes_docks""]",Pontoise,coherente,integree_reseau,legitime,3,coordonnées à qq metres de la station,84.2,2026-06-04T07:18:47.025431+00:00,0,0,0,0,0,0,0
389,65c2c01d-3ce,gael,bird-laval,f8aa73d0-e310-433e-ac8f-ceee1db28540,A4_discordant_composite,48.0815601,-0.757149,trottinettes,"[""arceaux""]",févr. 2026,coherente,integree_reseau,problematique,3,,252.9,2026-06-04T07:23:01.895729+00:00,0,0,1,0,0,0,1
390,65c2c01d-3ce,gael,nancy,14,clean_docked,48.692818,6.16861,station_vls,"[""bornes_docks""]",août 2024,impossible,integree_reseau,legitime,4,,33.9,2026-06-04T07:23:37.634238+00:00,0,0,0,0,0,0,0
391,65c2c01d-3ce,gael,velozef,st_d52j5hso7dgs73ca64tg,A2_placeholder,48.39057,-4.50917,aucune_infrastructure,"[""rien_visible""]",août 2024,impossible,integree_reseau,problematique,3,,37.7,2026-06-04T07:24:17.273891+00:00,0,1,0,0,0,0,0
392,65c2c01d-3ce,gael,citiz_grand_est,186,A5_out_of_perimeter,48.5890045166016,7.74188280105591,autopartage,"[""velos_visibles"", ""arceaux"", ""totem_signaletique""]",sept. 2024,impossible,integree_reseau,problematique,3,,31.3,2026-06-04T07:24:50.359698+00:00,1,0,0,0,1,0,0
393,65c2c01d-3ce,gael,Paris,214109662,A4_agree_flag,48.8494974910627,2.47501641511917,station_vls,"[""bornes_docks""]",Oct. 2024,impossible,isolee_legitime,legitime,3,ville : Fontenay-sous-Bois,46.5,2026-06-04T07:25:38.870484+00:00,0,0,0,0,0,0,0
394,65c2c01d-3ce,gael,Optymo_Belfort_ALS,4f1163ef-93ed-44c2-ba61-e2e138ceef22,A7_null_capacity,47.649756,6.848849,aucune_infrastructure,"[""rien_visible""]",avr. 2022,coherente,integree_reseau,problematique,3,,43.1,2026-06-04T07:26:23.786650+00:00,1,0,0,0,0,0,1
395,65c2c01d-3ce,gael,pony_poitiers,poitiers_parking_Chasseneuil_Mairie_zid7CAZ8R3T,A3_freefloating,46.650952,0.375495,trottinettes,"[""totem_signaletique""]",sept. 2025,coherente,integree_reseau,problematique,3,ville : Chasseneuil-du-Poitou (Poitiers N),114.3,2026-06-04T07:28:19.906416+00:00,0,0,1,0,0,0,1
396,65c2c01d-3ce,gael,Optymo_Belfort_ALS,24ee71ce-d7d6-4df6-bb1f-5f952569f824,A7_null_capacity,47.652756,6.8287,autopartage,"[""totem_signaletique""]",avr. 2022,coherente,integree_reseau,problematique,3,,43,2026-06-04T07:29:04.815577+00:00,1,0,0,1,0,0,1
397,65c2c01d-3ce,gael,beb,stn_4dax8kj2eMnmVJyoZW2aCo,A4_discordant_composite,46.208034,5.232121,aucune_infrastructure,"[""rien_visible""]",sept. 2017,impossible,integree_reseau,problematique,3,,73.8,2026-06-04T07:30:20.538928+00:00,0,0,0,0,0,0,0
398,65c2c01d-3ce,gael,citiz_provence,1395,A1_carsharing,43.3041801452637,5.39749479293823,trottinettes,"[""rien_visible""]",févr. 2023,impossible,integree_reseau,problematique,3,,73.4,2026-06-04T07:31:35.864137+00:00,1,0,0,0,0,0,0
399,65c2c01d-3ce,gael,citiz_alpes_loire,1246,A1_carsharing,45.217636,5.808716,aucune_infrastructure,"[""rien_visible""]",juin 2022,impossible,isolee_legitime,problematique,3,ville : Montbonnot-Saint-Martin (Grenoble N),80.1,2026-06-04T07:32:57.882158+00:00,1,0,0,0,0,0,0
400,65c2c01d-3ce,gael,dott-paris,0eead452-2d4d-40ed-9837-6895c5ea031c,A4_discordant_legacy,48.8992577393072,2.37629260968982,trottinettes,"[""arceaux""]",juil. 2022,coherente,integree_reseau,problematique,3,,48.8,2026-06-04T07:33:48.592069+00:00,0,0,1,0,0,0,1
401,65c2c01d-3ce,gael,bird-marseille,72419ea9-55a7-4801-b475-281eea50aa5e,A4_discordant_legacy,43.34288695004,5.408238,aucune_infrastructure,"[""rien_visible""]",oct. 2025,coherente,integree_reseau,problematique,3,,68.8,2026-06-04T07:34:59.294888+00:00,0,0,1,0,0,0,1
402,65c2c01d-3ce,gael,Optymo_Belfort_ALS,bbff9998-ead1-4bf0-af77-638d95e78b64,A7_null_capacity,47.634338,6.855909,autopartage,"[""totem_signaletique""]",août 2018,impossible,integree_reseau,problematique,3,,31.1,2026-06-04T07:35:32.277699+00:00,1,0,0,0,0,0,1
403,65c2c01d-3ce,gael,dott-paris,1f65b191-231e-473c-8b6a-eda18ae74dec,A4_discordant_legacy,48.8863661839296,2.29025760495045,aucune_infrastructure,"[""arceaux""]",avr. 2022,coherente,integree_reseau,problematique,3,,152.2,2026-06-04T07:38:06.418669+00:00,0,0,1,0,0,0,1
404,65c2c01d-3ce,gael,vilvolt_epinal,cle6np4cjsjn0conscj0,A4_agree_flag,48.320165,6.403754,aucune_infrastructure,"[""rien_visible""]",avr. 2013,impossible,isolee_legitime,problematique,3,ville : Châtel-sur-Moselle (à 20km au N d'Epinal),67.4,2026-06-04T07:39:15.794313+00:00,0,0,0,1,0,0,0
405,65c2c01d-3ce,gael,Optymo_Belfort_ALS,3348a72e-eba3-4627-a05b-a500b4547dfb,A1_carsharing,47.63595,6.857963,autopartage,"[""totem_signaletique""]",avr. 2022,impossible,integree_reseau,problematique,3,,57.2,2026-06-04T07:40:14.988879+00:00,1,0,0,0,0,0,1
406,65c2c01d-3ce,gael,citiz_alpes_loire,1050,A1_carsharing,45.5597305297852,5.90305614471436,aucune_infrastructure,"[""arceaux""]",nov. 2018,impossible,isolee_suspecte,problematique,3,ville : Chambéry (à 60km au N de Grenoble),91,2026-06-04T07:41:47.881597+00:00,1,0,0,0,0,0,0
407,65c2c01d-3ce,gael,bird-vichy,37ab3595-1e6b-4c18-a0fd-30ede8318c72,A4_discordant_composite,46.1207756830748,3.41921883183586,trottinettes,"[""arceaux""]",oct. 2024,coherente,integree_reseau,problematique,3,,45.6,2026-06-04T07:42:35.451300+00:00,0,0,1,0,0,0,1
408,65c2c01d-3ce,gael,citiz_rennes_metropole,1562,A4_discordant_composite,48.1225415,-1.6694257,autopartage,"[""arceaux"", ""totem_signaletique""]",avr. 2025,impossible,integree_reseau,problematique,3,,31.6,2026-06-04T07:43:08.985385+00:00,1,0,0,0,0,0,0
409,65c2c01d-3ce,gael,lemarcel,stn_BzVR4rGRkHpe4FuZCH4S7g,clean_docked,48.268866,4.06965,station_vls,"[""bornes_docks""]",nov. 2024,coherente,integree_reseau,legitime,3,,62.1,2026-06-04T07:44:12.989428+00:00,0,0,0,0,0,0,0
410,65c2c01d-3ce,gael,Paris,1558958733,A4_agree_flag,48.897909724945,2.23837230436449,station_vls,"[""arceaux"", ""bornes_docks""]",oct. 2024,coherente,integree_reseau,legitime,4,,60.8,2026-06-04T07:45:15.742726+00:00,0,0,0,0,0,0,0
411,65c2c01d-3ce,gael,lyon,1016,A5_out_of_perimeter,45.765944,4.831089,station_vls,"[""bornes_docks""]",juin 2024,coherente,integree_reseau,legitime,4,,52.9,2026-06-04T07:46:10.588301+00:00,0,0,0,0,1,0,0
412,65c2c01d-3ce,gael,dott-paris,6911dfbb-15b8-401b-b92f-7cd3e8a478a4,A4_discordant_legacy,48.8664056885524,2.28007564643989,aucune_infrastructure,"[""rien_visible""]",août 2017,coherente,integree_reseau,problematique,3,,34.3,2026-06-04T07:46:46.806419+00:00,0,0,1,0,0,0,1
413,65c2c01d-3ce,gael,grand-est,st_d34n07umbtds7381rb90,A5_out_of_perimeter,47.74243,7.34287,aucune_infrastructure,"[""arceaux""]",mars 2025,coherente,integree_reseau,problematique,3,le site était pourvu de docks les années passées (SView oct.2020) mais les dernières images SView montrent une place sans docks.,437,2026-06-04T07:54:05.757097+00:00,0,0,0,0,1,0,0
414,65c2c01d-3ce,gael,velozef,st_d52j6h4o7dgs73ca6680,A4_discordant_composite,48.40579,-4.49677,aucune_infrastructure,"[""rien_visible""]",oct. 2024,impossible,integree_reseau,problematique,3,,97.1,2026-06-04T07:55:44.717528+00:00,0,1,0,0,0,0,0
415,65c2c01d-3ce,gael,Optymo_Belfort_ALS,8c166007-0c2e-426b-9e28-a5b216ccc532,A7_null_capacity,47.651946,6.856263,autopartage,"[""totem_signaletique""]",avr. 2022,impossible,integree_reseau,problematique,3,,37.1,2026-06-04T07:56:23.714106+00:00,1,0,0,0,0,0,1
416,65c2c01d-3ce,gael,voi_Marseille,5c7f688f-9ed9-4ec9-bee2-a861521ecb94,A4_agree_flag,43.228007,5.351871,trottinettes,"[""arceaux"", ""totem_signaletique""]",oct. 2024,impossible,isolee_legitime,problematique,3,,54.7,2026-06-04T07:57:20.357744+00:00,0,0,1,0,0,0,0
417,65c2c01d-3ce,gael,voi_Marseille,f2d1c672-15d4-48da-905d-1634a369ff7c,A3_freefloating,43.294585,5.388887,trottinettes,"[""arceaux""]",oct. 2025,impossible,integree_reseau,problematique,3,,34.9,2026-06-04T07:57:57.244274+00:00,0,0,1,0,0,0,0
418,65c2c01d-3ce,gael,velocite,stn_QdiBmy7f2PPyBFBiv5mFoV,A4_agree_flag,49.57321,3.683503,station_vls,"[""totem_signaletique""]",juin 2024,impossible,isolee_legitime,problematique,3,ville : Athies-sous-Laon (Laon E),81.1,2026-06-04T07:59:20.387223+00:00,0,0,0,1,0,0,0
419,65c2c01d-3ce,gael,dott-paris,9cde6804-bd32-4444-88e4-0dc3c2daee60,A3_freefloating,48.8621152386521,2.39936243835186,trottinettes,"[""totem_signaletique""]",août 2022,coherente,integree_reseau,problematique,3,,24.3,2026-06-04T07:59:46.638232+00:00,0,0,1,0,0,0,1
420,65c2c01d-3ce,gael,velozef,cirqbp4g3q5td18hqol0,A2_placeholder,48.40177,-4.46853,station_vls,"[""arceaux""]",oct. 2022,impossible,integree_reseau,indetermine,3,,79.6,2026-06-04T08:01:08.214009+00:00,0,1,0,0,0,0,0
421,65c2c01d-3ce,gael,dott-paris,535a2006-b61b-4891-84b3-91454d18ee9c,A4_discordant_legacy,48.8816711886026,2.29223061456696,aucune_infrastructure,"[""rien_visible""]",avr. 2022,impossible,integree_reseau,problematique,3,,28.3,2026-06-04T08:01:38.414281+00:00,0,0,1,0,0,0,1
422,65c2c01d-3ce,gael,dott-paris,69c673d4-3099-4ac8-bb9c-e5ac3b22f80c,A3_freefloating,48.8469185751733,2.37364085900583,aucune_infrastructure,"[""arceaux""]",oct. 2024,coherente,integree_reseau,problematique,3,,25.2,2026-06-04T08:02:05.506812+00:00,0,0,1,0,0,0,1
423,65c2c01d-3ce,gael,Optymo_Belfort_ALS,285fd809-8396-44d1-8988-8a7ad961fd0b,A7_null_capacity,47.63467,6.845638,station_vls,"[""bornes_docks""]",avr. 2022,champ_vide,integree_reseau,legitime,3,,43.7,2026-06-04T08:02:51.137597+00:00,1,0,0,0,0,0,1
424,65c2c01d-3ce,gael,velo-tbm-bordeaux,33,clean_docked,44.854092,-0.593128,station_vls,"[""bornes_docks""]",avr. 2025,coherente,integree_reseau,legitime,4,,57,2026-06-04T08:03:50.093089+00:00,0,0,0,0,0,0,0
425,65c2c01d-3ce,gael,dott-lyon,1d1664d3-dda7-4547-9979-acc769b4f2dc,A4_discordant_legacy,45.819371,4.891946,trottinettes,"[""totem_signaletique""]",nov. 2024,coherente,integree_reseau,problematique,3,ville : Rillieux-la-Pape (à 10km au N de Lyon),51.2,2026-06-04T08:04:43.244711+00:00,0,0,1,0,0,0,1
426,65c2c01d-3ce,gael,citiz_angers,279,A1_carsharing,47.462947845459,-0.55273300409317,aucune_infrastructure,"[""arceaux""]",sept. 2024,impossible,integree_reseau,problematique,3,,32.4,2026-06-04T08:05:17.575856+00:00,1,0,0,0,0,0,0
427,65c2c01d-3ce,gael,dott-paris,863ce99f-a02d-4d46-b0d9-2454a984990c,A3_freefloating,48.8622770480183,2.34207871108496,aucune_infrastructure,"[""arceaux""]",juin 2022,coherente,integree_reseau,problematique,3,,25.7,2026-06-04T08:05:45.139734+00:00,0,0,1,0,0,0,1
428,65c2c01d-3ce,gael,lyon,10101,A5_out_of_perimeter,45.779429,4.873992,station_vls,"[""bornes_docks""]",juin 2024,impossible,integree_reseau,legitime,3,ville : Villeurbanne,54.3,2026-06-04T08:06:41.338247+00:00,0,0,0,0,1,0,0
429,65c2c01d-3ce,gael,bird-marseille,abcfbcf6-6a7d-4ab7-bdce-7988b3f8b2b0,A3_freefloating,43.2781957649683,5.3550686,trottinettes,"[""arceaux""]",oct. 2025,impossible,integree_reseau,problematique,3,,50.3,2026-06-04T08:07:33.533155+00:00,0,0,1,0,0,0,1
446,d98c2a1b-7e4,rohan,Optymo_Belfort_ALS,f4c34bb4-5e55-41e6-9378-1102fa7d329c,A7_null_capacity,47.645514,6.862668,autopartage,"[""totem_signaletique""]",,champ_vide,integree_reseau,problematique,5,Carsharing,45.2,2026-06-04T08:30:12.886238+00:00,1,0,0,0,0,0,1
447,d98c2a1b-7e4,rohan,bird-millau,f5029000-e899-4c5d-83cb-3827a6ba8232,A4_discordant_composite,44.114561,3.083178,aucune_infrastructure,"[""rien_visible""]",Mai 2025,champ_vide,integree_reseau,problematique,3,,38.1,2026-06-04T08:31:05.545340+00:00,0,0,1,0,0,0,1
448,d98c2a1b-7e4,rohan,citiz_rennes_metropole,1821,A1_carsharing,48.0936992,-1.672566,aucune_infrastructure,"[""rien_visible""]",Février 2025,champ_vide,integree_reseau,problematique,5,Carsharing,61.4,2026-06-04T08:32:10.208124+00:00,1,0,0,0,0,0,0
449,d98c2a1b-7e4,rohan,Optymo_Belfort_ALS,b9ade083-519b-4915-b964-59cd759d1e11,A7_null_capacity,47.652611,6.864274,station_vls,"[""bornes_docks""]",Avril 2022,champ_vide,integree_reseau,problematique,3,,52.9,2026-06-04T08:33:15.453401+00:00,1,0,0,0,0,0,1
450,d98c2a1b-7e4,rohan,dott-gpseo,eeae1fc7-0c46-420c-8ad0-abea98460230,A3_freefloating,48.92939235,2.042706865,trottinettes,"[""rien_visible""]",Mars 2026,champ_vide,integree_reseau,problematique,3,,47.2,2026-06-04T08:34:21.931787+00:00,0,0,1,0,0,0,1
451,d98c2a1b-7e4,rohan,dott-paris,84e17d1f-dd1b-42ae-a318-7747a17d97b0,A4_discordant_legacy,48.8416316308884,2.26557069984562,aucune_infrastructure,"[""rien_visible""]",,champ_vide,integree_reseau,problematique,5,,33.4,2026-06-04T08:35:10.681290+00:00,0,0,1,0,0,0,1
452,d98c2a1b-7e4,rohan,pony_paris,paris_parking_SIMPLON_zidYYHAQDZM,A4_discordant_legacy,48.89409,2.34908,aucune_infrastructure,"[""rien_visible""]",Mars 2026,champ_vide,integree_reseau,problematique,3,,42.1,2026-06-04T08:36:12.009248+00:00,0,0,1,0,0,0,0
453,d98c2a1b-7e4,rohan,Paris,66491368,clean_docked,48.849686566191,2.3434996604919,station_vls,"[""bornes_docks""]",,coherente,integree_reseau,legitime,5,,60.5,2026-06-04T08:37:30.831374+00:00,0,0,0,0,0,0,0
454,d98c2a1b-7e4,rohan,pony_La_Roche_Sur_Yon,la_roche_sur_yon_parking_La_Noue_zidDUZQ70BQ,A4_discordant_composite,46.6564473,-1.3940677,aucune_infrastructure,"[""rien_visible""]",,champ_vide,isolee_legitime,problematique,3,,49.8,2026-06-04T08:38:40.967293+00:00,0,0,1,0,0,0,1
455,d98c2a1b-7e4,rohan,dott-paris,0dc1d212-9304-452b-b4b8-789829e0bba8,A3_freefloating,48.8426864120121,2.27751675124691,aucune_infrastructure,"[""arceaux""]",,champ_vide,integree_reseau,problematique,5,,51.2,2026-06-04T08:39:55.779317+00:00,0,0,1,0,0,0,1
456,d98c2a1b-7e4,rohan,Paris,20497547989,A4_agree_flag,48.76529107158,2.3926565092808,aucune_infrastructure,"[""rien_visible""]",Octobre 2025,champ_vide,isolee_legitime,problematique,3,,105.4,2026-06-04T08:41:20.368680+00:00,0,0,0,0,0,0,0
457,d98c2a1b-7e4,rohan,citiz_developpement,53,A4_discordant_legacy,48.8572044372559,2.43757796287537,aucune_infrastructure,"[""rien_visible""]",Octobre 2024,champ_vide,integree_reseau,problematique,5,Carsharing,65.3,2026-06-04T08:42:35.847273+00:00,1,0,0,0,1,0,0
458,d98c2a1b-7e4,rohan,montpellier,041,A4_agree_flag,43.639119,3.828199,station_vls,"[""bornes_docks""]",,coherente,integree_reseau,legitime,5,,25.4,2026-06-04T08:43:10.725497+00:00,0,0,0,0,0,0,0
459,d98c2a1b-7e4,rohan,montpellier,039,A4_discordant_composite,43.626163,3.882492,station_vls,"[""bornes_docks""]",,coherente,integree_reseau,legitime,5,,31.1,2026-06-04T08:44:05.354707+00:00,0,0,0,0,0,0,0
460,d98c2a1b-7e4,rohan,citiz_gironde,609,A4_agree_flag,44.8407096862793,-0.647211015224457,autopartage,"[""rien_visible""]",,champ_vide,isolee_legitime,problematique,3,,56.8,2026-06-04T08:45:12.062181+00:00,1,0,0,1,0,0,0
461,d98c2a1b-7e4,rohan,citiz_angers,286,A1_carsharing,47.4602508544922,-0.5381960272789,aucune_infrastructure,"[""rien_visible""]",,champ_vide,integree_reseau,problematique,5,Carsharing,48.9,2026-06-04T08:46:18.744275+00:00,1,0,0,0,0,0,0
462,d98c2a1b-7e4,rohan,bird-bordeaux,6037a1af-a60a-4ecd-9e58-59e5bb9945b8,A4_discordant_legacy,44.8514205,-0.6446785,aucune_infrastructure,"[""rien_visible""]",,champ_vide,isolee_legitime,problematique,3,,42.5,2026-06-04T08:47:11.171063+00:00,0,0,1,0,0,0,1
463,d98c2a1b-7e4,rohan,impulsyon,stn_a2BM5JGRBA2GVAz7tPDuvL,clean_docked,46.68198,-1.43469,station_vls,"[""bornes_docks""]",,coherente,integree_reseau,legitime,5,,120.4,2026-06-04T08:48:55.927677+00:00,0,0,0,0,0,0,0
464,d98c2a1b-7e4,rohan,citiz_developpement,1641,A5_out_of_perimeter,49.2759443897372,-0.258170198179905,aucune_infrastructure,"[""rien_visible""]",,champ_vide,isolee_suspecte,problematique,3,,52.1,2026-06-04T08:50:10.177160+00:00,1,0,0,1,1,0,0
465,d98c2a1b-7e4,rohan,lyon,7057,A5_out_of_perimeter,45.734712,4.835486,station_vls,"[""bornes_docks""]",,coherente,integree_reseau,legitime,5,,58.9,2026-06-04T08:51:25.281929+00:00,0,0,0,0,1,0,0
466,d98c2a1b-7e4,rohan,dijon,35,clean_docked,47.331,5.025,aucune_infrastructure,"[""rien_visible""]",Février 2026,champ_vide,integree_reseau,problematique,3,,45.6,2026-06-04T08:52:15.692273+00:00,0,0,0,0,0,0,0
467,d98c2a1b-7e4,rohan,bird-ajaccio,da7b7129-674b-4c03-9875-400a92f438f0,A4_agree_flag,41.9058423831353,8.67139935493469,aucune_infrastructure,"[""rien_visible""]",,champ_vide,integree_reseau,problematique,3,,88.5,2026-06-04T08:53:30.458532+00:00,0,0,1,0,0,0,1
468,d98c2a1b-7e4,rohan,velozef,cirqc14g3q5td18hqvj0,A2_placeholder,48.37986,-4.60064,aucune_infrastructure,"[""rien_visible""]",,champ_vide,integree_reseau,problematique,3,,41.2,2026-06-04T08:54:15.672510+00:00,0,1,0,0,0,0,0
469,d98c2a1b-7e4,rohan,velozef,cirqbjsg3q5td18hqkt0,A2_placeholder,48.39527,-4.47989,aucune_infrastructure,"[""velos_visibles""]",,champ_vide,integree_reseau,problematique,5,,35.4,2026-06-04T08:55:05.003265+00:00,0,1,0,0,0,0,0
470,d98c2a1b-7e4,rohan,pony_paris,paris_parking_PAU_CASALS_zidM60BCR7A,A4_discordant_legacy,48.83171,2.3768,aucune_infrastructure,"[""rien_visible""]",,champ_vide,integree_reseau,problematique,5,,105.8,2026-06-04T08:56:45.350407+00:00,0,0,1,0,0,0,0
471,d98c2a1b-7e4,rohan,bird-millau,0ebecdf5-6c30-4de7-8ada-581f0c88fcaa,A4_agree_flag,44.088492,3.053926,aucune_infrastructure,"[""rien_visible""]",,champ_vide,integree_reseau,problematique,3,,42.9,2026-06-04T08:57:35.530480+00:00,0,0,1,0,0,0,1
472,d98c2a1b-7e4,rohan,citiz_gironde,691,A1_carsharing,44.8638687133789,-0.619679987430573,autopartage,"[""totem_signaletique""]",,champ_vide,isolee_legitime,problematique,3,,68.1,2026-06-04T08:58:45.462484+00:00,1,0,0,0,0,0,0
473,d98c2a1b-7e4,rohan,dott-lyon,f1fd9915-243b-491c-970a-ca2670f60c7c,A3_freefloating,45.769916,4.829672,aucune_infrastructure,"[""arceaux""]",,champ_vide,integree_reseau,problematique,5,,49.2,2026-06-04T08:59:50.345218+00:00,0,0,1,0,0,0,1
474,d98c2a1b-7e4,rohan,amiens,114,clean_docked,49.88149,2.28513,aucune_infrastructure,"[""rien_visible""]",,champ_vide,isolee_legitime,problematique,3,,110.5,2026-06-04T09:01:10.302328+00:00,0,0,0,0,0,0,0
475,d98c2a1b-7e4,rohan,pony_paris,paris_parking_SAINT_HONORE_zid1FX7MBZA,A3_freefloating,48.86334,2.33513,aucune_infrastructure,"[""arceaux""]",,champ_vide,integree_reseau,problematique,3,,65.1,2026-06-04T09:02:25.691614+00:00,0,0,1,0,0,0,0
476,d98c2a1b-7e4,rohan,Paris,128841079,clean_docked,48.866143390992,2.3251800647137,station_vls,"[""bornes_docks""]",,coherente,integree_reseau,legitime,5,,240.2,2026-06-04T09:05:40.254635+00:00,0,0,0,0,0,0,0
477,d98c2a1b-7e4,rohan,dott-lyon,bd92e450-8e86-483d-8535-49f68ea49380,A4_discordant_legacy,45.7546181,4.7878271,aucune_infrastructure,"[""arceaux""]",,champ_vide,integree_reseau,problematique,3,,48.7,2026-06-04T09:06:50.515553+00:00,0,0,1,0,0,0,1
478,d98c2a1b-7e4,rohan,citiz_grand_est,220,A1_carsharing,48.3375282287598,7.2883448600769,aucune_infrastructure,"[""rien_visible""]",,champ_vide,integree_reseau,problematique,3,,115.4,2026-06-04T09:08:15.287544+00:00,1,0,0,1,1,0,0
479,d98c2a1b-7e4,rohan,dott-paris,480828b8-1c05-421e-a442-2cf4e37b2d38,A3_freefloating,48.8679985429169,2.28097360829817,aucune_infrastructure,"[""velos_visibles""]",Octobre 2025,champ_vide,integree_reseau,problematique,3,,125.8,2026-06-04T09:10:30.469496+00:00,0,0,1,0,0,0,1
480,d98c2a1b-7e4,rohan,bird-gap,236bdb95-ffca-493a-9c1a-3176ecf667bf,A4_agree_flag,44.5336895877376,6.04417653545408,aucune_infrastructure,"[""totem_signaletique""]",,champ_vide,isolee_legitime,problematique,3,,450.2,2026-06-04T09:15:12.421964+00:00,0,0,1,0,0,0,1
481,d98c2a1b-7e4,rohan,citiz_grand_est,241,A1_carsharing,48.5995330810547,7.74672698974609,aucune_infrastructure,"[""rien_visible""]",,champ_vide,integree_reseau,problematique,3,,15.2,2026-06-04T09:15:45.514074+00:00,1,0,0,0,1,0,0
482,d98c2a1b-7e4,rohan,cyclam,stn_J3ph8f8hgUnpWvbJXj993c,clean_docked,49.775025,4.719151,station_vls,"[""bornes_docks""]",,coherente,integree_reseau,legitime,5,,60.1,2026-06-04T09:16:55.824362+00:00,0,0,0,0,0,0,0
483,d98c2a1b-7e4,rohan,Paris,235241110,clean_docked,48.8436279,2.4630465,station_vls,"[""bornes_docks""]",,coherente,isolee_legitime,legitime,5,,55.8,2026-06-04T09:18:10.374836+00:00,0,0,0,0,0,0,0
484,d98c2a1b-7e4,rohan,labaule,stn_gYz6VVkfwAyHzsjCknvG9H,A4_discordant_composite,47.29455,-2.35909,station_vls,"[""bornes_docks""]",,coherente,integree_reseau,legitime,3,,210.4,2026-06-04T09:21:45.123114+00:00,0,0,0,0,0,0,0
485,d98c2a1b-7e4,rohan,citiz_gironde,665,A1_carsharing,44.5797653198242,-0.0328480005264282,aucune_infrastructure,"[""rien_visible""]",,champ_vide,isolee_legitime,problematique,3,,40.2,2026-06-04T09:22:30.742226+00:00,1,0,0,1,0,0,0
486,d98c2a1b-7e4,rohan,velocite,stn_EvBPTc3ZfAxrmkeKJygest,A4_discordant_composite,49.55922,3.612743,station_vls,"[""bornes_docks""]",,coherente,integree_reseau,legitime,5,,280.1,2026-06-04T09:27:15.259656+00:00,0,0,0,0,0,0,0
487,d98c2a1b-7e4,rohan,citiz_grand_poitiers,1487,A4_discordant_composite,46.5739714,0.3290087,aucune_infrastructure,"[""rien_visible""]",,champ_vide,integree_reseau,problematique,3,,120.4,2026-06-04T09:29:25.850179+00:00,1,0,0,0,0,0,0
488,d98c2a1b-7e4,rohan,dott-lyon,86a1488b-b446-4e1b-8eaa-34f34841d314,A3_freefloating,45.7547604,4.7954224,aucune_infrastructure,"[""arceaux""]",Mars 2022,champ_vide,integree_reseau,problematique,3,,15.4,2026-06-04T09:30:10.013015+00:00,0,0,1,0,0,0,1
489,d98c2a1b-7e4,rohan,bird-bordeaux,5f02a525-bba5-4b83-a892-058f68417832,A4_discordant_legacy,44.8625358617457,-0.523286220855302,trottinettes,"[""rien_visible""]",,champ_vide,integree_reseau,problematique,5,,60.8,2026-06-04T09:31:25.068158+00:00,0,0,1,0,0,0,1
490,d98c2a1b-7e4,rohan,velozef,cirqbn4g3q5td18hqnfg,A2_placeholder,48.40056,-4.49866,station_vls,"[""bornes_docks""]",,coherente,integree_reseau,legitime,5,,110.2,2026-06-04T09:33:15.566214+00:00,0,1,0,0,0,0,0
491,d98c2a1b-7e4,rohan,citiz_grand_est,1264,A5_out_of_perimeter,48.074065,7.354389,aucune_infrastructure,"[""rien_visible""]",Septembre 2024,champ_vide,integree_reseau,problematique,3,,45.1,2026-06-04T09:34:10.442930+00:00,1,0,0,0,1,0,0
492,d98c2a1b-7e4,rohan,Optymo_Belfort_ALS,0d0d97cd-27e9-4b75-8269-fa7ae3d1c703,A7_null_capacity,47.650345,6.85917,aucune_infrastructure,"[""arceaux""]",Avril 2025,champ_vide,integree_reseau,problematique,3,,65.4,2026-06-04T09:35:20.411677+00:00,1,0,0,0,0,0,1
493,d98c2a1b-7e4,rohan,grand-est,st_d34n06embtds7381rajg,A5_out_of_perimeter,49.25303,6.16414,aucune_infrastructure,"[""arceaux""]",Juillet 2025,champ_vide,integree_reseau,problematique,3,ville : Hagondange,62.8,2026-06-04T09:36:35.995627+00:00,0,0,0,0,1,0,0
494,d98c2a1b-7e4,rohan,bird-laval,0337e45d-b62a-4f65-87cd-83381bcf7353,A4_agree_flag,48.060894,-0.73734,aucune_infrastructure,"[""rien_visible""]",Juillet 2022,champ_vide,isolee_legitime,problematique,3,,62.1,2026-06-04T09:37:45.148030+00:00,0,0,1,0,0,0,1
495,d98c2a1b-7e4,rohan,lyon,3003,A5_out_of_perimeter,45.762974,4.855071,station_vls,"[""bornes_docks""]",,coherente,integree_reseau,legitime,5,,35.4,2026-06-04T09:38:30.909201+00:00,0,0,0,0,1,0,0
496,d98c2a1b-7e4,rohan,amiens,102,A4_agree_flag,49.874947,2.264305,aucune_infrastructure,"[""rien_visible""]",Février 2023,champ_vide,isolee_legitime,problematique,3,,62.4,2026-06-04T09:39:40.148084+00:00,0,0,0,0,0,0,0
497,deff89c2-bb9,rohan,citiz_grand_est,80,A5_out_of_perimeter,48.5871467590332,7.73674297332764,autopartage,"[""rien_visible""]",Juin 2024,coherente,integree_reseau,problematique,3,,55.3,2026-06-05T16:14:20.232727+00:00,1,0,0,0,1,0,0
498,deff89c2-bb9,rohan,auxrmlevelo,ch8cimllc8te4d3h8410,A4_discordant_composite,47.75113,3.49012,station_vls,"[""bornes_docks""]",,coherente,integree_reseau,legitime,3,,21.2,2026-06-05T16:14:43.231296+00:00,0,0,0,0,0,0,0
499,deff89c2-bb9,rohan,citiz_gironde,667,A4_discordant_legacy,44.5553283691406,-0.255432993173599,autopartage,"[""rien_visible""]",,coherente,integree_reseau,problematique,4,,81,2026-06-05T16:16:06.059886+00:00,1,0,0,0,0,0,0
500,deff89c2-bb9,rohan,pony_Evry,Evry_parking_151,A3_freefloating,48.62277,2.42352,aucune_infrastructure,"[""arceaux""]",,champ_vide,integree_reseau,problematique,3,,27.6,2026-06-05T16:16:35.568542+00:00,0,0,1,0,0,0,1
501,deff89c2-bb9,rohan,inurba-rouen,3613,clean_docked,49.4312985249482,1.07330718006367,station_vls,"[""bornes_docks"", ""totem_signaletique""]",,coherente,integree_reseau,legitime,3,,24.1,2026-06-05T16:17:01.495530+00:00,0,0,0,0,0,0,0
502,deff89c2-bb9,rohan,citiz_rennes_metropole,1563,A4_discordant_composite,48.1226501464844,-1.63911497592926,autopartage,"[""rien_visible""]",,coherente,isolee_legitime,problematique,3,,115.1,2026-06-05T16:18:58.345159+00:00,1,0,0,0,0,0,0
503,deff89c2-bb9,rohan,dott-bordeaux,8ec0022b-d831-42c8-b91a-46b50fa466b8,A4_discordant_legacy,44.8729158,-0.6777164,aucune_infrastructure,"[""rien_visible""]",,champ_vide,integree_reseau,problematique,3,,16.2,2026-06-05T16:19:16.255790+00:00,0,0,1,0,0,0,1
504,deff89c2-bb9,rohan,Optymo_Belfort_ALS,4d3a9251-6bfe-4717-99db-d3a06252353a,A7_null_capacity,47.640718,6.866501,autopartage,"[""rien_visible""]",,champ_vide,integree_reseau,problematique,3,,19.1,2026-06-05T16:19:37.113413+00:00,1,0,0,0,0,0,1
505,deff89c2-bb9,rohan,pony_bordeaux,bordeaux_parking_Arceau_10884_zidE3WBDTCR,A3_freefloating,44.83768,-0.58813,aucune_infrastructure,"[""rien_visible""]",,champ_vide,integree_reseau,problematique,3,,84.9,2026-06-05T16:21:03.696844+00:00,0,0,1,0,0,0,1
506,deff89c2-bb9,rohan,dott-paris,06aea842-3642-4028-b6a7-58e4c830a27c,A4_discordant_legacy,48.8524132125801,2.26818893933673,aucune_infrastructure,"[""rien_visible""]",,champ_vide,integree_reseau,problematique,3,,44.3,2026-06-05T16:21:49.769834+00:00,0,0,1,0,0,0,1
507,deff89c2-bb9,rohan,pony_bordeaux,bordeaux_parking_Arceau_11700_zid31RFKN97,A3_freefloating,44.86337,-0.55906,indetermine,"[""rien_visible""]",,champ_vide,integree_reseau,problematique,3,,24.9,2026-06-05T16:22:16.379550+00:00,0,0,1,0,0,0,1
508,deff89c2-bb9,rohan,Optymo_Belfort_ALS,683ebe0b-ff1a-4ca9-8ecf-c9c4cbf2cc37,A7_null_capacity,47.641448,6.839563,autopartage,"[""rien_visible""]",,champ_vide,integree_reseau,problematique,3,,16.5,2026-06-05T16:22:34.560544+00:00,1,0,0,0,0,0,1
509,deff89c2-bb9,rohan,Optymo_Belfort_ALS,f3db772f-b649-4a2b-93a5-274136e2c368,A7_null_capacity,47.649001,6.864977,autopartage,"[""rien_visible""]",,champ_vide,integree_reseau,problematique,3,,18.6,2026-06-05T16:22:54.882496+00:00,1,0,0,0,0,0,1
510,deff89c2-bb9,rohan,lyon,2010,A5_out_of_perimeter,45.743317,4.815747,station_vls,"[""totem_signaletique"", ""velos_visibles"", ""bornes_docks""]",,coherente,integree_reseau,legitime,5,,54,2026-06-05T16:23:50.607487+00:00,0,0,0,0,1,0,0
511,deff89c2-bb9,rohan,dott-paris,5ce19e7c-53d4-40f3-8f62-dade9132eb1c,A4_discordant_legacy,48.8594641140127,2.27604104718715,aucune_infrastructure,"[""velos_visibles""]",,champ_vide,integree_reseau,problematique,3,freefloating,29.1,2026-06-05T16:24:21.490016+00:00,0,0,1,0,0,0,1
512,deff89c2-bb9,rohan,dott-paris,b04542ed-9ec6-424b-b27e-1bfc61825160,A4_discordant_legacy,48.8225941430023,2.37555881265039,aucune_infrastructure,"[""velos_visibles""]",,champ_vide,integree_reseau,problematique,3,freefloating,25.8,2026-06-05T16:24:49.066621+00:00,0,0,1,0,0,0,1
513,deff89c2-bb9,rohan,pony_Evry,evry_parking_5_rue_du_Bois_Sauvage_zidPYEYQP23,A4_agree_flag,48.64288,2.42247,aucune_infrastructure,"[""rien_visible""]",,champ_vide,integree_reseau,problematique,3,freefloating,15.6,2026-06-05T16:25:06.420794+00:00,0,0,1,0,0,0,1
514,deff89c2-bb9,rohan,dott-bordeaux,b49ed06e-d03c-44f8-9309-0ca15b79ece0,A4_discordant_legacy,44.8146739,-0.5544459,aucune_infrastructure,"[""velos_visibles""]",,champ_vide,integree_reseau,problematique,3,,40.2,2026-06-05T16:25:48.343337+00:00,0,0,1,0,0,0,1
515,deff89c2-bb9,rohan,levelo_inurba_marseille,ce4bho12rcd13ifvqh2g,clean_docked,43.280784,5.396622,station_vls,"[""bornes_docks"", ""totem_signaletique""]",,coherente,integree_reseau,legitime,4,,70.7,2026-06-05T16:27:00.834495+00:00,0,0,0,0,0,0,0
516,deff89c2-bb9,rohan,pony_poitiers,poitiers_parking_Abris_Appuis_velos6411_zid66E8KL9E,A3_freefloating,46.58812,0.380865,aucune_infrastructure,"[""rien_visible""]",,champ_vide,integree_reseau,problematique,3,parking,41.6,2026-06-05T16:27:44.203152+00:00,0,0,1,0,0,0,1
517,deff89c2-bb9,rohan,Optymo_FR_Belfort,st_d18jddmrumbh8rh03ss0,A4_agree_flag,47.66525,6.84141,aucune_infrastructure,"[""rien_visible""]",,placeholder,integree_reseau,problematique,3,Rien de visible,105.6,2026-06-05T16:29:31.504423+00:00,0,0,0,0,0,0,0
518,deff89c2-bb9,rohan,bird-bordeaux,c1de4bc3-0318-459a-98e5-bada152fd114,A4_discordant_legacy,44.867374,-0.548182,aucune_infrastructure,"[""velos_visibles""]",,champ_vide,integree_reseau,problematique,3,freefloating,81.4,2026-06-05T16:30:54.630797+00:00,0,0,1,0,0,0,1
519,88f91fcd-25b,rohan,pony_Angers,BikeRack 121 Patton,A3_freefloating,47.473288,-0.593353,trottinettes,"[""arceaux""]",,champ_vide,integree_reseau,problematique,5,freefloating,32.1,2026-06-07T15:22:00.362073+00:00,0,0,1,0,0,0,1
520,88f91fcd-25b,rohan,knot_strasbourg,51,A4_discordant_composite,48.575477,7.749952,aucune_infrastructure,"[""rien_visible""]",Mai 2024,impossible,integree_reseau,problematique,3,Rien de visible,105,2026-06-07T15:23:47.151031+00:00,0,0,1,0,0,0,0
521,88f91fcd-25b,rohan,citiz_grand_est,1234,A5_out_of_perimeter,48.565772,7.76263,autopartage,"[""arceaux""]",Juin 2024,impossible,integree_reseau,problematique,3,Freefloating + carsharing,51.3,2026-06-07T15:24:40.216787+00:00,1,0,0,0,1,0,0
522,88f91fcd-25b,rohan,dott-paris,f66e8f22-4a82-4ba4-b217-a7d193763278,A3_freefloating,48.8477636670037,2.32514230557292,trottinettes,"[""arceaux""]",Juin 2023,champ_vide,integree_reseau,problematique,3,Freefloating,36.1,2026-06-07T15:25:18.117182+00:00,0,0,1,0,0,0,1
523,88f91fcd-25b,rohan,citiz_alpes_loire,780,A1_carsharing,45.4176177978516,4.67128419876099,autopartage,"[""rien_visible""]",,impossible,isolee_legitime,problematique,3,carsharing,69.5,2026-06-07T15:26:29.308292+00:00,1,0,0,0,0,0,0
524,88f91fcd-25b,rohan,libelo,52,clean_docked,44.924672,4.8888,station_vls,"[""bornes_docks""]",Juin 2023,coherente,integree_reseau,legitime,5,,39.9,2026-06-07T15:27:10.967253+00:00,0,0,0,0,0,0,0
525,88f91fcd-25b,rohan,velozef,st_d52j7e2ebjgc73d7b0ig,A2_placeholder,48.38291,-4.37837,aucune_infrastructure,"[""rien_visible""]",,impossible,coordonnees_erronees,problematique,3,,64.6,2026-06-07T15:28:17.343724+00:00,0,1,0,0,0,0,0
526,88f91fcd-25b,rohan,bird-vichy,2bb98b22-2cde-40b5-9a56-f2ff37989c6f,A4_discordant_composite,46.1319634396278,3.43382477920946,trottinettes,"[""rien_visible""]",Juin 2023,champ_vide,isolee_legitime,problematique,3,,232.7,2026-06-07T15:32:11.775535+00:00,0,0,1,0,0,0,1
527,88f91fcd-25b,rohan,pony_paris,paris_parking_FIGUIER_zidZI2CM755,A3_freefloating,48.85427,2.35913,aucune_infrastructure,"[""arceaux""]",Juillet 2025,impossible,integree_reseau,problematique,3,Surement freefloating,46.8,2026-06-07T15:33:00.354104+00:00,0,0,1,0,0,0,0
528,88f91fcd-25b,rohan,dott-paris,d9a74f8d-ac7c-4d81-ac78-957a18f47c40,A4_discordant_legacy,48.8251941389944,2.31075861232039,station_vls,"[""bornes_docks"", ""totem_signaletique""]",Octobre 2025,zero_suspect,integree_reseau,legitime,5,Vraie station,103.7,2026-06-07T15:34:45.782293+00:00,0,0,1,0,0,0,1
529,88f91fcd-25b,rohan,pony_Angers,BikeRack église st aubin,A4_discordant_legacy,47.429733,-0.527838,trottinettes,"[""arceaux""]",Mars 2026,champ_vide,integree_reseau,problematique,3,Trottinette,246.5,2026-06-07T15:38:54.036892+00:00,0,0,1,0,0,0,1
530,88f91fcd-25b,rohan,dott-paris,1b30a94a-5a9b-4916-a53a-8f67c0404e04,A3_freefloating,48.8477149457034,2.4067294752601,aucune_infrastructure,"[""arceaux""]",Octobre 2024,champ_vide,integree_reseau,problematique,3,surement freefloating,82.1,2026-06-07T15:40:17.873275+00:00,0,0,1,0,0,0,1
531,88f91fcd-25b,rohan,tempovelo,stn_jS3qxxcWXSRuMLXNgAEK5y,A4_discordant_composite,44.208132,0.620536,station_vls,"[""bornes_docks"", ""totem_signaletique""]",Octobre 2021,coherente,integree_reseau,legitime,5,,128.3,2026-06-07T15:42:27.932437+00:00,0,0,0,0,0,0,0
532,88f91fcd-25b,rohan,amiens,130,A4_discordant_composite,49.895473,2.30631,station_vls,"[""bornes_docks""]",Janveir 2022,coherente,integree_reseau,legitime,5,,125.3,2026-06-07T15:44:34.976977+00:00,0,0,0,0,0,0,0
533,88f91fcd-25b,rohan,citiz_grand_est,173,A5_out_of_perimeter,48.773246,5.158985,aucune_infrastructure,"[""rien_visible""]",,impossible,integree_reseau,problematique,3,Rien de visible,120.9,2026-06-07T15:46:37.564591+00:00,1,0,0,0,1,0,0
534,88f91fcd-25b,rohan,citiz_metropole_lyon,404,A1_carsharing,45.7278480529785,4.83145523071289,autopartage,"[""rien_visible""]",Mai 2023,impossible,integree_reseau,problematique,3,Carsharing,32.4,2026-06-07T15:47:11.736222+00:00,1,0,0,0,0,0,0
535,88f91fcd-25b,rohan,idecycle_pau,st_d3d5976mbtds73djaa20,A4_discordant_composite,43.33269,-0.36713,station_vls,"[""bornes_docks""]",Mars 2026,coherente,integree_reseau,legitime,3,,42.9,2026-06-07T15:47:56.364278+00:00,0,0,0,0,0,0,0
536,88f91fcd-25b,rohan,velozef,cirqc1sg3q5td18hr090,A2_placeholder,48.3815,-4.62096,station_vls,"[""bornes_docks"", ""totem_signaletique""]",Aout 2024,coherente,integree_reseau,legitime,5,,23,2026-06-07T15:48:21.138991+00:00,0,1,0,0,0,0,0
537,88f91fcd-25b,rohan,bird-larochesuryon,a3b3e89f-5c54-4bf1-9c46-5be9e38a719b,A4_discordant_composite,46.665861,-1.398725,trottinettes,"[""rien_visible""]",Septembre 2024,champ_vide,integree_reseau,problematique,3,Freefloating,31,2026-06-07T15:48:53.907228+00:00,0,0,1,0,0,0,1
538,88f91fcd-25b,rohan,montpellier,036,A4_agree_flag,43.635689,3.849597,station_vls,"[""bornes_docks"", ""totem_signaletique""]",Septembre 2024,coherente,isolee_legitime,legitime,4,,91.7,2026-06-07T15:50:27.312288+00:00,0,0,0,1,0,0,0
539,88f91fcd-25b,rohan,levelo_inurba_marseille,ce4bhr92rcd13ifvqhsg,clean_docked,43.337166,5.39184,station_vls,"[""bornes_docks"", ""totem_signaletique""]",Novrembre 2025,placeholder,integree_reseau,problematique,3,Seulement 5 places,78.5,2026-06-07T15:51:47.531287+00:00,0,0,0,0,0,0,0
540,88f91fcd-25b,rohan,labaule,stn_WEMpofPk3uNNrYCA2Uoagq,clean_docked,47.27166,-2.34485,station_vls,"[""bornes_docks"", ""velos_visibles"", ""arceaux""]",Juin 2022,coherente,integree_reseau,legitime,5,,36.4,2026-06-07T15:52:25.737558+00:00,0,0,0,0,0,0,0
541,88f91fcd-25b,rohan,tanlib,stn_SNZtYxcRJYnTAMaZ6zegBF,clean_docked,46.327992,-0.446941,aucune_infrastructure,"[""arceaux"", ""velos_visibles""]",Aout 2022,placeholder,integree_reseau,problematique,3,Freefloating,46.8,2026-06-07T15:53:14.225173+00:00,0,0,0,0,0,0,0
542,88f91fcd-25b,rohan,dott-paris,9a8ba4d3-3ca8-435b-bbe8-f6cdf5bd5d74,A4_discordant_legacy,48.8829592681098,2.28987135961364,trottinettes,"[""arceaux""]",,champ_vide,integree_reseau,problematique,3,freefloating,32.9,2026-06-07T15:53:48.924182+00:00,0,0,1,0,0,0,1
543,88f91fcd-25b,rohan,nextbike_af,551506281,A4_agree_flag,47.815966,7.329729,aucune_infrastructure,"[""rien_visible""]",Mars 2025,impossible,coordonnees_erronees,problematique,3,Pas de station ici,83.3,2026-06-07T15:55:14.019167+00:00,0,0,0,1,0,0,0
544,88f91fcd-25b,rohan,idecycle_pau,st_d3d597embtds73djaadg,A4_discordant_composite,43.30186,-0.39555,station_vls,"[""bornes_docks"", ""totem_signaletique""]",Mars 2026,coherente,integree_reseau,legitime,5,,48.1,2026-06-07T15:56:03.913276+00:00,0,0,0,0,0,0,0
545,88f91fcd-25b,rohan,dott-paris,f0921237-d000-467b-ac46-c760f25226d4,A3_freefloating,48.8229602178879,2.35337734102887,aucune_infrastructure,"[""rien_visible""]",Aout 2022,champ_vide,integree_reseau,problematique,3,Rien de visible,67,2026-06-07T15:57:12.751460+00:00,0,0,1,0,0,0,1
546,88f91fcd-25b,rohan,velivert_saint_etienne,chf7r1c3casf4nvmd3vg,A4_discordant_legacy,45.51205,4.57983,station_vls,"[""bornes_docks""]",Avril 2025,placeholder,integree_reseau,problematique,3,5 places de vélo et pas 10,41.1,2026-06-07T15:57:55.608441+00:00,0,0,0,0,0,0,0
547,88f91fcd-25b,rohan,citiz_provence,1427,A1_carsharing,43.2852973937988,5.39082193374634,aucune_infrastructure,"[""rien_visible""]",Novembre 2025,impossible,integree_reseau,problematique,2,Rien de visible,77.7,2026-06-07T15:59:15.039505+00:00,1,0,0,0,0,0,0
548,88f91fcd-25b,rohan,pony_bordeaux,bordeaux_parking_Arceau_14910_zidCWWRJ69V,A3_freefloating,44.83739,-0.57192,aucune_infrastructure,"[""arceaux""]",Avril 2023,champ_vide,integree_reseau,problematique,3,Rien de visible,68.3,2026-06-07T16:00:25.091916+00:00,0,0,1,0,0,0,1
549,88f91fcd-25b,rohan,lyon,3080,A5_out_of_perimeter,45.760042,4.861734,station_vls,"[""bornes_docks"", ""totem_signaletique""]",Septembre 2024,coherente,integree_reseau,legitime,5,,156.9,2026-06-07T16:03:03.702491+00:00,0,0,0,0,1,0,0
550,88f91fcd-25b,rohan,dott-paris,9a8e7a15-a5f3-402f-b229-f1e511228c38,A4_discordant_legacy,48.8573080339245,2.26945386085604,trottinettes,"[""velos_visibles"", ""arceaux""]",Mai 2022,champ_vide,integree_reseau,problematique,3,Freefloating,49.5,2026-06-07T16:03:55.004057+00:00,0,0,1,0,0,0,1
551,88f91fcd-25b,rohan,pony_bordeaux,bordeaux_parking_Arceau_14452_zid9W5RE9GU,A3_freefloating,44.85186,-0.57989,aucune_infrastructure,"[""rien_visible""]",Juillet 2025,champ_vide,integree_reseau,problematique,3,Rien de visible,55.4,2026-06-07T16:04:52.122029+00:00,0,0,1,0,0,0,1
552,88f91fcd-25b,rohan,Paris,82562496,clean_docked,48.8939204361934,2.4179819226265,station_vls,"[""bornes_docks"", ""totem_signaletique""]",Octobre 2020,coherente,integree_reseau,legitime,4,,120.6,2026-06-07T16:06:54.457510+00:00,0,0,0,0,0,0,0
553,88f91fcd-25b,rohan,velozef,st_d52j69co7dgs73ca65tg,A2_placeholder,48.37273,-4.37028,aucune_infrastructure,"[""rien_visible""]",Septembre 2025,impossible,integree_reseau,problematique,2,Rien de visible,227,2026-06-07T16:10:43.226465+00:00,0,1,0,0,0,0,0
554,88f91fcd-25b,rohan,amiens,138,A4_discordant_composite,49.904299,2.300764,station_vls,"[""bornes_docks"", ""totem_signaletique""]",Aout 2024,coherente,integree_reseau,legitime,5,,103.1,2026-06-07T16:12:28.072273+00:00,0,0,0,0,0,0,0
555,88f91fcd-25b,rohan,dott-paris,9bbbe4f7-134e-471e-a800-422f463eaaa8,A3_freefloating,48.840950131933,2.33628671561287,aucune_infrastructure,"[""arceaux""]",Juillet 2025,champ_vide,integree_reseau,problematique,3,Freefloating,57.4,2026-06-07T16:13:27.146604+00:00,0,0,1,0,0,0,1
556,88f91fcd-25b,rohan,calivelo,stn_KTXq2tQ6iQ97n5z4WJkne3,clean_docked,45.036716,-0.131649,station_vls,"[""bornes_docks"", ""totem_signaletique""]",Mai 2025,coherente,integree_reseau,legitime,5,,102.2,2026-06-07T16:15:11.042014+00:00,0,0,0,0,0,0,0
557,88f91fcd-25b,rohan,Optymo_Belfort_ALS,10a87317-7863-452e-93b6-3fad65bf839d,A7_null_capacity,47.629318,6.858079,autopartage,"[""rien_visible""]",Avril 2022,champ_vide,integree_reseau,problematique,3,Carsharing,35.7,2026-06-07T16:15:48.588486+00:00,1,0,0,0,0,0,1
558,88f91fcd-25b,rohan,voi_Grenoble,d7f70ed4-0a6c-4225-b55f-f27e97991952,A4_agree_flag,45.241521,5.678635,aucune_infrastructure,"[""rien_visible""]",Mai 2022,impossible,integree_reseau,problematique,3,Rien de visible,68.1,2026-06-07T16:16:58.359245+00:00,0,0,1,0,0,0,0
559,88f91fcd-25b,rohan,bird-millau,368daf5b-3045-4c8f-9a55-79427d2153af,A4_discordant_composite,44.10736111,3.056638889,aucune_infrastructure,"[""rien_visible""]",Mai 2025,impossible,coordonnees_erronees,problematique,3,Rien de visible,63.4,2026-06-07T16:18:03.514596+00:00,0,0,1,0,0,0,1
560,88f91fcd-25b,rohan,Paris,128843085,clean_docked,48.8634908717245,2.34006710350513,station_vls,"[""bornes_docks"", ""totem_signaletique"", ""velos_visibles""]",Mars 2026,coherente,integree_reseau,legitime,5,,57.1,2026-06-07T16:19:02.402610+00:00,0,0,0,0,0,0,0
561,88f91fcd-25b,rohan,citiz_grand_est,1738,A5_out_of_perimeter,48.5680362,7.7647157,autopartage,"[""arceaux""]",Février 2026,coherente,integree_reseau,problematique,3,Carsharing,42.2,2026-06-07T16:19:46.432903+00:00,1,0,0,0,1,0,0
562,88f91fcd-25b,rohan,lyon,5007,A5_out_of_perimeter,45.757916,4.81317,station_vls,"[""bornes_docks"", ""totem_signaletique""]",Juin 2024,coherente,integree_reseau,legitime,5,,33,2026-06-07T16:20:21.158311+00:00,0,0,0,0,1,0,0
563,88f91fcd-25b,rohan,lyon,3008,A5_out_of_perimeter,45.745828,4.870631,station_vls,"[""bornes_docks"", ""totem_signaletique""]",Juin 2024,coherente,integree_reseau,legitime,5,,37.9,2026-06-07T16:21:00.873995+00:00,0,0,0,0,1,0,0
564,88f91fcd-25b,rohan,dott-bordeaux,89834aee-3186-4ec4-b0d1-a259f3ab3814,A3_freefloating,44.830902,-0.568183,trottinettes,"[""arceaux""]",Avril 2023,champ_vide,integree_reseau,problematique,3,Freefloating,45.7,2026-06-07T16:21:48.368395+00:00,0,0,1,0,0,0,1
565,88f91fcd-25b,rohan,Paris,653073004,A4_discordant_legacy,48.834131261494,2.4547516554594,station_vls,"[""bornes_docks"", ""totem_signaletique"", ""arceaux""]",Aout 2022,coherente,integree_reseau,legitime,5,,28.4,2026-06-07T16:22:18.563377+00:00,0,0,0,0,0,0,0
566,88f91fcd-25b,rohan,lyon,5041,A5_out_of_perimeter,45.766576,4.820214,station_vls,"[""bornes_docks"", ""totem_signaletique""]",Mars 2023,coherente,integree_reseau,legitime,3,,18.8,2026-06-07T16:22:39.176016+00:00,0,0,0,0,1,0,0
567,88f91fcd-25b,rohan,voi_Marseille,0c4ba665-3f06-40b6-8d24-3feb42bf839d,A4_discordant_legacy,43.332427,5.370877,aucune_infrastructure,"[""rien_visible""]",Novembre 2025,impossible,coordonnees_erronees,problematique,3,Rien de visible,42.2,2026-06-07T16:23:23.155290+00:00,0,0,1,0,0,0,0
568,88f91fcd-25b,rohan,bird-marseille,14961de0-be74-473a-8a60-32c4e912770c,A3_freefloating,43.2888309500401,5.459919,trottinettes,"[""rien_visible""]",Avril 2019,champ_vide,coordonnees_erronees,problematique,3,Trottinettes,40.3,2026-06-07T16:24:05.247194+00:00,0,0,1,0,0,0,1
569,88f91fcd-25b,rohan,pony_Evry,Evry_parking_114,A4_discordant_legacy,48.63469,2.45183,trottinettes,"[""rien_visible""]",Mai 2025,champ_vide,integree_reseau,problematique,3,,27.5,2026-06-07T16:24:34.541786+00:00,0,0,1,0,0,0,1
570,88f91fcd-25b,rohan,dott-paris,376c7379-f7c8-4e87-8eb4-8785884412d8,A3_freefloating,48.8614125503547,2.3701786450517,trottinettes,"[""arceaux""]",Juin 2022,champ_vide,integree_reseau,problematique,3,Freefloating,29.1,2026-06-07T16:25:05.362561+00:00,0,0,1,0,0,0,1
571,88f91fcd-25b,rohan,toulouse,212,clean_docked,43.6152,1.465444,station_vls,"[""bornes_docks"", ""totem_signaletique""]",Juillet 2016,coherente,integree_reseau,legitime,5,,20.7,2026-06-07T16:25:27.811493+00:00,0,0,0,0,0,0,0
572,88f91fcd-25b,rohan,le_velo_star,5571,A4_discordant_composite,48.094986,-1.663731,station_vls,"[""bornes_docks"", ""velos_visibles"", ""totem_signaletique""]",Février 2025,coherente,integree_reseau,legitime,5,,25,2026-06-07T16:25:54.668751+00:00,0,0,0,0,0,0,0
573,88f91fcd-25b,rohan,citiz_metropole_lyon,389,A1_carsharing,45.7542894669573,4.84779357103675,autopartage,"[""rien_visible""]",Janvier 2022,impossible,integree_reseau,problematique,3,Carsharing,39.8,2026-06-07T16:26:36.204172+00:00,1,0,0,0,0,0,0
574,88f91fcd-25b,rohan,levelo_inurba_marseille,st_d2m6c4gdas8pm72e190g,A4_agree_flag,43.24634,5.43156,aucune_infrastructure,"[""rien_visible""]",Janvier 2022,impossible,integree_reseau,problematique,3,Rien de visible,72.8,2026-06-07T16:27:50.768125+00:00,0,0,0,0,0,0,0
575,88f91fcd-25b,rohan,citiz_metropole_lyon,1150,A1_carsharing,45.7698516845703,4.85418081283569,aucune_infrastructure,"[""arceaux""]",Juin 2024,impossible,integree_reseau,problematique,3,Freefloating,53,2026-06-07T16:28:45.585916+00:00,1,0,0,0,0,0,0
576,88f91fcd-25b,rohan,zebullo,stn_VrvGS5wgqyeo6LzzwPFDnp,A4_discordant_composite,49.23805,4.03228,station_vls,"[""bornes_docks"", ""totem_signaletique""]",Juillet 2025,coherente,integree_reseau,legitime,2,,29.4,2026-06-07T16:29:16.695453+00:00,0,0,1,0,0,0,0
577,88f91fcd-25b,rohan,inurba-rouen,3566,clean_docked,49.4328844742547,1.08593305511184,indetermine,"[""arceaux""]",Juillet 2022,impossible,integree_reseau,problematique,2,Rien de visible,57.4,2026-06-07T16:30:15.826583+00:00,0,0,0,0,0,0,0
578,88f91fcd-25b,rohan,Optymo_Belfort_ALS,e0736e44-a117-477b-ab31-b433e776dc56,A7_null_capacity,47.654396,6.846897,indetermine,"[""arceaux""]",Avril 2022,champ_vide,integree_reseau,problematique,2,Freefloating,59.3,2026-06-07T16:31:17.081076+00:00,1,0,0,0,0,0,1
579,ace1bea9-bee,rohan,dott-paris,f3a7c35b-8890-4df0-a2d1-77925722572c,A4_discordant_legacy,48.8789681551212,2.29105326048818,indetermine,"[""arceaux""]",Octobre 2025,champ_vide,integree_reseau,problematique,3,Freefloating,18.4,2026-06-07T16:32:55.671418+00:00,0,0,1,0,0,0,1
580,ace1bea9-bee,rohan,lyon,2025,A5_out_of_perimeter,45.762064,4.833527,trottinettes,"[""arceaux""]",Mai 2024,impossible,integree_reseau,problematique,2,Freefloating,78.2,2026-06-07T16:34:15.662105+00:00,0,0,0,0,1,0,0
581,ace1bea9-bee,rohan,toulouse,230,clean_docked,43.567307,1.467715,station_vls,"[""bornes_docks"", ""totem_signaletique""]",Aout 2025,coherente,integree_reseau,legitime,5,,18.1,2026-06-07T16:34:35.503959+00:00,0,0,0,0,0,0,0
582,ace1bea9-bee,rohan,choletbus,stn_dxQMkG4hdFdojnstdPXGpg,A4_discordant_composite,47.046281,-0.851279,station_vls,"[""bornes_docks"", ""totem_signaletique""]",Aout 2024,coherente,integree_reseau,legitime,5,,23.7,2026-06-07T16:35:00.974873+00:00,0,0,0,0,0,0,0
583,ace1bea9-bee,rohan,knot_strasbourg,103,A4_discordant_composite,48.59885,7.766174,trottinettes,"[""arceaux""]",Mars 2026,placeholder,integree_reseau,problematique,3,Freefloating,42.9,2026-06-07T16:35:45.638866+00:00,0,0,1,0,0,0,0
584,ace1bea9-bee,rohan,bird-montlucon,0f96fb17-8dbe-467e-9df0-c2dd823cc629,A4_discordant_composite,46.3234347,2.5958655,trottinettes,"[""rien_visible""]",Aout 2023,champ_vide,isolee_suspecte,problematique,3,,62,2026-06-07T16:36:49.454093+00:00,0,0,1,0,0,0,1
585,ace1bea9-bee,rohan,twisto_velolib_caen,ctbhn6o1snvdkble5qug,clean_docked,49.14877,-0.37487,aucune_infrastructure,"[""rien_visible""]",Aout 2022,impossible,integree_reseau,problematique,2,Rien de visible,39.6,2026-06-07T16:37:30.825168+00:00,0,0,0,0,0,0,0
586,ace1bea9-bee,rohan,pony_paris,paris_parking_URSULINES_zidAU63GS28,A3_freefloating,48.84275,2.34152,trottinettes,"[""arceaux""]",Juin 2022,impossible,integree_reseau,problematique,4,Freefloating,56.1,2026-06-07T16:38:28.673008+00:00,0,0,1,0,0,0,0
587,ace1bea9-bee,rohan,toulouse,278,clean_docked,43.614159,1.397008,station_vls,"[""bornes_docks"", ""velos_visibles"", ""totem_signaletique""]",Septembre 2025,coherente,integree_reseau,legitime,5,,36.8,2026-06-07T16:39:07.277555+00:00,0,0,0,0,0,0,0
588,ace1bea9-bee,rohan,bird-vichy,3e436ac1-1b7c-471f-8e9e-3ebbd12d5844,A4_discordant_composite,46.1249569228339,3.42718506457729,trottinettes,"[""rien_visible""]",Septembre 2025,champ_vide,integree_reseau,problematique,3,Freefloating,44.3,2026-06-07T16:39:53.400061+00:00,0,0,1,0,0,0,1
589,ace1bea9-bee,rohan,bird-montlucon,b014060c-8fd0-464b-b5c7-7476865cf076,A4_agree_flag,46.362499,2.59149,aucune_infrastructure,"[""rien_visible""]",Aout 2022,champ_vide,coordonnees_erronees,problematique,3,Rien de visible,77,2026-06-07T16:41:12.153377+00:00,0,0,1,0,0,0,1
590,ace1bea9-bee,rohan,pony_Bourges,bourges_parking_Virtual_LEP_zid7K3JM1WL,A4_discordant_composite,47.08376,2.42715,aucune_infrastructure,"[""rien_visible""]",Juin 2023,champ_vide,isolee_suspecte,problematique,2,Rien de visibile,42.8,2026-06-07T16:41:56.863717+00:00,0,0,1,0,0,0,1
591,ace1bea9-bee,rohan,citiz_grand_est,100,A5_out_of_perimeter,48.581581,7.737955,autopartage,"[""rien_visible""]",Septembre 2009,impossible,integree_reseau,problematique,2,Carsharing,36.2,2026-06-07T16:42:34.901613+00:00,1,0,0,0,1,0,0
592,ace1bea9-bee,rohan,dott-paris,cbbe98a8-9828-4e06-a4cd-df18f7bd5e9c,A3_freefloating,48.8635060458726,2.38969997125361,indetermine,"[""arceaux""]",Octobre 2024,champ_vide,integree_reseau,problematique,3,Rien de visible,53.2,2026-06-07T16:43:29.829621+00:00,0,0,1,0,0,0,1
593,ace1bea9-bee,rohan,citiz_alpes_loire,984,A1_carsharing,45.0407028198242,5.04876899719238,autopartage,"[""rien_visible""]",Aout 2024,impossible,integree_reseau,problematique,3,Carsharing,38.4,2026-06-07T16:44:09.919068+00:00,1,0,0,0,0,0,0
594,ace1bea9-bee,rohan,pony_paris,paris_parking_MORILLONS_zid5WNFXE46,A4_discordant_legacy,48.83226,2.30228,station_vls,"[""bornes_docks"", ""totem_signaletique"", ""arceaux""]",Avril 2024,coherente,integree_reseau,legitime,5,,36.9,2026-06-07T16:44:48.587712+00:00,0,0,1,0,0,0,0
595,ace1bea9-bee,rohan,dott-paris,29e3f542-ad65-40c3-ae34-b197b6b1034c,A3_freefloating,48.84665248511,2.41144499655046,trottinettes,"[""arceaux""]",Octobre 2024,champ_vide,integree_reseau,problematique,3,Trottinnettes,46.6,2026-06-07T16:45:36.936611+00:00,0,0,1,0,0,0,1
596,ace1bea9-bee,rohan,Optymo_Belfort_ALS,deea3858-d8c3-4cc7-9ca6-237f455d9076,A7_null_capacity,47.648231,6.853688,autopartage,"[""rien_visible""]",Septembre 2020,champ_vide,integree_reseau,problematique,4,Carsharing,33.8,2026-06-07T16:46:12.564016+00:00,1,0,0,0,0,0,1
597,ace1bea9-bee,rohan,dott-paris,13539c7f-20f4-4c2b-9eab-982989084880,A3_freefloating,48.8663315430325,2.30164746837877,trottinettes,"[""velos_visibles"", ""arceaux""]",Avril 2026,champ_vide,integree_reseau,problematique,4,Freefloating,26.2,2026-06-07T16:46:40.570280+00:00,0,0,1,0,0,0,1
598,ace1bea9-bee,rohan,Optymo_Belfort_ALS,81dd11bd-217b-45ed-91b4-23b5b6f0be52,A7_null_capacity,47.622357,6.831259,autopartage,"[""rien_visible""]",Avril 2022,champ_vide,integree_reseau,problematique,3,Carsharing,25.9,2026-06-07T16:47:08.195742+00:00,1,0,0,0,0,0,1
599,ace1bea9-bee,rohan,Paris,124183944,clean_docked,48.8469355299176,2.37708762288094,station_vls,"[""bornes_docks"", ""totem_signaletique""]",Juin 2014,coherente,integree_reseau,legitime,5,,25.8,2026-06-07T16:47:35.753149+00:00,0,0,0,0,0,0,0
600,ace1bea9-bee,rohan,citiz_alpes_loire,1721,A1_carsharing,45.988771,4.722479,autopartage,"[""rien_visible""]",Juillet 2024,impossible,integree_reseau,problematique,3,Carsharing,29.8,2026-06-07T16:48:07.393584+00:00,1,0,0,0,0,0,0
601,ace1bea9-bee,rohan,citiz_developpement,1681,A5_out_of_perimeter,48.8656397,2.2150462,autopartage,"[""rien_visible""]",Octobre 2025,coherente,integree_reseau,problematique,3,Carsharing,27.9,2026-06-07T16:48:37.062608+00:00,1,0,0,0,1,0,0
602,ace1bea9-bee,rohan,citiz_alpes_loire,1211,A1_carsharing,45.364315,5.594211,autopartage,"[""rien_visible""]",Juin 2022,coherente,integree_reseau,problematique,3,Carsharing,33.4,2026-06-07T16:49:12.195229+00:00,1,0,0,0,0,0,0
603,ace1bea9-bee,rohan,ogalo,stn_NE99V5KhRkTNXJdnTHPUS8,clean_docked,47.24634,-0.077,station_vls,"[""bornes_docks"", ""totem_signaletique""]",Aout 2024,coherente,integree_reseau,legitime,5,,24.8,2026-06-07T16:49:38.766979+00:00,0,0,0,0,0,0,0
604,e78c07f4-a20,rohan,Paris,37848502,clean_docked,48.8176962416867,2.30761237442493,station_vls,"[""bornes_docks"", ""totem_signaletique""]",Octobre 2017,coherente,integree_reseau,legitime,5,,14.1,2026-06-07T20:22:50.871799+00:00,0,0,0,0,0,0,0
605,e78c07f4-a20,rohan,velo-tbm-bordeaux,93,A4_agree_flag,44.869026,-0.636207,station_vls,"[""bornes_docks"", ""totem_signaletique""]",Juillet 2025,coherente,isolee_legitime,legitime,5,,39.4,2026-06-07T20:23:32.130086+00:00,0,0,0,0,0,0,0
606,e78c07f4-a20,rohan,Paris,15308712,clean_docked,48.854284379935,2.3847674578428,station_vls,"[""bornes_docks"", ""totem_signaletique""]",Juin 2022,coherente,integree_reseau,legitime,5,,24.6,2026-06-07T20:23:58.507615+00:00,0,0,0,0,0,0,0
607,e78c07f4-a20,rohan,lyon,7049,A5_out_of_perimeter,45.727951,4.823563,aucune_infrastructure,"[""rien_visible""]",Février 2024,impossible,coordonnees_erronees,problematique,3,Coordonnées incorrectes,63.4,2026-06-07T20:25:03.653512+00:00,0,0,0,0,1,0,0
608,e78c07f4-a20,rohan,velopop,cpbfgi40a5bcngo02tfg,A4_discordant_composite,43.95332,4.83266,station_vls,"[""bornes_docks"", ""totem_signaletique""]",Mars 2023,coherente,integree_reseau,legitime,5,,23.8,2026-06-07T20:25:29.287846+00:00,0,0,0,0,0,0,0
609,e78c07f4-a20,rohan,dott-paris,61e065d2-a702-445a-8904-4bc4b1ca5a40,A4_discordant_legacy,48.8983783627102,2.3252676713172,aucune_infrastructure,"[""rien_visible""]",Avril 2026,champ_vide,integree_reseau,problematique,2,Rien de visible,62.8,2026-06-07T20:26:33.930128+00:00,0,0,1,0,0,0,1
610,e78c07f4-a20,rohan,lyon,27001,A5_out_of_perimeter,45.830874,4.846988,station_vls,"[""bornes_docks"", ""totem_signaletique""]",Juillet 2025,coherente,integree_reseau,legitime,5,,24.6,2026-06-07T20:27:00.428824+00:00,0,0,0,0,1,0,0
611,e78c07f4-a20,rohan,besancon,1,A4_discordant_composite,47.246419,6.022567,station_vls,"[""bornes_docks"", ""totem_signaletique""]",Juillet 2024,coherente,integree_reseau,legitime,5,,32.9,2026-06-07T20:27:35.154958+00:00,0,0,0,0,0,0,0
612,e78c07f4-a20,rohan,bird-bordeaux,a0272634-21e4-4edc-86ba-bbef6bed4309,A4_discordant_legacy,44.874017,-0.5460739,station_vls,"[""bornes_docks"", ""totem_signaletique""]",Juin 2025,zero_suspect,integree_reseau,legitime,3,"Vraie station, pas la bonne capacité",46,2026-06-07T20:28:23.124258+00:00,0,0,1,0,0,0,1
613,e78c07f4-a20,rohan,bird-bordeaux,3e6f3fdc-7815-45a4-8b5e-9ad8731f9ed5,A4_discordant_legacy,44.8433229889868,-0.678090314243759,trottinettes,"[""arceaux""]",Aout 2025,champ_vide,integree_reseau,problematique,3,freefloating,31.4,2026-06-07T20:28:56.308225+00:00,0,0,1,0,0,0,1
614,e78c07f4-a20,rohan,lyon,16001,A5_out_of_perimeter,45.725891,4.858428,station_vls,"[""bornes_docks"", ""totem_signaletique""]",Mars 2026,coherente,integree_reseau,legitime,5,,23.5,2026-06-07T20:29:21.550860+00:00,0,0,0,0,1,0,0
615,e78c07f4-a20,rohan,cyclovis,stn_2jMbSN7c92GdqNDfRA2ssZ,A4_discordant_composite,49.39035,3.327699,station_vls,"[""bornes_docks"", ""totem_signaletique""]",Mai 2025,coherente,integree_reseau,legitime,5,,29.4,2026-06-07T20:29:52.702708+00:00,0,0,0,0,0,0,0
616,e78c07f4-a20,rohan,Optymo_Belfort_ALS,5aff6fa5-dc7e-4c98-bc01-e61e9e043367,A7_null_capacity,47.630361,6.852795,autopartage,"[""rien_visible""]",Avril 2022,champ_vide,integree_reseau,problematique,4,Carsharing,25.4,2026-06-07T20:30:20.058147+00:00,1,0,0,0,0,0,1
617,e78c07f4-a20,rohan,dott-bordeaux,af99a743-cd52-4867-8db8-81b46547b440,A4_discordant_legacy,44.878665,-0.568689,trottinettes,"[""rien_visible""]",Juin 2025,champ_vide,integree_reseau,problematique,3,Trottinettes,32,2026-06-07T20:30:53.968589+00:00,0,0,1,0,0,0,1
618,e78c07f4-a20,rohan,calais,stn_AxsPJEA5S6naCgBYzdXQ8m,A4_agree_flag,50.949146,1.956255,aucune_infrastructure,"[""rien_visible""]",Octobre 2025,impossible,coordonnees_erronees,problematique,3,"Rien de visible, coordonnées éronnées il semblerait",53.5,2026-06-07T20:31:49.412107+00:00,0,0,0,1,0,0,0
619,e78c07f4-a20,rohan,Paris,42566291,clean_docked,48.873722412917,2.3158480972052,station_vls,"[""bornes_docks"", ""totem_signaletique""]",MArs 2026,coherente,integree_reseau,legitime,5,,21.8,2026-06-07T20:32:12.972136+00:00,0,0,0,0,0,0,0
620,e78c07f4-a20,rohan,Paris,19186237098,A4_discordant_legacy,48.77699496201,2.4552552404284,station_vls,"[""bornes_docks"", ""totem_signaletique""]",Octobre 2025,coherente,integree_reseau,legitime,5,,31,2026-06-07T20:32:45.797901+00:00,0,0,0,0,0,0,0
621,e78c07f4-a20,rohan,dott-lyon,17040d9f-13fc-4c7a-9c88-7d2ef72031e0,A4_discordant_legacy,45.753251,4.789962,aucune_infrastructure,"[""arceaux""]",Mars 2024,champ_vide,integree_reseau,problematique,2,Rien de visible,36.2,2026-06-07T20:33:23.940078+00:00,0,0,1,0,0,0,1
622,e78c07f4-a20,rohan,le_velo_star,5516,A4_discordant_composite,48.105538,-1.674328,station_vls,"[""bornes_docks"", ""totem_signaletique"", ""arceaux""]",Avril 2025,coherente,integree_reseau,legitime,5,,30.4,2026-06-07T20:33:56.210530+00:00,0,0,0,0,0,0,0
623,e78c07f4-a20,rohan,pony_paris,paris_parking_CAPUCINES_zidQCYLTGSQ,A3_freefloating,48.87068,2.33287,aucune_infrastructure,"[""rien_visible""]",Avril 2026,impossible,integree_reseau,problematique,3,Rien de visible,52.8,2026-06-07T20:34:50.951154+00:00,0,0,1,0,0,0,0
624,e78c07f4-a20,rohan,citiz_lille_arras,316,A1_carsharing,50.6439590454102,3.07466006278992,aucune_infrastructure,"[""rien_visible""]",Aout 2025,impossible,isolee_legitime,problematique,3,Rien de visible,51.5,2026-06-07T20:35:44.400287+00:00,1,0,0,0,0,0,0
625,e78c07f4-a20,rohan,cergy,56105,clean_docked,49.03223,2.101656,station_vls,"[""bornes_docks"", ""totem_signaletique""]",Février 2023,coherente,integree_reseau,legitime,5,,19,2026-06-07T20:36:05.324301+00:00,0,0,0,0,0,0,0
626,e78c07f4-a20,rohan,citiz_alpes_loire,1266,A1_carsharing,45.237999,5.688417,autopartage,"[""rien_visible""]",Mai 2022,impossible,isolee_legitime,problematique,4,Carsharing,47.8,2026-06-07T20:36:55.051270+00:00,1,0,0,0,0,0,0
627,e78c07f4-a20,rohan,velozef,cirqbokg3q5td18hqob0,A2_placeholder,48.4148,-4.4918,aucune_infrastructure,"[""rien_visible""]",Septebmre 2022,impossible,coordonnees_erronees,problematique,3,Rien de visible,82.6,2026-06-07T20:38:19.587252+00:00,0,1,0,0,0,0,0
628,e78c07f4-a20,rohan,dott-lyon,96001da5-7f29-4a1e-8874-fb9e971a9a5c,A4_discordant_legacy,45.74112544,4.886031461,aucune_infrastructure,"[""arceaux""]",Juin 2024,champ_vide,coordonnees_erronees,problematique,3,Rien de visible,50.3,2026-06-07T20:39:11.810454+00:00,0,0,1,0,0,0,1
629,e78c07f4-a20,rohan,Optymo_FR_Belfort,st_d18jddmrumbh8rh03sfg,clean_docked,47.63988,6.86089,autopartage,"[""rien_visible""]",Septembre 2017,impossible,coordonnees_erronees,problematique,2,"Rien de visible, carsharing potentiel",58.9,2026-06-07T20:40:12.672943+00:00,0,0,0,0,0,0,0
630,e78c07f4-a20,rohan,donkey_brest,20104,A4_discordant_composite,48.3972319,-4.4871325,aucune_infrastructure,"[""rien_visible""]",Octobre 2020,impossible,coordonnees_erronees,problematique,1,Rien de visible,73.7,2026-06-07T20:41:28.181170+00:00,0,0,0,0,0,0,0
631,e78c07f4-a20,rohan,velozef,cirqbqsg3q5td18hqq00,A2_placeholder,48.39561,-4.43432,aucune_infrastructure,"[""rien_visible""]",Septembre 2025,impossible,coordonnees_erronees,problematique,2,Rien de visible,50.9,2026-06-07T20:42:21.003970+00:00,0,1,0,0,0,0,0
632,e78c07f4-a20,rohan,citiz_nantes,568,A1_carsharing,47.2090301513672,-1.5684700012207,station_vls,"[""bornes_docks"", ""totem_signaletique""]",Mars 2026,placeholder,integree_reseau,legitime,4,Vraie station,31,2026-06-07T20:42:53.949460+00:00,1,0,0,0,0,0,0
633,e78c07f4-a20,rohan,nextbike_ah,538520633,A4_discordant_composite,49.058751,2.089538,station_vls,"[""bornes_docks"", ""totem_signaletique"", ""arceaux""]",Mars 2026,coherente,integree_reseau,legitime,5,,40,2026-06-07T20:43:35.875345+00:00,0,0,0,0,0,0,0
634,e78c07f4-a20,rohan,bird-laval,f8aa73d0-e310-433e-ac8f-ceee1db28540,A4_discordant_composite,48.0815601,-0.757149,trottinettes,"[""arceaux""]",Février 2026,champ_vide,integree_reseau,problematique,3,Freefloating,33.1,2026-06-07T20:44:10.782578+00:00,0,0,1,0,0,0,1
635,e78c07f4-a20,rohan,nancy,14,clean_docked,48.692818,6.16861,station_vls,"[""bornes_docks"", ""totem_signaletique""]",Aout 2024,coherente,integree_reseau,legitime,5,,26.4,2026-06-07T20:44:39.174026+00:00,0,0,0,0,0,0,0
636,e78c07f4-a20,rohan,velozef,st_d52j5hso7dgs73ca64tg,A2_placeholder,48.39057,-4.50917,aucune_infrastructure,"[""rien_visible""]",Aout 2024,impossible,coordonnees_erronees,problematique,2,Rien de visible,57.1,2026-06-07T20:45:38.196340+00:00,0,1,0,0,0,0,0
637,e78c07f4-a20,rohan,citiz_grand_est,186,A5_out_of_perimeter,48.5890045166016,7.74188280105591,autopartage,"[""rien_visible""]",Septembre 2024,placeholder,integree_reseau,problematique,4,Carsharing,33.4,2026-06-07T20:46:13.549777+00:00,1,0,0,0,1,0,0
638,e78c07f4-a20,rohan,Paris,214109662,A4_agree_flag,48.8494974910627,2.47501641511917,aucune_infrastructure,"[""arceaux""]",Octobre 2024,impossible,coordonnees_erronees,problematique,2,Rien de visible,52.7,2026-06-07T20:47:08.152416+00:00,0,0,0,0,0,0,0
639,e78c07f4-a20,rohan,Optymo_Belfort_ALS,4f1163ef-93ed-44c2-ba61-e2e138ceef22,A7_null_capacity,47.649756,6.848849,autopartage,"[""rien_visible""]",Avril 2022,champ_vide,integree_reseau,problematique,3,Carsharing,40.4,2026-06-07T20:47:50.348450+00:00,1,0,0,0,0,0,1
640,e78c07f4-a20,rohan,pony_poitiers,poitiers_parking_Chasseneuil_Mairie_zid7CAZ8R3T,A3_freefloating,46.650952,0.375495,aucune_infrastructure,"[""rien_visible""]",Octobre 2025,champ_vide,coordonnees_erronees,problematique,3,Rien de visible,36.3,2026-06-07T20:48:28.567076+00:00,0,0,1,0,0,0,1
641,e78c07f4-a20,rohan,Optymo_Belfort_ALS,24ee71ce-d7d6-4df6-bb1f-5f952569f824,A7_null_capacity,47.652756,6.8287,autopartage,"[""rien_visible""]",Avril 2022,champ_vide,isolee_legitime,problematique,3,,38.7,2026-06-07T20:49:09.127420+00:00,1,0,0,1,0,0,1
642,e78c07f4-a20,rohan,beb,stn_4dax8kj2eMnmVJyoZW2aCo,A4_discordant_composite,46.208034,5.232121,aucune_infrastructure,"[""rien_visible""]",Septembre 2017,impossible,coordonnees_erronees,problematique,3,Rien de visible,53.9,2026-06-07T20:50:04.907306+00:00,0,0,0,0,0,0,0
643,e78c07f4-a20,rohan,citiz_provence,1395,A1_carsharing,43.3041801452637,5.39749479293823,autopartage,"[""rien_visible""]",Juillet 2020,impossible,integree_reseau,problematique,3,Carsharing,58.6,2026-06-07T20:51:05.398281+00:00,1,0,0,0,0,0,0
644,e78c07f4-a20,rohan,citiz_alpes_loire,1246,A1_carsharing,45.217636,5.808716,autopartage,"[""rien_visible""]",Juin 2022,impossible,integree_reseau,problematique,3,Carsharing,68,2026-06-07T20:52:15.290581+00:00,1,0,0,0,0,0,0
645,e78c07f4-a20,rohan,dott-paris,0eead452-2d4d-40ed-9837-6895c5ea031c,A4_discordant_legacy,48.8992577393072,2.37629260968982,trottinettes,"[""arceaux""]",Juillet 2022,champ_vide,integree_reseau,problematique,3,Trottinette,35.8,2026-06-07T20:52:53.023177+00:00,0,0,1,0,0,0,1
646,e78c07f4-a20,rohan,bird-marseille,72419ea9-55a7-4801-b475-281eea50aa5e,A4_discordant_legacy,43.34288695004,5.408238,trottinettes,"[""rien_visible""]",Octobre 2025,champ_vide,integree_reseau,problematique,3,trottinette,36.5,2026-06-07T20:53:31.435660+00:00,0,0,1,0,0,0,1
647,e78c07f4-a20,rohan,Optymo_Belfort_ALS,bbff9998-ead1-4bf0-af77-638d95e78b64,A7_null_capacity,47.634338,6.855909,autopartage,"[""rien_visible""]",Aout 2018,champ_vide,integree_reseau,problematique,3,Carsharing,28.7,2026-06-07T20:54:02.046751+00:00,1,0,0,0,0,0,1
648,e78c07f4-a20,rohan,dott-paris,1f65b191-231e-473c-8b6a-eda18ae74dec,A4_discordant_legacy,48.8863661839296,2.29025760495045,aucune_infrastructure,"[""arceaux""]",Avril 2022,champ_vide,integree_reseau,problematique,2,Rien de visible,34.9,2026-06-07T20:54:38.923254+00:00,0,0,1,0,0,0,1
649,e78c07f4-a20,rohan,Optymo_Belfort_ALS,3348a72e-eba3-4627-a05b-a500b4547dfb,A1_carsharing,47.63595,6.857963,autopartage,"[""rien_visible""]",Avril 2022,champ_vide,integree_reseau,problematique,3,carsharing,23,2026-06-07T20:55:03.801301+00:00,1,0,0,0,0,0,1
650,e78c07f4-a20,rohan,citiz_alpes_loire,1050,A1_carsharing,45.5597305297852,5.90305614471436,autopartage,"[""rien_visible""]",Aout 2020,impossible,isolee_legitime,problematique,2,Carsharing,46.2,2026-06-07T20:55:51.880407+00:00,1,0,0,0,0,0,0
651,e78c07f4-a20,rohan,bird-vichy,37ab3595-1e6b-4c18-a0fd-30ede8318c72,A4_discordant_composite,46.1207756830748,3.41921883183586,aucune_infrastructure,"[""rien_visible""]",Mars 2026,champ_vide,coordonnees_erronees,problematique,2,Rien de visible,32.4,2026-06-07T20:56:26.205809+00:00,0,0,1,0,0,0,1
652,e78c07f4-a20,rohan,citiz_rennes_metropole,1562,A4_discordant_composite,48.1225415,-1.6694257,autopartage,"[""rien_visible""]",Avril 2025,impossible,integree_reseau,problematique,3,Carsharing,24.6,2026-06-07T20:56:52.710766+00:00,1,0,0,0,0,0,0
653,e78c07f4-a20,rohan,lemarcel,stn_BzVR4rGRkHpe4FuZCH4S7g,clean_docked,48.268866,4.06965,station_vls,"[""bornes_docks"", ""totem_signaletique""]",Novembre 2024,coherente,integree_reseau,legitime,5,,51.1,2026-06-07T20:57:45.675279+00:00,0,0,0,0,0,0,0
654,e78c07f4-a20,rohan,Paris,1558958733,A4_agree_flag,48.897909724945,2.23837230436449,station_vls,"[""bornes_docks"", ""totem_signaletique""]",Octobre 2024,coherente,integree_reseau,legitime,5,,19.2,2026-06-07T20:58:06.773271+00:00,0,0,0,0,0,0,0
655,e78c07f4-a20,rohan,lyon,1016,A5_out_of_perimeter,45.765944,4.831089,station_vls,"[""bornes_docks"", ""totem_signaletique""]",Juin 2024,coherente,integree_reseau,legitime,5,,20.6,2026-06-07T20:58:29.270088+00:00,0,0,0,0,1,0,0
656,e78c07f4-a20,rohan,dott-paris,6911dfbb-15b8-401b-b92f-7cd3e8a478a4,A4_discordant_legacy,48.8664056885524,2.28007564643989,trottinettes,"[""rien_visible""]",Aout 2017,champ_vide,integree_reseau,problematique,2,Trottinette,53.9,2026-06-07T20:59:25.071035+00:00,0,0,1,0,0,0,1
657,e78c07f4-a20,rohan,grand-est,st_d34n07umbtds7381rb90,A5_out_of_perimeter,47.74243,7.34287,station_vls,"[""bornes_docks"", ""totem_signaletique""]",Novembre 2016,zero_suspect,integree_reseau,legitime,4,Vraie station,200.8,2026-06-07T21:02:47.815453+00:00,0,0,0,0,1,0,0
658,e78c07f4-a20,rohan,velozef,st_d52j6h4o7dgs73ca6680,A4_discordant_composite,48.40579,-4.49677,aucune_infrastructure,"[""rien_visible""]",Octobre 2024,placeholder,coordonnees_erronees,problematique,2,Rien de visible,70.2,2026-06-07T21:03:59.900296+00:00,0,1,0,0,0,0,0
659,e78c07f4-a20,rohan,Optymo_Belfort_ALS,8c166007-0c2e-426b-9e28-a5b216ccc532,A7_null_capacity,47.651946,6.856263,autopartage,"[""rien_visible""]",Avril 2022,champ_vide,integree_reseau,problematique,3,Carsharing,36.4,2026-06-07T21:04:38.260643+00:00,1,0,0,0,0,0,1
660,e78c07f4-a20,rohan,voi_Marseille,5c7f688f-9ed9-4ec9-bee2-a861521ecb94,A4_agree_flag,43.228007,5.351871,aucune_infrastructure,"[""rien_visible""]",Mai 2020,impossible,coordonnees_erronees,problematique,3,,31.7,2026-06-07T21:05:11.926822+00:00,0,0,1,0,0,0,0
661,e78c07f4-a20,rohan,voi_Marseille,f2d1c672-15d4-48da-905d-1634a369ff7c,A3_freefloating,43.294585,5.388887,trottinettes,"[""arceaux""]",Octobre 2025,impossible,integree_reseau,problematique,3,Trottinnette,36.6,2026-06-07T21:05:50.468413+00:00,0,0,1,0,0,0,0
662,e78c07f4-a20,rohan,velocite,stn_QdiBmy7f2PPyBFBiv5mFoV,A4_agree_flag,49.57321,3.683503,aucune_infrastructure,"[""rien_visible""]",Octobre 2024,placeholder,coordonnees_erronees,problematique,3,Rien de visible,28.1,2026-06-07T21:06:20.543881+00:00,0,0,0,1,0,0,0
663,e78c07f4-a20,rohan,dott-paris,9cde6804-bd32-4444-88e4-0dc3c2daee60,A3_freefloating,48.8621152386521,2.39936243835186,trottinettes,"[""rien_visible""]",Aout 2022,champ_vide,integree_reseau,problematique,3,Trotinnette,33.2,2026-06-07T21:06:55.633142+00:00,0,0,1,0,0,0,1
664,e78c07f4-a20,rohan,velozef,cirqbp4g3q5td18hqol0,A2_placeholder,48.40177,-4.46853,aucune_infrastructure,"[""rien_visible""]",Avril 2019,placeholder,coordonnees_erronees,problematique,3,Rien de visible,38.6,2026-06-07T21:07:36.215871+00:00,0,1,0,0,0,0,0
665,e78c07f4-a20,rohan,dott-paris,535a2006-b61b-4891-84b3-91454d18ee9c,A4_discordant_legacy,48.8816711886026,2.29223061456696,station_vls,"[""bornes_docks"", ""totem_signaletique""]",Avril 2022,zero_suspect,integree_reseau,legitime,5,Vraie station,67,2026-06-07T21:08:45.163482+00:00,0,0,1,0,0,0,1
666,e78c07f4-a20,rohan,dott-paris,69c673d4-3099-4ac8-bb9c-e5ac3b22f80c,A3_freefloating,48.8469185751733,2.37364085900583,trottinettes,"[""arceaux""]",Octobre 2024,champ_vide,integree_reseau,problematique,3,Trottinette,39.2,2026-06-07T21:09:26.301060+00:00,0,0,1,0,0,0,1
667,e78c07f4-a20,rohan,Optymo_Belfort_ALS,285fd809-8396-44d1-8988-8a7ad961fd0b,A7_null_capacity,47.63467,6.845638,autopartage,"[""arceaux""]",Aout 2022,champ_vide,integree_reseau,problematique,3,,87.5,2026-06-07T21:10:55.798038+00:00,1,0,0,0,0,0,1
668,e78c07f4-a20,rohan,velo-tbm-bordeaux,33,clean_docked,44.854092,-0.593128,station_vls,"[""bornes_docks"", ""totem_signaletique""]",Avril 2025,coherente,integree_reseau,legitime,5,,21.9,2026-06-07T21:11:19.643765+00:00,0,0,0,0,0,0,0
669,e78c07f4-a20,rohan,dott-lyon,1d1664d3-dda7-4547-9979-acc769b4f2dc,A4_discordant_legacy,45.819371,4.891946,trottinettes,"[""rien_visible""]",Octobre 2024,champ_vide,integree_reseau,problematique,3,Trotinnette,27,2026-06-07T21:11:48.599909+00:00,0,0,1,0,0,0,1
670,e78c07f4-a20,rohan,citiz_angers,279,A1_carsharing,47.462947845459,-0.55273300409317,autopartage,"[""rien_visible""]",Septembre 2024,impossible,coordonnees_erronees,problematique,2,Carsharing,29.2,2026-06-07T21:12:19.712129+00:00,1,0,0,0,0,0,0
671,e78c07f4-a20,rohan,dott-paris,863ce99f-a02d-4d46-b0d9-2454a984990c,A3_freefloating,48.8622770480183,2.34207871108496,trottinettes,"[""arceaux""]",Juin 2022,champ_vide,integree_reseau,problematique,3,Freefloating,41.8,2026-06-07T21:13:03.518657+00:00,0,0,1,0,0,0,1
672,e78c07f4-a20,rohan,lyon,10101,A5_out_of_perimeter,45.779429,4.873992,station_vls,"[""bornes_docks"", ""totem_signaletique""]",Juin 2024,coherente,integree_reseau,legitime,5,,21.8,2026-06-07T21:13:27.199232+00:00,0,0,0,0,1,0,0
673,e78c07f4-a20,rohan,bird-marseille,abcfbcf6-6a7d-4ab7-bdce-7988b3f8b2b0,A3_freefloating,43.2781957649683,5.3550686,trottinettes,"[""arceaux""]",Octobre 2025,champ_vide,integree_reseau,problematique,4,Freefloating,23.7,2026-06-07T21:13:52.815310+00:00,0,0,1,0,0,0,1