system_id,system_id_safe,country_code,fetched_at,status,n_stations,sha256,gbfs_version
careem_bike,careem_bike,AE,2026-06-28T08:37:40.466798+00:00,ok,224,80e581119d63abcdb01d28e12f5a0e68c7430cb5c914b1f94f8524bd235848cc,3.0
dott-sharjah,dott-sharjah,AE,2026-06-28T08:37:40.534451+00:00,ok,38,53b3aba64a13364a9432abaee62ef11efd1b3333ec877939ba594e8a35e1ba3b,2.3
dott-dubai-hills,dott-dubai-hills,AE,2026-06-28T08:37:40.582028+00:00,ok,7,7a7b76ffe80af89994b5a782a89f6393c8da08671d521ea27ac5cd0bb5b70785,2.3
dott-abu-dhabi,dott-abu-dhabi,AE,2026-06-28T08:37:40.630678+00:00,ok,1433,a0884826abf5cab45febad97c9a1bf1866195bac0cd8df94c767899244d4e84a,2.3
dott-dubai,dott-dubai,AE,2026-06-28T08:37:40.746261+00:00,ok,350,e9a2fc32698017ce7a35a1cdc52b67cd3e3aa8a9e2df83d36eeaba8aa38a4568,2.3
dott-ras-al-khaimah,dott-ras-al-khaimah,AE,2026-06-28T08:37:40.799503+00:00,ok,31,a03b342e65d13809611dcb5d610d1838745547b97572c201fbf52c4e5a6d3c3b,2.3
dott-baden-bei-wien,dott-baden-bei-wien,AT,2026-06-28T08:37:40.845246+00:00,ok,47,8bc20495a71e8713ca4c1e7289ab059e65a1a3ed9ff10aeb494220304847a109,2.3
dott-bregenz,dott-bregenz,AT,2026-06-28T08:37:40.895798+00:00,ok,98,c4168a64ca1aa78ee7cc0685f85eedfe2f2ab45a81df9558f1e136260cb875c7,2.3
dott-dornbirn,dott-dornbirn,AT,2026-06-28T08:37:40.948086+00:00,ok,3,7ac16b2f41fedaedc9078d272c161c5b70084d2cff5d99e894e6f694ba5b4a02,2.3
dott-feldkirchen-bei-graz,dott-feldkirchen-bei-graz,AT,2026-06-28T08:37:40.995983+00:00,ok,25,174cba382272b27116e344420551c6d8b475e526eaef5708fbc97ec18a7d5ae0,2.3
dott-innsbruck,dott-innsbruck,AT,2026-06-28T08:37:41.047607+00:00,ok,56,0dcaa5ad635e814c49e3fd4209db683502732ded09446e8158fe00b1cb634ebe,2.3
dott-klagenfurt,dott-klagenfurt,AT,2026-06-28T08:37:41.097072+00:00,ok,48,8697275d32ee69be62c43820aae47ce1a8e132807b609ae77f032fd2c73b55cb,2.3
nextbike_al,nextbike_al,AT,2026-06-28T08:37:41.149023+00:00,ok,55,95268f59ff860f968c7da166a491303c4c1c6ee1c83867f4cc095c5a5da88a3c,2.3
dott-klopein,dott-klopein,AT,2026-06-28T08:37:41.184496+00:00,unreachable:GBFSFetchError,0,,
dott-korneuburg,dott-korneuburg,AT,2026-06-28T08:37:41.184996+00:00,ok,43,59ecff017421c48dcdd0e0dac688a8467209982b2243230e481f4c42edc662ff,2.3
dott-leoben,dott-leoben,AT,2026-06-28T08:37:41.233837+00:00,ok,47,26809fc9e733d40be54ee049c2268a6f25cb9661daa844f86fd8573945d4bc20,2.3
dott-linz,dott-linz,AT,2026-06-28T08:37:41.279180+00:00,ok,154,c2e0b2fa667061feb4241475b84582bf3e0a4e80d26016df02517e6729941730,2.3
dott-modling,dott-modling,AT,2026-06-28T08:37:41.326841+00:00,ok,68,328ae11567c630b587a52105d1cba84a4df0c819444876d8bb8b4aa127c9aab8,2.3
bird-wiener neustadt,bird-wiener_neustadt,AT,2026-06-28T08:37:41.378246+00:00,empty,0,,
dott-sankt-anton-am-arlberg,dott-sankt-anton-am-arlberg,AT,2026-06-28T08:37:41.603204+00:00,ok,14,44608c7c441a6971d2dd1e16bbd2f7282dcdb4ebc27baa0a66c981d5e7e04007,2.3
dott-serfaus,dott-serfaus,AT,2026-06-28T08:37:41.651786+00:00,empty,0,,
dott-steyr,dott-steyr,AT,2026-06-28T08:37:41.697385+00:00,ok,16,847514f852895e9986762d33a76400ac8b02b7fdcae4923298ce04537630fb5a,2.3
dott-velden-am-worthersee,dott-velden-am-worthersee,AT,2026-06-28T08:37:41.765293+00:00,unreachable:GBFSFetchError,0,,
dott-villach,dott-villach,AT,2026-06-28T08:37:41.765711+00:00,empty,0,,
dott-wels,dott-wels,AT,2026-06-28T08:37:41.810689+00:00,ok,47,b47baaf1bcd939195d4619ac7e70520ce2c1a6e7589f57fa8dfe714372e4e0c1,2.3
nextbike_eq,nextbike_eq,AT,2026-06-28T08:37:41.861560+00:00,ok,21,a104896b998a241e0eb4b53d18ea80800df66d4edafa94d4cc4d0fd3499b62b8,2.3
nextbike_ka,nextbike_ka,AT,2026-06-28T08:37:41.900588+00:00,ok,51,bc74bf9ee7a7892f1a143e1fdda0aca00becdfeb01b5c42679e3cb8f27c8c050,2.3
nextbike_si,nextbike_si,AT,2026-06-28T08:37:41.943525+00:00,ok,55,31db453bbba9c95753dc1873f9414c13bc2847100bfc7fde0a765f488d32e6d7,2.3
biketobike,biketobike,AR,2026-06-28T08:37:41.985957+00:00,ok,99,e6689889849021da93a0f84e6360f2cefb5d32d1991c0498b807ca0c786c9236,2.x
nextbike_vt,nextbike_vt,AT,2026-06-28T08:37:42.590872+00:00,ok,22,38cdef4c6b02af374c196850c169ba96f4aae01252437d142a4acfdf295bb3cf,2.3
nextbike_la,nextbike_la,AT,2026-06-28T08:37:42.629327+00:00,ok,248,089bb17c528c86cb8994b11cba41493c36a6463d4a2ce883172e7dd4f32c6310,2.3
nextbike_bj,nextbike_bj,BA,2026-06-28T08:37:42.674421+00:00,ok,5,29c637c3da37c91f81a51ce0160a77f5b5d0ee21d9a0d8574c1f1f55b0dccac4,2.3
nextbike_bz,nextbike_bz,BA,2026-06-28T08:37:42.715859+00:00,ok,15,5fe4642dede548f70bf1541fbacbf727d1313e18dd8287c6a1fd4158ad0d00c9,2.3
nextbike_ba,nextbike_ba,BA,2026-06-28T08:37:42.752858+00:00,ok,42,3d5677c70f27bab7c6df43b6bdcf803e37384e2ce0d81e84c04a3e2055ab87f7,2.3
getaround_graz,getaround_graz,AT,2026-06-28T08:37:42.788173+00:00,no_station_information:GBFSDiscoveryError,0,,
nextbike_wr,nextbike_wr,AT,2026-06-28T08:37:42.788694+00:00,ok,259,60147893afbd445dc25447ccf08abc05ec79145de95bd7682feefa7981cf126b,2.3
bike_nordelta,bike_nordelta,AR,2026-06-28T08:37:42.824498+00:00,ok,21,de9bdc9b173f3b71189e90112cb03c1be0d9b34a0fc3df9449ae5bd3f1fe9753,3.0
bike_buenosaires,bike_buenosaires,AR,2026-06-28T08:37:43.041619+00:00,ok,394,43f097128e485788def121208bde32139164b083b23288dab7fc8d5924df98ac,3.0
getaround_innsbruck,getaround_innsbruck,AT,2026-06-28T08:37:43.574369+00:00,no_station_information:GBFSDiscoveryError,0,,
511,511,AE,2026-06-28T08:37:43.575105+00:00,unreachable:GBFSFetchError,0,,
dott-aalst,dott-aalst,BE,2026-06-28T08:37:45.008009+00:00,ok,4,952671fb1ab837b2f0bd3e0b5cf566bdc0cace59eba9ae26f5d5f643d7ae33c6,2.3
BoltEU_Brussels,BoltEU_Brussels,BE,2026-06-28T08:37:45.136732+00:00,ok,2528,13652d69e4ae4778f832aded2b768cd43fbbcff7e5df277e4f2cea2a819fe265,3.0
bluebike,bluebike,BE,2026-06-28T08:37:45.988277+00:00,ok,279,fe0c2b355aa21285a442f3465ed3c97b8b8278fc4bdce39ce2f1064da64e139b,2.3
dott-brussels,dott-brussels,BE,2026-06-28T08:37:46.163514+00:00,ok,2452,886bc050ab7bcbd01fcd7e2505322d179af46bbc5a648bebd34599de91a08b4c,2.3
dott-kortrijk,dott-kortrijk,BE,2026-06-28T08:37:46.312478+00:00,ok,4,bde763ea0d8596bedef2bcad4820cf59b909d6142fd3d29c833d47d052e8c540,2.3
donkey_antwerp,donkey_antwerp,BE,2026-06-28T08:37:46.346415+00:00,ok,865,076df6b629d11dcc5fc1ae6c7dec9ee3edba4c314742f6205bf5c50448f74cce,3.0
donkey_gh,donkey_gh,BE,2026-06-28T08:37:46.545759+00:00,ok,608,8d4d7da694a5a489489f3b204d691935dc80d5e29b4ac31880466c30c6075d89,3.0
donkey_kortrijk_leiedal,donkey_kortrijk_leiedal,BE,2026-06-28T08:37:46.627976+00:00,empty,0,,
donkey_westhoek,donkey_westhoek,BE,2026-06-28T08:37:46.684647+00:00,ok,55,45bed83fe4bbf1112d6e57796833fe227ba55fc2466dd7600d127f252f473fde,3.0
dott-liege,dott-liege,BE,2026-06-28T08:37:46.747492+00:00,ok,922,1c24a729c59d7c97eaa360030363a1386dfc66fcf06710f9b32f555714045788,2.3
bird-antwerp,bird-antwerp,BE,2026-06-28T08:37:46.820443+00:00,empty,0,,
dott-charleroi,dott-charleroi,BE,2026-06-28T08:37:47.126827+00:00,ok,1078,ada8426ba87e9de255e88b0eb6bc92a6578b896c241f54170cf9390040f97247,2.3
dott-ghent,dott-ghent,BE,2026-06-28T08:37:47.196883+00:00,ok,3210,0b1b0162911348a7723f4d9a6252e245886fdd835d4a6d02c7161256347beb63,2.3
getaround_beaumont,getaround_beaumont,BE,2026-06-28T08:37:47.301405+00:00,no_station_information:GBFSDiscoveryError,0,,
getaround_aalst,getaround_aalst,BE,2026-06-28T08:37:47.302256+00:00,no_station_information:GBFSDiscoveryError,0,,
getaround_antwerpen,getaround_antwerpen,BE,2026-06-28T08:37:47.302813+00:00,no_station_information:GBFSDiscoveryError,0,,
cooltra_brussels,cooltra_brussels,BE,2026-06-28T08:37:47.303297+00:00,no_station_information:GBFSDiscoveryError,0,,
cooltra_antwerp,cooltra_antwerp,BE,2026-06-28T08:37:47.303821+00:00,no_station_information:GBFSDiscoveryError,0,,
getaround_essen,getaround_essen,BE,2026-06-28T08:37:47.304340+00:00,no_station_information:GBFSDiscoveryError,0,,
getaround_charleroi,getaround_charleroi,BE,2026-06-28T08:37:47.304846+00:00,no_station_information:GBFSDiscoveryError,0,,
getaround_gent,getaround_gent,BE,2026-06-28T08:37:47.305395+00:00,no_station_information:GBFSDiscoveryError,0,,
getaround_hove,getaround_hove,BE,2026-06-28T08:37:47.306197+00:00,no_station_information:GBFSDiscoveryError,0,,
getaround_leuven,getaround_leuven,BE,2026-06-28T08:37:47.306675+00:00,no_station_information:GBFSDiscoveryError,0,,
getaround_lille,getaround_lille,BE,2026-06-28T08:37:47.307041+00:00,no_station_information:GBFSDiscoveryError,0,,
getaround_waterloo,getaround_waterloo,BE,2026-06-28T08:37:47.307508+00:00,no_station_information:GBFSDiscoveryError,0,,
getaround_seraing,getaround_seraing,BE,2026-06-28T08:37:47.307915+00:00,no_station_information:GBFSDiscoveryError,0,,
namur,namur,BE,2026-06-28T08:37:47.308413+00:00,ok,27,cc66b1f807f7647e8dc0db87644a711f681822dd8295fbf55555e5a99ba2e9c8,3.0
getaround_mechelen,getaround_mechelen,BE,2026-06-28T08:37:47.428702+00:00,no_station_information:GBFSDiscoveryError,0,,
bruxelles,bruxelles,BE,2026-06-28T08:37:47.429179+00:00,ok,349,744187a04d79a8aecf880f034da1abf04c1de072e04aad2e84bdcc8bf79a27d8,3.0
nextbike_hf,nextbike_hf,BE,2026-06-28T08:37:47.543135+00:00,ok,68,17ae4d5d8eeb56f523fa9f1b395cdd82cc0c54520ae07552b7d9b28c2eb40b41,2.3
pony_brussels,pony_brussels,BE,2026-06-28T08:37:47.683652+00:00,unreachable:GBFSFetchError,0,,
pony_liège,pony_liège,BE,2026-06-28T08:37:47.684089+00:00,unreachable:GBFSFetchError,0,,
pony_Charleroi,pony_Charleroi,BE,2026-06-28T08:37:47.684533+00:00,unreachable:GBFSFetchError,0,,
lime_antwerp,lime_antwerp,BE,2026-06-28T08:37:47.684988+00:00,ok,1,d1aece0a25b97a84dd66d864ad85635023e1b154e2033c65949e9d91f34ca787,2.2
voi_Antwerp,voi_Antwerp,BE,2026-06-28T08:37:47.945651+00:00,ok,2774,bd43f4c15d8cc5a97cc3e41347105b51719b8868e1f5bd06b012d97666a27151,2.3
lime_brussels,lime_brussels,BE,2026-06-28T08:37:48.146306+00:00,ok,1,74caeea92c620a0b53c7e3db2fefd8d7c69a95b187e417e18d9a83bade08290e,2.2
cc_smartbike_antwerp,cc_smartbike_antwerp,BE,2026-06-28T08:37:48.341974+00:00,ok,321,6c77d122fef3efc94cddcfff3d8bb99ecbe633393982666f83f0edbfd58c325d,2.0
bike_pe,bike_pe,BR,2026-06-28T08:37:48.621173+00:00,ok,90,5873c4d8a7451ab37fc587446aa19c197a4b7585310f3dad1aa9d823abaf6242,3.0
curitiba,curitiba,BR,2026-06-28T08:37:49.588624+00:00,ok,51,90a7a85cb43e15754cafc9a5aad6916972eab0ef7074d6db6894697fd06570ff,3.0
bike_brasilia,bike_brasilia,BR,2026-06-28T08:37:50.267990+00:00,ok,70,5d82c7064d13df6142d7e1eb560b9d5a8a6b8376091a38c6db2e39540685ea20,3.0
saguenay_bike,saguenay_bike,CA,2026-06-28T08:37:53.168867+00:00,ok,19,4252d0440647f8ee8139d779db4848c19e30e19ac43c406c3b2bfc8e0b480d83,3.0
bike_share_toronto,bike_share_toronto,CA,2026-06-28T08:37:53.476106+00:00,ok,1045,4e76b7bc5cd663f8ed457cfb96b9db7820e030dcd3d974ec4e0b33619a709aa2,3.0
avelo_quebec,avelo_quebec,CA,2026-06-28T08:37:53.981499+00:00,ok,226,06e30833e92a8b698af14acb7cc101c4ee7d4282da13ddfbc230da9f393dbf17,3.0
bike_rio,bike_rio,BR,2026-06-28T08:37:54.403822+00:00,ok,405,2a4a3665c4f39a103f182ad4d5b8bf3c32495a30e68df2b9b5ccfe99cbc9decd,3.0
bike_salvador,bike_salvador,BR,2026-06-28T08:37:55.370593+00:00,ok,74,5f3b12fcee08c19326dbdfe6fe55a30b7a84e211c9e1656be611b813e31487ce,3.0
bike_poa,bike_poa,BR,2026-06-28T08:37:56.090855+00:00,ok,90,09fce5435a10e79e3fb2d2400686174385e3880a20069b6173d06c72cff3fc8a,3.0
rivi_bike,rivi_bike,BR,2026-06-28T08:37:56.839799+00:00,ok,7,68c4776a94c5badc1e63bdcf86f3ef6327f9eeb6cbb565f672693ec8f76a9de9,3.0
bike_sampa,bike_sampa,BR,2026-06-28T08:37:57.539889+00:00,ok,240,fcb2b1823a7cfcf52f80f68f2571ee953b8115d9bd0df2aa5e9ded30807aa2a1,3.0
bird-calgary,bird-calgary,CA,2026-06-28T08:37:58.464559+00:00,empty,0,,
bird-halifax,bird-halifax,CA,2026-06-28T08:37:58.803348+00:00,ok,714,e2f96b7f6265dfe55891797f054e10d65e37fb9ff18ad33fa82cd8329b1e3f34,2.3
bird-edmonton,bird-edmonton,CA,2026-06-28T08:37:59.435525+00:00,empty,0,,
lime_edmonton,lime_edmonton,CA,2026-06-28T08:37:59.660788+00:00,ok,1,98573bdfdd3a82ad5ab3224ac6d3766be9bb4a303f2e3ef501d047aa65337805,2.2
lime_calgary,lime_calgary,CA,2026-06-28T08:38:00.035109+00:00,ok,1,b4b0c57fdc02abcf8be5677a2be14121201d0d2fd861f60fc3a45b9656fe71a6,2.2
bird-ottawa,bird-ottawa,CA,2026-06-28T08:38:00.250051+00:00,ok,564,25daba9dd430f602efb3b467407c366a8f07368588bcc949aebb142c3daf4abd,2.3
bird-leduc,bird-leduc,CA,2026-06-28T08:38:00.950112+00:00,empty,0,,
bird-vaughan,bird-vaughan,CA,2026-06-28T08:38:01.139279+00:00,ok,462,68892f26cd61b6abedec0c261ee4e8c38e0e2be521d8f972916010f4592044ff,2.3
bird-hamilton,bird-hamilton,CA,2026-06-28T08:38:01.764355+00:00,empty,0,,
bird-saskatoon,bird-saskatoon,CA,2026-06-28T08:38:01.997415+00:00,empty,0,,
lime_kelowna,lime_kelowna,CA,2026-06-28T08:38:02.230891+00:00,ok,1,9bd8521300753ad7a346e894f5bc6e90ccf9de42d20885386d70702779adb8b3,2.2
Bixi_MTL,Bixi_MTL,CA,2026-06-28T08:38:02.492317+00:00,ok,1087,9cfd113bd9088c49622d6d17a73f13b0c2fbd29cee1b6deb6bfb8eb6942d7aaf,2.x
lime_mississauga,lime_mississauga,CA,2026-06-28T08:38:03.460728+00:00,ok,1,d3a9048d598fdbe95e8ee3f17a86f440b4bb230be5653f7c526d59c434fd897f,2.2
lime_ottawa,lime_ottawa,CA,2026-06-28T08:38:03.655455+00:00,ok,1,b5671685ea99423c379faac8fd24e7d3db48faeecb57f7fdba9d2f426c73d17d,2.2
lime_vancouver_bc,lime_vancouver_bc,CA,2026-06-28T08:38:03.967606+00:00,ok,227,1a6376998a3dbd93687b1d616f4ca795791be1dfd7006e2526a85cbadd1f984b,2.2
Mobibikes_CA_Vancouver,Mobibikes_CA_Vancouver,CA,2026-06-28T08:38:04.215130+00:00,ok,264,c3dc72be5f74216c0aad38ff7002b5f50f239e8e57ff3fe8da3b0b88492a2b47,2.2
locomotion_sherbrooke,locomotion_sherbrooke,CA,2026-06-28T08:38:04.581319+00:00,no_station_information:GBFSDiscoveryError,0,,
locomotion_montreal,locomotion_montreal,CA,2026-06-28T08:38:04.581768+00:00,no_station_information:GBFSDiscoveryError,0,,
neuron_ard,neuron_ard,CA,2026-06-28T08:38:04.582092+00:00,unreachable:GBFSFetchError,0,,
neuron_bmt,neuron_bmt,CA,2026-06-28T08:38:04.582394+00:00,unreachable:GBFSFetchError,0,,
neuron_yeg,neuron_yeg,CA,2026-06-28T08:38:04.582689+00:00,unreachable:GBFSFetchError,0,,
neuron_yyc,neuron_yyc,CA,2026-06-28T08:38:04.582974+00:00,unreachable:GBFSFetchError,0,,
neuron_kcw,neuron_kcw,CA,2026-06-28T08:38:04.583251+00:00,unreachable:GBFSFetchError,0,,
neuron_yql,neuron_yql,CA,2026-06-28T08:38:04.583550+00:00,unreachable:GBFSFetchError,0,,
neuron_yow,neuron_yow,CA,2026-06-28T08:38:04.583876+00:00,unreachable:GBFSFetchError,0,,
neuron_yqr,neuron_yqr,CA,2026-06-28T08:38:04.584233+00:00,unreachable:GBFSFetchError,0,,
neuron_yqf,neuron_yqf,CA,2026-06-28T08:38:04.584637+00:00,unreachable:GBFSFetchError,0,,
sobi_hamilton,sobi_hamilton,CA,2026-06-28T08:38:04.585096+00:00,ok,198,c3ddd4c729a36e898c2e6087b8c2d40a1da5b47d077264b5f9479ec472cf2ac8,2.x
neuron_yve,neuron_yve,CA,2026-06-28T08:38:04.657955+00:00,unreachable:GBFSFetchError,0,,
neuron_yoo,neuron_yoo,CA,2026-06-28T08:38:04.658322+00:00,unreachable:GBFSFetchError,0,,
neuron_yxe,neuron_yxe,CA,2026-06-28T08:38:04.658676+00:00,unreachable:GBFSFetchError,0,,
pbsn,pbsn,CA,2026-06-28T08:38:04.659005+00:00,ok,13,b95e2895640389d3b58f72a3b8c4dff9356f5b9135b28ffd9f98c278d2e33a46,3.0
zem_ch,zem_ch,CH,2026-06-28T08:38:05.769135+00:00,ok,1743,982f63b42de9f427e6aba869b09ff7c3a4cd5f7c1903510e164fc95994d29169,3.0
bird-basel,bird-basel,CH,2026-06-28T08:38:05.915574+00:00,empty,0,,
bird-biel,bird-biel,CH,2026-06-28T08:38:06.174332+00:00,empty,0,,
bird-bulle,bird-bulle,CH,2026-06-28T08:38:06.391188+00:00,empty,0,,
bird-schaffhausen,bird-schaffhausen,CH,2026-06-28T08:38:06.646167+00:00,ok,88,f156cb06139638512896827db42e59903776860b69805ed77371a9d757432f67,2.3
bird-grenchen,bird-grenchen,CH,2026-06-28T08:38:06.917273+00:00,empty,0,,
bird-uster,bird-uster,CH,2026-06-28T08:38:07.156785+00:00,empty,0,,
bird-kloten,bird-kloten,CH,2026-06-28T08:38:07.351143+00:00,empty,0,,
bolt_basel,bolt_basel,CH,2026-06-28T08:38:07.648333+00:00,ok,5,1b23ac7789657232ff49cda12bacab61a71294fb81007ee2dd2246dda03dd5aa,3.0
bolt_zurich,bolt_zurich,CH,2026-06-28T08:38:07.687403+00:00,ok,54,8f90763b834f939d0767938fb53d7599f1b9f21c56d7138963bcc4227a2b5aa5,3.0
carvelo2go_ch,carvelo2go_ch,CH,2026-06-28T08:38:07.756180+00:00,ok,316,ee9ce27f3c7e73d1976e7e31b84b420a74459c32c869070a0ac73e39f3e50db9,3.0
car_ship,car_ship,CH,2026-06-28T08:38:07.825898+00:00,ok,20,2e3ace897498748a3c0550d4cdd714b3f42064ec32bece1d73b3261f29fbe004,3.0
bird-winterthur,bird-winterthur,CH,2026-06-28T08:38:07.861373+00:00,empty,0,,
bird-zurich,bird-zurich,CH,2026-06-28T08:38:08.084360+00:00,empty,0,,
donkey_ge,donkey_ge,CH,2026-06-28T08:38:08.375104+00:00,ok,623,af6a139da95b92f99b8c35a8ed38db41b5ac8f3369eb87ac5abf21d0515f70db,3.0
epfl_lausanne,epfl_lausanne,CH,2026-06-28T08:38:08.500501+00:00,ok,6,b44f63df9ba8225ec6bbd6e2b9c02a904e5b89258c5b7f0e16232c4013347dc9,3.0
donkey_kreuzlingen,donkey_kreuzlingen,CH,2026-06-28T08:38:08.575498+00:00,ok,20,521dce027354ce7dae3162ca55b321feff57bca34626bfe8e4cb7d14307c14c5,3.0
donkey_neuchatel,donkey_neuchatel,CH,2026-06-28T08:38:08.651247+00:00,ok,70,f92164356113472aee98fbbd6bedf34dd10dcdcf5ee5f936721540579e9273dd,3.0
donkey_sion,donkey_sion,CH,2026-06-28T08:38:08.731530+00:00,empty,0,,
donkey_thun,donkey_thun,CH,2026-06-28T08:38:08.800928+00:00,ok,41,38f2070413b161bb4b70e6974241ad2ea78fc4aead99b21a3f9f788672e2a7a6,3.0
dott-basel,dott-basel,CH,2026-06-28T08:38:08.861939+00:00,ok,43,2311d9060dde40985cd767f59c37a44a1d3038f90c58c4fde382bcb39255967b,2.3
dott-romanshorn,dott-romanshorn,CH,2026-06-28T08:38:08.912626+00:00,ok,206,e43635750d5a4af0b9b869af91dbe58161664e1f35b40835d0fdf5ddc2d687c2,2.3
edrivecarsharing_ch,edrivecarsharing_ch,CH,2026-06-28T08:38:08.974007+00:00,ok,79,86b6d47ad15983d6ee2996b3b756e8eb6e6c5fb1dcb7dc0c231dc3b8fa1f5ef3,3.0
dott-st.-gallen,dott-st.-gallen,CH,2026-06-28T08:38:09.017404+00:00,ok,129,15a7508de2945649c04de1ca84777ffa94cdaaf90d50221e1682b32b0d350f7f,2.3
dott-rorschach,dott-rorschach,CH,2026-06-28T08:38:09.085714+00:00,ok,138,f1bf6e982dd1082c7b339efa2549caefc468d79f45b2fc074ef6b269397763b5,2.3
lime_basel,lime_basel,CH,2026-06-28T08:38:09.138133+00:00,no_station_information:GBFSDiscoveryError,0,,
lime_uster,lime_uster,CH,2026-06-28T08:38:09.138678+00:00,no_station_information:GBFSDiscoveryError,0,,
dott-zurich,dott-zurich,CH,2026-06-28T08:38:09.139123+00:00,ok,95,2c254c59420d26d21d5961fdf09f4fe75eda1d38f0e04575f7a04f5c338be277,2.3
dott-winterthur,dott-winterthur,CH,2026-06-28T08:38:09.192711+00:00,ok,4,45b300ae06da4195a8ded53cc62b8d56f02be3b1aa11aa6c5eb204cce323c229,2.3
donkey_yverdon-les-bains,donkey_yverdon-les-bains,CH,2026-06-28T08:38:09.221475+00:00,ok,82,1bad67d7ebaf125dffa2f52f5ed1432de6716d135dca54f5a285297f42b5864b,3.0
lime_zurich,lime_zurich,CH,2026-06-28T08:38:09.349918+00:00,no_station_information:GBFSDiscoveryError,0,,
mobility_ch,mobility_ch,CH,2026-06-28T08:38:09.351088+00:00,ok,1714,a94be78064d1f841a1503d4c5761d966fff480a3fbc45260db09af4fe8da14f4,3.0
mybuxi_ch,mybuxi_ch,CH,2026-06-28T08:38:09.459996+00:00,ok,2118,516c84e16b94462aaee823acbe59c597d6d0489842a330a69b4c8fff685f5b6b,3.0
nextbike_ms,nextbike_ms,CH,2026-06-28T08:38:09.563049+00:00,ok,55,c9acdfd3e220b56ed2b5a234a74bd67b5595a195593b0a040120e906c726c318,2.3
pickebike_aubonne,pickebike_aubonne,CH,2026-06-28T08:38:09.607596+00:00,ok,14,d2856a248d8f024ada6ec0a836ab25a7fa1dfafec596acc330dae885fe414a82,3.0
lime_wetzikon,lime_wetzikon,CH,2026-06-28T08:38:09.645856+00:00,unreachable:GBFSFetchError,0,,
lime_winterthur,lime_winterthur,CH,2026-06-28T08:38:09.646557+00:00,unreachable:GBFSFetchError,0,,
nextbike_ch,nextbike_ch,CH,2026-06-28T08:38:09.647004+00:00,ok,391,52409eb92cbc3912e9a1000e3f59890e9d05ec6ad9f4988a1ca66f7d0a6a1e79,2.3
lime_opfikon,lime_opfikon,CH,2026-06-28T08:38:09.715304+00:00,ok,1,5eb0a07c9a2b2ee0aa0aaa3ece4137afe1884f84cb9254232a10db4136a9536d,2.2
lime_zug,lime_zug,CH,2026-06-28T08:38:10.489825+00:00,ok,1,a44980a5bd29d9f0f917577e8a434ee99a270d578b8dcec47271b69f5f1e69e2,2.2
pickebike_basel,pickebike_basel,CH,2026-06-28T08:38:11.505151+00:00,ok,79,baa39a1e705e89697c4b7a25110806fa0ee6c4b527aaa8c1a2caf5d78b70b4cd,3.0
sponti,sponti,CH,2026-06-28T08:38:11.544052+00:00,unreachable:GBFSFetchError,0,,
pickebike_fribourg,pickebike_fribourg,CH,2026-06-28T08:38:11.544482+00:00,ok,31,9a6f34f5f4407c3054295ecb15a777fa3a0bbe358703900947cadc5ebc684099,3.0
velospot_ch,velospot_ch,CH,2026-06-28T08:38:11.581418+00:00,ok,1659,dc93a882a2f5fd4e2c796bada2a3f98704a20418c2af175d1f9e092719dd9fc7,3.0
quickrent.ch,quickrent.ch,CH,2026-06-28T08:38:11.760610+00:00,ok,87,7b27be7ca66fb21caabda617c8b12779d5f37558cd79da339528365d2865ed45,3.0
voi_ch,voi_ch,CH,2026-06-28T08:38:12.935681+00:00,ok,792,55a9455d7654c72f54e63bfe95acceafbb207ad35a78d418eebf3c2f573d6414,3.0
share_birrer_ch,share_birrer_ch,CH,2026-06-28T08:38:13.007336+00:00,ok,21,41837553a6d2b7c31950397e4dec6ae2ec5de96eab9b1f42ef327bb9dbba3a84,2.2
sharedmobility.ch,sharedmobility.ch,CH,2026-06-28T08:38:13.429229+00:00,ok,12193,405e180dded82c8f0ea880c93a701930442b2ec620fd5262e9814780a0e89e51,2.0
nextbike_cy,nextbike_cy,CY,2026-06-28T08:38:13.726354+00:00,ok,313,eadeb9f973f3e8c6dd5c191ac97518d06d3d2ea9758439ef9bcf32f4a6abb92c,2.3
nextbike_co,nextbike_co,CZ,2026-06-28T08:38:13.771420+00:00,ok,26,839906eb6642048959007df575cae1514dcf59de015c12c9c89223f0dc398b22,2.3
nextbike_td,nextbike_td,CZ,2026-06-28T08:38:13.808130+00:00,ok,30,0439ac5ad44e161b165226a46c2d9f2bd0a18256bfa47261d693070cc65334c4,2.3
publibike,publibike,CH,2026-06-28T08:38:13.847038+00:00,empty,0,,
nextbike_te,nextbike_te,CZ,2026-06-28T08:38:13.893635+00:00,ok,309,cd33914114438600c5d6978cabf52e12c58fe67dd4e554104f21e1d06411bd32,2.3
nextbike_nd,nextbike_nd,CZ,2026-06-28T08:38:13.930771+00:00,ok,12,e55981ed36a986c153d4a5debd96a30d18b516d3c02bf94f596e9f499b83fd1a,2.3
nextbike_tf,nextbike_tf,CZ,2026-06-28T08:38:13.966128+00:00,ok,27,cf387c08beb28782826b4f39996fd90b1c21418d7bf6311eec55b4e34a8c6ddb,2.3
nextbike_ts,nextbike_ts,CZ,2026-06-28T08:38:14.002869+00:00,ok,128,0bf387050da3683af6584ee91e5b968ac6cef438511167c10d025fe09fbab6c6,2.3
nextbike_nc,nextbike_nc,CZ,2026-06-28T08:38:14.038419+00:00,ok,26,e60c5538207a9df76613555a4c2c83d0537a4368653b95ab3f2df287180bb877,2.3
nextbike_uf,nextbike_uf,CZ,2026-06-28T08:38:14.073989+00:00,ok,9,6437000e65191d96e4ce35b054d6e486a61fce79029fcd9c381be5c45fed1d32,2.3
nextbike_tl,nextbike_tl,CZ,2026-06-28T08:38:14.110251+00:00,ok,144,004a91e364bedfeb0659fafca5075db5c2d7745d6c4a47005c824963d6a4d2c5,2.3
nextbike_na,nextbike_na,CZ,2026-06-28T08:38:14.147839+00:00,ok,27,2a93545c3c59221e815e5095f35c26429b227438a72487e35c03abdea5b587f3,2.3
nextbike_ud,nextbike_ud,CZ,2026-06-28T08:38:14.184205+00:00,ok,38,d9dd3523feb0e26bef82c03a0e6e1c81d483b52eb84d136fa731b1c64b8cc02b,2.3
nextbike_oc,nextbike_oc,CZ,2026-06-28T08:38:14.220398+00:00,unreachable:GBFSFetchError,0,,
nextbike_nt,nextbike_nt,CZ,2026-06-28T08:38:14.220964+00:00,ok,26,eaf95eda123a3e2731fd9509bc9d8ade44b7a96aaf46535ac265d0c7f03b3b5c,2.3
nextbike_tk,nextbike_tk,CZ,2026-06-28T08:38:14.256485+00:00,ok,88,e3c6fe6a073cf747d81e87c6989b5865b2246559d7d970bdd2892e5b24cbdddf,2.3
nextbike_ko,nextbike_ko,CZ,2026-06-28T08:38:14.292375+00:00,ok,22,4d11952774a36c273f24ce93f5f31a544563972c7ada5d8feab8ffa19fcfb172,2.3
nextbike_ni,nextbike_ni,CZ,2026-06-28T08:38:14.332558+00:00,ok,47,3b19e95534a34a663e081faed656ca89741db71407583591007a8f5b89e44220,2.3
nextbike_tw,nextbike_tw,CZ,2026-06-28T08:38:14.366088+00:00,ok,56,e950eaec14bdafe93fad45708913fc45118999580981b672eb49717e24db42f8,2.3
nextbike_ky,nextbike_ky,CZ,2026-06-28T08:38:14.409929+00:00,ok,10,c63cc469e25b98f738ed14bd49cc1793d4e58b1801ffaa63662f21126288b944,2.3
nextbike_xa,nextbike_xa,CZ,2026-06-28T08:38:14.444205+00:00,ok,62,6cfe5e6c94d96769e9d6a4b325ceff29966a84b397f35424b9c1c689bea1e63b,2.3
nextbike_lb,nextbike_lb,CZ,2026-06-28T08:38:14.478290+00:00,ok,11,01506703eb2891a22214fdd15ebdae5cf0555c9c825dd1c5ce00dd7765a3efb3,2.3
nextbike_lo,nextbike_lo,CZ,2026-06-28T08:38:14.512205+00:00,ok,18,822ec23e0a6b44ebb01b8b115964330c7ee8edc85fd70a84e44274e4d420a1a7,2.3
nextbike_tq,nextbike_tq,CZ,2026-06-28T08:38:14.548419+00:00,ok,146,5522e5917b32224c29ecc098dd0aab6a440151b5f583a7af7f65303ad2da4e7f,2.3
nextbike_xc,nextbike_xc,CZ,2026-06-28T08:38:14.583835+00:00,ok,15,d688667378c1782202a08f9a2c3ab6460c38b612abea58d37b494d8b071cb465,2.3
nextbike_nh,nextbike_nh,CZ,2026-06-28T08:38:14.621216+00:00,ok,46,c37b4bd03907628da319248b868371cbe3ecd081d41f5539e054e0548852d3dd,2.3
nextbike_uo,nextbike_uo,CZ,2026-06-28T08:38:14.656506+00:00,ok,43,575f227d56befb0fb34245287c2b0073a88e636fed213af5355b0cb3a15e04de,2.3
nextbike_ne,nextbike_ne,CZ,2026-06-28T08:38:14.690350+00:00,ok,17,d1713f092541c994f83c76c03ef8914e4f5450d12a400bf34ed24fd7c6edd4e7,2.3
nextbike_cu,nextbike_cu,CZ,2026-06-28T08:38:14.724880+00:00,ok,20,d66dc107a08c2f4040a79e382021826df6ada32b4638a8f0f16e06dad6622bac,2.3
nextbike_ti,nextbike_ti,CZ,2026-06-28T08:38:14.761133+00:00,ok,70,914b81c6973645436a63453a59d2e7f7a3f0aac136628b30830df9652a32821c,2.3
bike_santiago,bike_santiago,CL,2026-06-28T08:38:14.797462+00:00,ok,199,828a2d471670e9061443bd5d381bb926a8071c9bf7c8f76eaaf87fe0863022fc,3.0
bogota_bike,bogota_bike,CO,2026-06-28T08:38:15.273318+00:00,ok,207,37d823bb83b10104603cb0cb116bf88e381643bfc7526fdb47c0602c65bc1fae,3.0
nextbike_tj,nextbike_tj,CZ,2026-06-28T08:38:17.479546+00:00,ok,64,dc31cd6b2e3d75516d6f9e429486f5ac52389150befeebb7cbc9486f3f033529,2.3
nextbike_ot,nextbike_ot,CZ,2026-06-28T08:38:17.516449+00:00,ok,17,237ea4f49f28fe3decfac8b2eec13ec3341160e340f6f623424ebb7a59052920,2.3
nextbike_nr,nextbike_nr,CZ,2026-06-28T08:38:17.551623+00:00,ok,69,2efef293b8a6629f82de3953978baa9e682550039b3ece0023a87334e4fc5be3,2.3
nextbike_to,nextbike_to,CZ,2026-06-28T08:38:17.587648+00:00,ok,429,41f15e339390b49e9df6ab0138adaf9b6e7d3399fd95a30de05ea3f271b39ffd,2.3
nextbike_cq,nextbike_cq,CZ,2026-06-28T08:38:17.881972+00:00,ok,27,34219cba4eef7f8ca4fc20ee2b66e1059baf7c8ca129f21fd583081377b93dc7,2.3
nextbike_ty,nextbike_ty,CZ,2026-06-28T08:38:17.918163+00:00,ok,61,d3c91b9cbe8ed541779394bb153344c98afa5df5d1bd0b2a850cae7d1eec74f6,2.3
nextbike_rl,nextbike_rl,CZ,2026-06-28T08:38:17.959938+00:00,ok,17,b2722b2def69cd65b37e343c49e918ebad53cee066cd4901ce65ae8b457135b9,2.3
nextbike_tg,nextbike_tg,CZ,2026-06-28T08:38:17.996127+00:00,ok,1549,ee744056d14e94cdf639cab2e351e37b841299283f9c2e3ee3042305f602bf94,2.3
nextbike_tx,nextbike_tx,CZ,2026-06-28T08:38:18.101223+00:00,ok,18,e6c304d968b805a6b154529c150e05e7c9d2bfa3f66711c36f2954b169b09e21,2.3
nextbike_ns,nextbike_ns,CZ,2026-06-28T08:38:18.155398+00:00,ok,20,201d92654818f4d58cf523d6bedb62fb632bcd4bc57dd017f1905d1e1cbe2454,2.3
nextbike_tu,nextbike_tu,CZ,2026-06-28T08:38:18.190390+00:00,ok,40,40ea10325b1b55fad6f40dea460df6bba7e21ca81ec2c2d573f19efec4bacdf6,2.3
nextbike_tt,nextbike_tt,CZ,2026-06-28T08:38:18.225913+00:00,ok,49,fc6c7e5fc06a97a3a6e9c29086cc435aab3616af1e88438a8d3bd2e4aca74b17,2.3
nextbike_xb,nextbike_xb,CZ,2026-06-28T08:38:18.268574+00:00,ok,38,766959fd50cae377808256fbe97b35631016daedd1859e3a19bbcf94c984f184,2.3
nextbike_vm,nextbike_vm,CZ,2026-06-28T08:38:18.310422+00:00,ok,95,6ab947571dde6ee5160500266967af3113d2a0f3a54b109d6fd35a5a9a4e46fa,2.3
nextbike_vr,nextbike_vr,CZ,2026-06-28T08:38:18.351470+00:00,ok,25,68fc04b4fc710316b563bef1af75fbf765e3d6e97e5ce20c8c720f390b0a8aaa,2.3
nextbike_zs,nextbike_zs,CZ,2026-06-28T08:38:18.392768+00:00,ok,43,19cca6bae8fa83ee061a03bd3591e64edcf611952cb01cd0616467b4d6cd214e,2.3
nextbike_tv,nextbike_tv,CZ,2026-06-28T08:38:18.434681+00:00,ok,104,f7c1dad3505717adee959caa58fe82fb09b9e4683d2c378d78859857bd05d892,2.3
nextbike_ac,nextbike_ac,DE,2026-06-28T08:38:18.477958+00:00,ok,56,a2f39e6e3ff2e6370f88074fce326b9d6cc1026519fa2745e1e90a0f1d4445d4,2.3
nextbike_rh,nextbike_rh,DE,2026-06-28T08:38:18.525565+00:00,ok,22,1e8c50b41b33e0080543fd1fb88716b3ec8d8072aa02f6662072983239d2fd2c,2.3
nextbike_wp,nextbike_wp,DE,2026-06-28T08:38:18.566784+00:00,ok,5,67be17a0cf775dc66d4097babe44e4ee417b7cf2fcd5e6429dd4c30df5636958,2.3
nextbike_bq,nextbike_bq,DE,2026-06-28T08:38:18.609678+00:00,ok,116,816ab9ceea1326e5ab2ca9510214fcda23128dd73f35fbe60cca4f22d848ba39,2.3
bird-ulm,bird-ulm,DE,2026-06-28T08:38:18.653429+00:00,empty,0,,
bird-munich,bird-munich,DE,2026-06-28T08:38:18.694584+00:00,empty,0,,
herrenberg_alf,herrenberg_alf,DE,2026-06-28T08:38:18.735554+00:00,ok,1,b3a088b3d5badc6a0b810c18548b4795771bbdf95a46a3f1cbfb84eede06fd49,3.0
bolt_karlsruhe,bolt_karlsruhe,DE,2026-06-28T08:38:18.778587+00:00,ok,27,e5c4e86c4f0194f55ad55fa5ce4752630d07932fbadf894f62637e4ba8699d02,3.0
nextbike_cb,nextbike_cb,DE,2026-06-28T08:38:18.823756+00:00,ok,16,0ea61094cbca812553f47f6e991ffc50e690217e78537ebc11e8f21276f45eb0,2.3
oekostadt_renningen,oekostadt_renningen,DE,2026-06-28T08:38:18.864844+00:00,ok,33,664d1eb4d0c80b7d49018e8d820cb9a0742d5df6a84b1d8a388145c13d45e53c,3.0
bolt_reutlingen_tuebingen,bolt_reutlingen_tuebingen,DE,2026-06-28T08:38:18.908155+00:00,empty,0,,
bolt_stuttgart,bolt_stuttgart,DE,2026-06-28T08:38:18.943777+00:00,ok,55,cc8273004cef319582211ef3a76aad10e07bb1c59cf9b946db05e54e410c8d20,3.0
conficars_ulm,conficars_ulm,DE,2026-06-28T08:38:18.990694+00:00,ok,27,b5146675e61b4e31422d20c6d1073b8d02c54bd2b696063001024ea36186aafa,3.0
callabike,callabike,DE,2026-06-28T08:38:19.030850+00:00,ok,1616,bf257873d4fd42cae8dbaf4525247cc939078248ee881fc818fe1012b327fe81,3.0
gruene-flotte_freiburg,gruene-flotte_freiburg,DE,2026-06-28T08:38:19.175025+00:00,ok,286,e46fac68371837098068e3615f0bdb7021af93f3d1e9cc3c922960103799eca6,3.0
stadtwerke_wertheim,stadtwerke_wertheim,DE,2026-06-28T08:38:19.216107+00:00,ok,2,fa52b937325c4df4739c85d12b268266040f09664cd6945d7971042af817fa4e,3.0
deer,deer,DE,2026-06-28T08:38:19.257685+00:00,unreachable:GBFSFetchError,0,,
donkey_kielsmile,donkey_kielsmile,DE,2026-06-28T08:38:19.258243+00:00,ok,213,31cd36e11fa688a96434fbf4c9fe16c7d0ce91108799cc83e65b08da56af1dba,3.0
Ergolding,Ergolding,DE,2026-06-28T08:38:19.322895+00:00,ok,2,f4751fba12efc2ddd105fe74e366c9e92fbceecfc6dbf8760152559b68010aac,3.0
Neutraubling,Neutraubling,DE,2026-06-28T08:38:19.387464+00:00,ok,5,92267fd26fc791a7c3ada02811174e2e43496f569745d1f6b9405e678ac45398,3.0
Kelheim,Kelheim,DE,2026-06-28T08:38:19.448826+00:00,ok,13,0ebf853217de586e3b731b00e37c6548ed92ed453a3007db38f7f6f9ffe2b201,3.0
Obertraubling,Obertraubling,DE,2026-06-28T08:38:19.514933+00:00,ok,6,ca00534f9aa6628ac1320decbe253fae25ea0b48adfb79463cbc5c2708883002,3.0
5534922f6997f4d861ce1b33f2efce21a470c22,5534922f6997f4d861ce1b33f2efce21a470c22,DE,2026-06-28T08:38:19.574597+00:00,ok,17,ba885409a8a4836323b774781a815d56ddb2ceddfc28c8da09fb98e2a6ca5e50,2.3
Donkey-Prignitz,Donkey-Prignitz,DE,2026-06-28T08:38:21.480351+00:00,ok,25,ebc13fee8c34cec1fd259c3db599c1f7ea2b67ca366e89b9c26569bee337c685,3.0
donkey_munich,donkey_munich,DE,2026-06-28T08:38:21.543624+00:00,ok,1,50073de86650266100d5581a7d77e3d0f7e0a04b8149435dbbe78ab6ea37666c,3.0
bayern_komplett,bayern_komplett,DE,2026-06-28T08:38:21.618647+00:00,ok,171,2b4b96c43ea88e72c969a62dd7b7ee99b70f79e032d0b868ee01ad5a6231d373,3.0
Augsburg,Augsburg,DE,2026-06-28T08:38:21.688243+00:00,ok,13,369df24e54858f21eef3501663d63e17a9f1daa6f118aefb8dffe47e125fc1d1,3.0
donkey_hannover,donkey_hannover,DE,2026-06-28T08:38:21.765878+00:00,ok,422,1118b7a96f7c4ffb1e1406afc69e278a67b326b3f49630667f7105921d2dc756,3.0
donkey_bamberg,donkey_bamberg,DE,2026-06-28T08:38:21.841948+00:00,ok,4,547c617576d9dac64b1026f2ce85ac52cba30a9d9afd92028bd38b633f2f0b61,3.0
donkey_regensburg_straubing,donkey_regensburg_straubing,DE,2026-06-28T08:38:21.929251+00:00,ok,129,a3c6a666b9fc79b3fb4a6292cb1c8df469086344c1022be2716e3f6292f5d7fe,3.0
donkey_kiel,donkey_kiel,DE,2026-06-28T08:38:22.000691+00:00,ok,213,f53447a203c841ba09553b090f2977d739430ac2405e3f31c33966a06107c869,3.0
donkey_regensburg,donkey_regensburg,DE,2026-06-28T08:38:22.088356+00:00,ok,93,7d870d4c64a6f593c09bdf881a06822c29e89541c2165a2d2277c0482c776fb9,3.0
donkey_schleswig,donkey_schleswig,DE,2026-06-28T08:38:22.145247+00:00,empty,0,,
dott-aachen,dott-aachen,DE,2026-06-28T08:38:22.204050+00:00,ok,25,9859eb776a1be2ad9b1d04779b73d72586c84eccb4443ab7e17c18d516ac766a,2.3
dott-berlin,dott-berlin,DE,2026-06-28T08:38:22.259741+00:00,ok,587,dd26d376a05299bb39706c4c8bfddb8a6b0c6e7870e1dfe165539f7ded0c97aa,2.3
dott-bochum,dott-bochum,DE,2026-06-28T08:38:22.384475+00:00,ok,3,fa8d1453643413f286733f8cec67bf9676aa1aeada7cac75831f62410de20b7e,2.3
dott-bielefeld,dott-bielefeld,DE,2026-06-28T08:38:22.437315+00:00,ok,27,b450e7c81785570cc217c4ddef55432b7837ca89a754717a430659d55dbf781f,2.3
dott-boblingen,dott-boblingen,DE,2026-06-28T08:38:22.489871+00:00,ok,8,534af7caf7b20214ac59562445424fa85a65685182120811d75a15dd9b3336a9,2.3
dott-baunatal,dott-baunatal,DE,2026-06-28T08:38:22.543438+00:00,ok,4,cbb1a51454827e5303ca399bc12d4b24d5ebe223cf1cee15b9c68ae5fa1a1da4,2.3
dott-bremerhaven,dott-bremerhaven,DE,2026-06-28T08:38:22.576889+00:00,empty,0,,
dott-bonn,dott-bonn,DE,2026-06-28T08:38:22.628198+00:00,ok,4,0e4673e5b294a683f8c9af20323ff427dc848c9c15a3ab95377f797758e86ccc,2.3
dott-brunswick,dott-brunswick,DE,2026-06-28T08:38:22.680837+00:00,ok,40,a53164bde5acc48ae42c73bc8a007b2abb125c0ab902779620fe164f566db5e0,2.3
dott-bruhl,dott-bruhl,DE,2026-06-28T08:38:22.736015+00:00,ok,78,d110b487f2546707887c8374b6c9be4f30e057dfd89725e982025ef2ff59bd65,2.3
dott-celle,dott-celle,DE,2026-06-28T08:38:22.790315+00:00,ok,1,42f808ac8c522897ad05792b3ad096e1d6d4c82fe1775945134c4a3b95ad23b2,2.3
dott-chemnitz,dott-chemnitz,DE,2026-06-28T08:38:22.845863+00:00,empty,0,,
dott-cologne,dott-cologne,DE,2026-06-28T08:38:22.893268+00:00,ok,135,5dd4615b1df792cd484d537edd0398d3e1af8bff03a9ca28a323e5769f37f7df,2.3
dott-bremen,dott-bremen,DE,2026-06-28T08:38:22.951808+00:00,ok,21,a951f45d95f8cc50301c420d54e7269a95ef949a1cc87fee689ec20761024404,2.3
dott-cottbus,dott-cottbus,DE,2026-06-28T08:38:23.005853+00:00,ok,3,3a32866b99c923ac73a18ff1601b048e9ad7ca0fed9b252a9be672582ae78510,2.3
dott-detmold,dott-detmold,DE,2026-06-28T08:38:23.053367+00:00,empty,0,,
dott-darmstadt,dott-darmstadt,DE,2026-06-28T08:38:23.102036+00:00,ok,58,c2585bf206ad87d0ce2249123557a2a6e55043dca81f97f5d14d73f2ab6810ac,2.3
dott-dortmund,dott-dortmund,DE,2026-06-28T08:38:23.158806+00:00,ok,27,c2ac7465a6512344cb901a4c72c8318bb6d04aa649b10b5b70dfd955a0a22c72,2.3
dott-duisburg,dott-duisburg,DE,2026-06-28T08:38:23.241094+00:00,ok,1,e37570f057f170de2f10d405629b647af0325d616ea911aab715b53c3f8ed034,2.3
dott-dusseldorf,dott-dusseldorf,DE,2026-06-28T08:38:23.291026+00:00,ok,312,c42257c09b8d4606931a776889e13690606038abbe60fd43fde169df6a1b0cfa,2.3
dott-elmshorn,dott-elmshorn,DE,2026-06-28T08:38:23.358021+00:00,ok,19,5bd2cea271488339da673a54a12b716f955e00e270b07529df8af983ab2822be,2.3
dott-erfurt,dott-erfurt,DE,2026-06-28T08:38:23.412075+00:00,empty,0,,
dott-essen,dott-essen,DE,2026-06-28T08:38:23.457821+00:00,ok,57,5eaf1f05949364b1faf6112f3389e6ec9a66faad794e98da0fc0a2459f1d3abc,2.3
dott-erlangen,dott-erlangen,DE,2026-06-28T08:38:23.514731+00:00,ok,9,9b46f051ad38eb6f6ae64e27cefdb13dd5d610cb8e2c03037a12f4be535dc13c,2.3
dott-flensburg,dott-flensburg,DE,2026-06-28T08:38:23.568705+00:00,ok,30,4ea8a16bfaa7d1e3bf8fd75f2b694eee00e7d77c7d3a89270345ee106d8478a4,2.3
dott-frankfurt,dott-frankfurt,DE,2026-06-28T08:38:23.640968+00:00,ok,158,c7c37e5e165e83f0629c4d778deb0eddfbc42c0c2130d7aef02444d87f4d4bc4,2.3
dott-gera,dott-gera,DE,2026-06-28T08:38:23.695618+00:00,ok,24,e7d13a7b723dc3cb42ea58d07b1c30d625b4f5f4b343be2c15cccb6e42cec6bc,2.3
dott-friedrichshafen,dott-friedrichshafen,DE,2026-06-28T08:38:23.749820+00:00,ok,35,d120829aec00e3f07ef2c941e7e11e0e9bbbf678dc084ae329fc51b4fffd6530,2.3
dott-gifhorn,dott-gifhorn,DE,2026-06-28T08:38:23.803168+00:00,empty,0,,
dott-gladbeck,dott-gladbeck,DE,2026-06-28T08:38:23.847425+00:00,ok,10,65b2835b55ce70d0732cd6d2dfea515a0f762a839746d6d1bb5961f875bd3bc0,2.3
dott-hennef,dott-hennef,DE,2026-06-28T08:38:24.218153+00:00,empty,0,,
dott-heidelberg,dott-heidelberg,DE,2026-06-28T08:38:24.261388+00:00,ok,20,d7b08b03774bdd276cfa7afc04b1b8672d8792be4395a6ae9d0f3803ffd6ea72,2.3
dott-hamburg,dott-hamburg,DE,2026-06-28T08:38:24.311596+00:00,ok,33,c5f7c292afd6ebb470764666a5e9b1235b866962439a1b0838e3e17057347118,2.3
dott-hamm,dott-hamm,DE,2026-06-28T08:38:24.356765+00:00,ok,1,9074fc24b6bbdf22ef59a93c5e05c425a02af7415835485da40aa55083c6bd0c,2.3
dott-hannover,dott-hannover,DE,2026-06-28T08:38:24.402994+00:00,ok,34,3d92d93777378e0531632515ecebddd89e84fd3b8c6096534e1248f01f9f14d6,2.3
dott-heilbronn,dott-heilbronn,DE,2026-06-28T08:38:24.457061+00:00,ok,35,bde01e06b87d68b174461c9922bf8c3a1aaa908a1e84cb9f7ec7bd8779e87ce4,2.3
dott-herne,dott-herne,DE,2026-06-28T08:38:24.503309+00:00,ok,1,90ad46fdb04e8c14d9aa6b83e67cf869984f20addccb21ce190962d38a531575,2.3
dott-herford,dott-herford,DE,2026-06-28T08:38:24.572341+00:00,ok,3,2cffc3391d63a392cd7c8611ec107bcbecc1f715d4b2c2fe0495c7e12abda692,2.3
dott-herten,dott-herten,DE,2026-06-28T08:38:24.622252+00:00,ok,1,18fc20cde7e793ea2ff2b178ebbefc9d1d0d4ce235fcd14df7d5c41a66a984e6,2.3
dott-hildesheim,dott-hildesheim,DE,2026-06-28T08:38:24.670188+00:00,ok,4,2ebf2179928ab764ed87c85d84f431021986f2224de16ba0b61f55c0dfb27ba4,2.3
dott-ingolstadt,dott-ingolstadt,DE,2026-06-28T08:38:24.719682+00:00,ok,15,c5a6bf9c99464b79f51519d344b37e05fa3005f1da65387b4f6220195a0f94b5,2.3
dott-hilden,dott-hilden,DE,2026-06-28T08:38:24.768567+00:00,ok,23,dbb7d7c83de4fe2acd0098208b5a630e345b49151588f27bdc343427e15eaedc,2.3
dott-jena,dott-jena,DE,2026-06-28T08:38:24.815307+00:00,empty,0,,
dott-kaiserslautern,dott-kaiserslautern,DE,2026-06-28T08:38:24.858512+00:00,ok,28,682b19dc5dde325ec5bc2f10c2c1e6b995ace7a61afddfa53bffe5f574754b74,2.3
dott-karlsruhe,dott-karlsruhe,DE,2026-06-28T08:38:24.907135+00:00,ok,32,86a9ec3a23c08b1f3dc77d1c82aab2b70ea1476d60aeeadeb46dc657ffaadfc5,2.3
dott-kassel,dott-kassel,DE,2026-06-28T08:38:24.957317+00:00,ok,40,670a8671b78cb3612200625e8a6e56cc410055be7f98d3ad5ddb2ab303c25eac,2.3
dott-kiel,dott-kiel,DE,2026-06-28T08:38:25.004514+00:00,ok,17,e3b3dde1403dfe70e2d56fa50d26119445ed3498d9eb6cf77246a88c9222ae05,2.3
dott-langenfeld,dott-langenfeld,DE,2026-06-28T08:38:25.052064+00:00,ok,8,2e30de0aef3c4fc0656e0fa1ff3872ed8c22a2faee35ecb97be472345009e70b,2.3
dott-lindau,dott-lindau,DE,2026-06-28T08:38:25.111851+00:00,ok,35,382e9af36f453e7e014c9ae2563561429d89616ee70dd0d8a37744fc81fb6455,2.3
dott-lubeck,dott-lubeck,DE,2026-06-28T08:38:25.161895+00:00,ok,33,599f1a00ba1484402574fbcd796b92a5c02b8ea8af0f4454b63963f4493f3955,2.3
dott-leipzig,dott-leipzig,DE,2026-06-28T08:38:25.209544+00:00,ok,138,64947c1c0fabd0f84505056da80ae0a5375dc958c423f818abdb71abaf628379,2.3
dott-ludwigsburg,dott-ludwigsburg,DE,2026-06-28T08:38:25.262956+00:00,ok,18,69c96dd71d55b0e6581c19f3d3dea14ad3903f027fd108fff6d64cf32bf0fa4e,2.3
dott-minden,dott-minden,DE,2026-06-28T08:38:25.309480+00:00,empty,0,,
dott-mannheim,dott-mannheim,DE,2026-06-28T08:38:25.356824+00:00,ok,195,9e39d0740afa27ec5bdb3087b70177eff3264c5736f29f02ef171560b255ec36,2.3
dott-mainz,dott-mainz,DE,2026-06-28T08:38:25.412764+00:00,ok,4,0b16108640cd3b35073ee2cb4da90b1e5d2e7978fe78fa06b34a4ea9f4d2b266,2.3
dott-monchengladbach,dott-monchengladbach,DE,2026-06-28T08:38:25.441231+00:00,ok,3,f234285c2841a4ba9f34364f1981ef6b848ca020d22db9e0a18a7276afe13962,2.3
dott-monheim-am-rhein,dott-monheim-am-rhein,DE,2026-06-28T08:38:25.488757+00:00,ok,3,da672a4d6bc1b7fcbe002fba8757cc1311b3a48f0b387d2db4f9375002a7491e,2.3
dott-mulheim-an-der-ruhr,dott-mulheim-an-der-ruhr,DE,2026-06-28T08:38:25.540346+00:00,ok,70,923457ea83907fd23f5dff34fa167b610b17e4417049e720f1fedc20f97243cf,2.3
dott-munich,dott-munich,DE,2026-06-28T08:38:25.587929+00:00,ok,392,304d6a48bdd246ece921ebffa4725a17f33695d2116276cd6b545463d46e5ad0,2.3
dott-neumunster,dott-neumunster,DE,2026-06-28T08:38:25.649246+00:00,empty,0,,
dott-munster,dott-munster,DE,2026-06-28T08:38:25.693239+00:00,ok,388,a4fe98345397b53d8bd6a214fa8d1b52f0d5404278f34a9cbe915995a2467ece,2.3
dott-neuss,dott-neuss,DE,2026-06-28T08:38:25.750721+00:00,ok,16,8ed829ce152ad9d09ec9686c2e671a7dae0a755f80ee57385d2a0d3d2f5ce4d7,2.3
dott-nuremberg,dott-nuremberg,DE,2026-06-28T08:38:25.796629+00:00,ok,353,ffb963c2e30108acd9712672c1871579d17167c0a6f33a600e7bc21f700f2967,2.3
dott-osnabruck,dott-osnabruck,DE,2026-06-28T08:38:25.855299+00:00,ok,2,adfc08580591d99db01fbdf1677c7ac400517bddb4c0c4f13e2e34e77e85e95e,2.3
dott-paderborn,dott-paderborn,DE,2026-06-28T08:38:25.900050+00:00,ok,26,5f4277e5d6ee1454f77147f7e138925c81f29b5ce0c7773b453dbce93a0355db,2.3
dott-peine,dott-peine,DE,2026-06-28T08:38:25.952111+00:00,empty,0,,
dott-potsdam,dott-potsdam,DE,2026-06-28T08:38:25.996825+00:00,ok,6,3c6e1d330c18ee26ed955f13f8bb2ea373ba8cdcf0f2e10b9a534b9e60aefbb7,2.3
dott-pinneberg,dott-pinneberg,DE,2026-06-28T08:38:26.047941+00:00,ok,4,b93d68cdb2d166fdee5313148fa399f8d145ebae45421f4eaed8e8af0a80d7a8,2.3
dott-recklinghausen,dott-recklinghausen,DE,2026-06-28T08:38:26.080787+00:00,ok,13,c24407657ed9b4cff8c5ab1e42e11e51d9a5ccf4e05bc760beab08ec1d6a85c5,2.3
dott-regensburg,dott-regensburg,DE,2026-06-28T08:38:26.134618+00:00,ok,40,dbcc3385ffcf5bebf4fd490c5230c4c4513eacc0c0cc85a9dc9a410e2e92fa34,2.3
dott-russelsheim,dott-russelsheim,DE,2026-06-28T08:38:27.141589+00:00,ok,66,43b8de11dd6ffa4e2e5f6ad61165f021753b5d162ae0fbcad165306fda12aa4b,2.3
dott-reutlingen,dott-reutlingen,DE,2026-06-28T08:38:27.193039+00:00,ok,12,8d94b2fb870a630eb527119f0b6b1e699322bcf40817c423f3e6329f9f6fb0be,2.3
dott-rheine,dott-rheine,DE,2026-06-28T08:38:27.246681+00:00,empty,0,,
dott-rheda-wiedenbruck,dott-rheda-wiedenbruck,DE,2026-06-28T08:38:27.291219+00:00,empty,0,,
dott-sankt-augustin,dott-sankt-augustin,DE,2026-06-28T08:38:27.335803+00:00,ok,40,c2f09c0bedfbe1c71f64198a6decc27339b65259f4d5cf84691502d554e711d9,2.3
dott-rostock,dott-rostock,DE,2026-06-28T08:38:27.382048+00:00,ok,5,36d97b5a005f9898ec495514bf3f2f1f7dc9a663ddccc14e7d2e31100697b98a,2.3
dott-salzgitter,dott-salzgitter,DE,2026-06-28T08:38:27.431525+00:00,empty,0,,
dott-saarbrucken,dott-saarbrucken,DE,2026-06-28T08:38:27.477551+00:00,ok,33,c3457b817afbff25ab3d7f10cfc48be25bc58fbd560d310139f89c212b16fb93,2.3
dott-schwabisch-gmund,dott-schwabisch-gmund,DE,2026-06-28T08:38:27.527825+00:00,ok,4,75298bbf960f237ce88d0425ddd5c50472e05cb27c906e0a40fc3cd969172ed9,2.3
dott-solingen,dott-solingen,DE,2026-06-28T08:38:27.560735+00:00,ok,6,4e26ecf54441f80f470e96bfb6300abb013e0f84f8d8a046e2245406cf7f33cb,2.3
dott-stuttgart,dott-stuttgart,DE,2026-06-28T08:38:27.609500+00:00,ok,67,637931f82700d676882bcb53bae75d13d14c7d3b15ba9fcd3e58c8a744a4f190,2.3
dott-troisdorf,dott-troisdorf,DE,2026-06-28T08:38:27.665824+00:00,ok,2,dd5258fcbf17a3d3d2a32e20925f53f3b0b9cd75ad50e47d01c767b32c8ef662,2.3
dott-tubingen,dott-tubingen,DE,2026-06-28T08:38:27.715867+00:00,ok,10,aebe7b153d808cd4954090da35a9f6b4ec0c42a40145eba8cdca22aae5a5d9bb,2.3
dott-ulm,dott-ulm,DE,2026-06-28T08:38:27.768662+00:00,ok,15,a39e06dbae25798d7f36c79a4bab538ea240df53951d89ba61551046ae8c2cd8,2.3
dott-uberlingen,dott-uberlingen,DE,2026-06-28T08:38:27.815660+00:00,ok,12,233964dd3468ec9a459607f9559c15ad547deadba7be9dd07aef1b65d286ec01,2.3
dott-wiesbaden,dott-wiesbaden,DE,2026-06-28T08:38:27.862284+00:00,ok,58,6a285b383cc606bcf8bbd8bc4ec36f772d6ca053a963722aebad0045c226a917,2.3
dott-wolfsburg,dott-wolfsburg,DE,2026-06-28T08:38:27.917935+00:00,ok,26,501e0a3dee1299f7a740d7e13da93f713afd1f00b063f9e345fdac052e70852f,2.3
dott-wuppertal,dott-wuppertal,DE,2026-06-28T08:38:27.969206+00:00,ok,4,3c47e535a55d9207403640edb4c8e8abf30fbf9c8ec86623a3f84b51f5cd7713,2.3
dott-zwickau,dott-zwickau,DE,2026-06-28T08:38:28.003886+00:00,empty,0,,
einfach_unterwegs,einfach_unterwegs,DE,2026-06-28T08:38:28.049487+00:00,ok,26,75e820988cc249a9dd6aa636a5305a515b4a02d7b5429fd8636620684a699f2c,3.0
nextbike_ed,nextbike_ed,DE,2026-06-28T08:38:28.086892+00:00,ok,19,2e4475f655b6bfb634a80146f37535f889c847aa7323c9d98a3fbe625e5c394c,2.3
nextbike_eb,nextbike_eb,DE,2026-06-28T08:38:28.126152+00:00,ok,55,03fda55410a1fd1b6da830eac14691f56ba0a3d7bb07bc125710113c7c2e47da,2.3
flinkster_carsharing,flinkster_carsharing,DE,2026-06-28T08:38:28.164787+00:00,ok,84,024e7613f19592dab79c73845d3fa9b21732a5f4c019a1b9d5bc2a155700d269,3.0
nextbike_eh,nextbike_eh,DE,2026-06-28T08:38:28.204797+00:00,ok,91,23e22ebb85ec136fd6a140d3f85b76cd716f0fcc481cd098b3a9f917464fa0f8,2.3
nextbike_an,nextbike_an,DE,2026-06-28T08:38:28.240351+00:00,ok,54,075903773944910a20b4de4ba6b94e7fe08a8e7f655b54121ab9797f6698bdb3,2.3
herrenberg_fare,herrenberg_fare,DE,2026-06-28T08:38:28.279702+00:00,ok,1,61be1725c7a65c524e6212d4feaccb279eed894edcf59baeb03126f9d9a048bf,3.0
ford_carsharing_autohauskauderer,ford_carsharing_autohauskauderer,DE,2026-06-28T08:38:28.319985+00:00,ok,1,766dfce6f34e0769a3621bb40613738cd8972059f868f6ab125b99a0a01a4361,3.0
freibe,freibe,DE,2026-06-28T08:38:28.358795+00:00,no_station_information:GBFSDiscoveryError,0,,
nextbike_df,nextbike_df,DE,2026-06-28T08:38:28.359455+00:00,ok,162,657b2873636b4010f7511aa37a2b3c2a13060fcb1faa8fc1549702d3041a5ed7,2.3
esel_ac,esel_ac,DE,2026-06-28T08:38:28.395621+00:00,empty,0,,
ford_carsharing_autohausbaur,ford_carsharing_autohausbaur,DE,2026-06-28T08:38:28.477904+00:00,ok,37,5595d55c157cc1e3bd5fa878e7fc11ae80da643ee8765ab31a73337624f8d56d,3.0
nextbike_ev,nextbike_ev,DE,2026-06-28T08:38:28.515642+00:00,ok,17,de6ee1a3ca82fe2dbedd56993ff16ddc2c059e9b4d8cca06aaafba4a98f55042,2.3
lube,lube,DE,2026-06-28T08:38:28.550797+00:00,unreachable:GBFSFetchError,0,,
getaround_berlin,getaround_berlin,DE,2026-06-28T08:38:28.551234+00:00,no_station_information:GBFSDiscoveryError,0,,
getaround_essen,getaround_essen,BE,2026-06-28T08:38:28.551674+00:00,no_station_information:GBFSDiscoveryError,0,,
getaround_leverkusen,getaround_leverkusen,DE,2026-06-28T08:38:28.552045+00:00,no_station_information:GBFSDiscoveryError,0,,
getaround_hamburg,getaround_hamburg,DE,2026-06-28T08:38:28.552410+00:00,no_station_information:GBFSDiscoveryError,0,,
getaround_norderstedt,getaround_norderstedt,DE,2026-06-28T08:38:28.552757+00:00,no_station_information:GBFSDiscoveryError,0,,
getaround_pulheim,getaround_pulheim,DE,2026-06-28T08:38:28.553095+00:00,no_station_information:GBFSDiscoveryError,0,,
getaround_troisdorf,getaround_troisdorf,DE,2026-06-28T08:38:28.553495+00:00,no_station_information:GBFSDiscoveryError,0,,
herrenberg_guelf,herrenberg_guelf,DE,2026-06-28T08:38:28.972852+00:00,ok,1,98e7239ddc8b22d330b60dc7fa483fec16a3c3e01998dd31c7824349abde1a60,3.0
hopp_konstanz,hopp_konstanz,DE,2026-06-28T08:38:29.011807+00:00,no_station_information:GBFSDiscoveryError,0,,
hertlein_carsharing,hertlein_carsharing,DE,2026-06-28T08:38:29.012424+00:00,ok,3,8dadec19dcc0018eddb246b00abac34b70eb25f61e3bef20301dad7c57845c1b,3.0
nextbike_hb,nextbike_hb,DE,2026-06-28T08:38:29.047610+00:00,ok,81,766f78dc1e74f4f5b4e52b1b50b5c0b04d82051537aa398e181e84be3b10067e,2.3
nextbike_da,nextbike_da,DE,2026-06-28T08:38:29.082568+00:00,ok,2,1b1c56993f749f4c8c25193515329a0faffecc4cd14529bb1832385bf9156014,2.3
nextbike_kg,nextbike_kg,DE,2026-06-28T08:38:29.117432+00:00,ok,262,83b4acc86da4f18cce20f85cc8f379547225a866deb4ada48da588406f91c392,2.3
lara_to_go,lara_to_go,DE,2026-06-28T08:38:29.154369+00:00,ok,17,8756ea986f81f080909b9e39e9d434251a704438f52841cab44a5a709745b385,3.0
nextbike_hg,nextbike_hg,DE,2026-06-28T08:38:29.191075+00:00,unreachable:GBFSFetchError,0,,
lastenvelo_fr,lastenvelo_fr,DE,2026-06-28T08:38:29.191510+00:00,ok,45,d4b87c5528cd8aca150b9d8842992e7c48bb6a937a79737a350add40815cbb3e,3.0
lime_stuttgart,lime_stuttgart,DE,2026-06-28T08:38:29.227707+00:00,unreachable:GBFSFetchError,0,,
getaround_velbert,getaround_velbert,DE,2026-06-28T08:38:29.228116+00:00,no_station_information:GBFSDiscoveryError,0,,
lime_bw,lime_bw,DE,2026-06-28T08:38:29.228541+00:00,no_station_information:GBFSDiscoveryError,0,,
nextbike_kk,nextbike_kk,DE,2026-06-28T08:38:29.228947+00:00,ok,37,c7578eded3226e3b0e07a161421f0215c432d3f7a0321a8b9839622460019d36,2.3
nextbike_dg,nextbike_dg,DE,2026-06-28T08:38:29.264884+00:00,ok,64,232b92e0e9c70cec298a752a0f6cc2042e6f6e6c801f1b74e2c2132f08750862,2.3
nextbike_fg,nextbike_fg,DE,2026-06-28T08:38:29.300069+00:00,ok,119,daa3a1e850d633e88baeb4a8d24764f0a82734564d472a7d1066bfd8930153ed,2.3
nextbike_lc,nextbike_lc,DE,2026-06-28T08:38:29.335645+00:00,ok,18,8b4a9cd7afd2838e53ac3f7248f1a04b1902bb28721d25e479a69e34d7d06f5f,2.3
nextbike_mr,nextbike_mr,DE,2026-06-28T08:38:29.370086+00:00,ok,18,f87f2ba6e8c15fdadc7d4d060f9c46b957381935c2283da3f5fe373a6e0ed11d,2.3
mikar,mikar,DE,2026-06-28T08:38:29.404938+00:00,ok,187,bcf428b75aaddb1b5c4522cb5ffb77a7e4c8849f25e5d3806449007742e0f320,3.0
nextbike_dx,nextbike_dx,DE,2026-06-28T08:38:29.449610+00:00,ok,556,3f7bbe2da416b184010ac385f68ebc5c2e86ba1ab96fe1c9ed9677ff70c91ab5,2.3
nextbike_re,nextbike_re,DE,2026-06-28T08:38:29.494871+00:00,ok,159,483e34e199acb72e63b23eef8e9dbbec961bd261d5c72635a7dc1c5ecbdc4dc4,2.3
nextbike_am,nextbike_am,DE,2026-06-28T08:38:29.542592+00:00,ok,35,89d0d68394b66cd85646fd92434a0ea8ca9ad82f1f865e38dbbe33bca0428a7c,2.3
nextbike_mx,nextbike_mx,DE,2026-06-28T08:38:29.584151+00:00,ok,89,512f0176c04c07ba3470308a743b5f6fcbd2e05adeeb3ceb72d7c640e416ca44,2.3
nextbike_ml,nextbike_ml,DE,2026-06-28T08:38:29.625649+00:00,ok,750,2e2780a5c2e0c3e0782193c964d464e6732ffb1993883ef06ee2a53391992f03,2.3
naturenergie_sharing,naturenergie_sharing,DE,2026-06-28T08:38:29.676203+00:00,ok,328,2c07c4f70f7ce53209e709849d1edd72719ea37d489215db4c6763d3aedaa0d3,3.0
nextbike_sn,nextbike_sn,DE,2026-06-28T08:38:29.749806+00:00,ok,55,de71d899b5913ee1efc43ca0deecbb13f02a4e3bd7cddf2afe72b13178b958f7,2.3
nextbike_bn,nextbike_bn,DE,2026-06-28T08:38:29.791771+00:00,ok,1030,7a599e4fa0ffa78253c0b76d02c1b081cd2a2a20a93bc332997b7836d0a10825,2.3
nextbike_dd,nextbike_dd,DE,2026-06-28T08:38:29.846938+00:00,ok,311,cfe15e892fa865b440d9f90ed8fe8c020b1f46905e01c2278746b8bb7428dc88,2.3
nextbike_ff,nextbike_ff,DE,2026-06-28T08:38:29.890915+00:00,unreachable:GBFSFetchError,0,,
nextbike_ng,nextbike_ng,DE,2026-06-28T08:38:29.891807+00:00,ok,61,be95f5e0f9c047c8f27cbc91f8f03ffa4e164f97b2c88486deff2ecbf159ea16,2.3
nextbike_dj,nextbike_dj,DE,2026-06-28T08:38:29.933044+00:00,ok,5,65567a251459ce8f395abd48d8de9c957ec007499501f462e929c42acf30bfed,2.3
nextbike_dh,nextbike_dh,DE,2026-06-28T08:38:29.974658+00:00,ok,124,8f9ab8f123a873df3771a17c8bebbff9abd027b0e56620778bb5a1fd340c3692,2.3
lime_frankfurt,lime_frankfurt,DE,2026-06-28T08:38:30.019607+00:00,ok,1,c19480c89a1473c310c2442d8399db3bae86dfa2a9f0ca6fe3f15ac7923d6e1d,2.2
nextbike_dk,nextbike_dk,DE,2026-06-28T08:38:30.217178+00:00,ok,65,8c7c5fd2482a886478590d24ff613d01ecb6f5409c8aa430ad00ef320c81f77d,2.3
nextbike_le,nextbike_le,DE,2026-06-28T08:38:30.255771+00:00,ok,149,0ba91d5f8ce4e717bacb88b41efd262788bfff07478fd9822d60cd6dbc63f138,2.3
lime_hamburg,lime_hamburg,DE,2026-06-28T08:38:30.293909+00:00,ok,1,d73b5e784a484d6fc59a16a8db696148b5ce0480f45719cd9476ad6f52c2df96,2.2
nextbike_nm,nextbike_nm,DE,2026-06-28T08:38:30.507695+00:00,ok,56,9a44b0cf67851e4502be1377a85bc5299771e0a36e1aea3ab057026688efa1bf,2.3
lime_oberhausen,lime_oberhausen,DE,2026-06-28T08:38:30.542703+00:00,ok,1,622c28e04f0a6483d2690bb782edfd95835cd70e21d3657ad703321a6db601a2,2.2
nextbike_do,nextbike_do,DE,2026-06-28T08:38:30.754961+00:00,ok,17,98d4f974335f6817c4670beac3a34b7057439e4bfbfc5000625bb9ada1ec8113,2.3
nextbike_nn,nextbike_nn,DE,2026-06-28T08:38:30.791282+00:00,ok,19,808ed413ed68e48bd5d9398427281419976df4c55a0cbb7c1cba00a0b83625dd,2.3
lime_wuppertal,lime_wuppertal,DE,2026-06-28T08:38:30.828190+00:00,ok,1,287d0bcc2dc4cb48f8d7f42d3141a165f843e0ca435f026f4e8d93488b123a7c,2.2
oberschwabenmobil,oberschwabenmobil,DE,2026-06-28T08:38:35.297649+00:00,ok,11,0a14442053e5e358b584e1b132f5528464d919b27befdd282f8e2a59955839d0,3.0
regiorad_stuttgart,regiorad_stuttgart,DE,2026-06-28T08:38:35.447265+00:00,ok,233,342a7eb7348bb4a0f2004399ff13562847cd56d06bbc2a2e22ff8d06c1eb57f7,3.0
seefahrer_ecarsharing,seefahrer_ecarsharing,DE,2026-06-28T08:38:35.520001+00:00,ok,11,c1e3b914d5ac5dabe03044df6e3bcc73a34b1b121769e85db879e755d00b370c,3.0
nextbike_wo,nextbike_wo,DE,2026-06-28T08:38:35.666327+00:00,unreachable:GBFSFetchError,0,,
stadtmobil_karlsruhe,stadtmobil_karlsruhe,DE,2026-06-28T08:38:35.666743+00:00,ok,591,914b554f8cf320b0d448b0625919d8c937832d5c9584aa56ca1dfcd594bf3183,3.0
nextbike_rr,nextbike_rr,DE,2026-06-28T08:38:35.735346+00:00,ok,12,e5d13d961f7acc3c6dc299d8ed4d922a39905273ecb1614ab57672cbcc46e9a0,2.3
nextbike_ds,nextbike_ds,DE,2026-06-28T08:38:35.769530+00:00,ok,16,39c2306f60777155f2164b70e13c55e7a0d67c5d9859b46be70e12d715542242,2.3
nextbike_wn,nextbike_wn,DE,2026-06-28T08:38:35.834107+00:00,ok,35,34f868629373765362d2bb55114d8c91181975f07accc54e3b9eacec3b36c0b9,2.3
nextbike_dc,nextbike_dc,DE,2026-06-28T08:38:35.901280+00:00,ok,151,c46c773fd8032dc7b939614eadcfeb134e48e7066d5b3bcfa18a9187a0e9fc3a,2.3
nextbike_sv,nextbike_sv,DE,2026-06-28T08:38:35.964500+00:00,ok,5,65f3f3d81b77e68489b4daec76f8e33e66e6dc8792a759fbaf06b79c4afecb6c,2.3
stadtmobil_rhein-neckar,stadtmobil_rhein-neckar,DE,2026-06-28T08:38:36.024141+00:00,ok,460,02239e68d9724e74ba1acb7bf8c868cdf6736afa1a90c295c0e742a12e209b2f,3.0
herrenberg_stadtrad,herrenberg_stadtrad,DE,2026-06-28T08:38:36.077924+00:00,ok,1,6156c2e152b0ac81001559d4f1be18a4b3986af0135752f933efe4d42dd6f281,3.0
nextbike_ug,nextbike_ug,DE,2026-06-28T08:38:36.131083+00:00,ok,25,160820e3ee73964d2de565d95761e12dde92fb54ccd4b4b7773688ec723e96a7,2.3
teilauto_biberach,teilauto_biberach,DE,2026-06-28T08:38:36.184239+00:00,ok,10,2854c96614191aa17eb2fb535392d78a5e42195bf9fec8e9543983e716b1cf5e,3.0
teilauto_neckar-alb,teilauto_neckar-alb,DE,2026-06-28T08:38:36.237830+00:00,ok,190,0b970264ce6e904c0839b6387bef0c100309704c47e13e5c125bc2aa4de56e7f,3.0
stadtmobil_stuttgart,stadtmobil_stuttgart,DE,2026-06-28T08:38:36.282794+00:00,ok,360,53f77d6440d5eb197a8a0ff52690f7f600ee06d3bfcea378489f9b6da7a172ce,3.0
stadtwerk_tauberfranken,stadtwerk_tauberfranken,DE,2026-06-28T08:38:36.418848+00:00,ok,13,6df55523e900278b84857a9447dea093021ea17f5f4a862d69d2c1c30c1bf19c,3.0
stella,stella,DE,2026-06-28T08:38:36.472288+00:00,no_station_information:GBFSDiscoveryError,0,,
teilauto_schwaebisch_hall,teilauto_schwaebisch_hall,DE,2026-06-28T08:38:36.473418+00:00,ok,11,e40ea5e608632b5acea82d8fb9d1d8599b604be151bc5de81abe8db09263de53,3.0
swabi,swabi,DE,2026-06-28T08:38:36.562511+00:00,ok,508,4cec9da468814b89da8cfe4335447b2f4e3162e9b8725b2700bee4a30ed38609,2.2
nextbike_dn,nextbike_dn,DE,2026-06-28T08:38:36.629728+00:00,ok,154,93426fd69e72c1fde0295e4ddb4da1de96fecb10319fa1d3348244895c7baa10,2.3
nextbike_ur,nextbike_ur,DE,2026-06-28T08:38:36.673789+00:00,ok,98,abd71bc479a40811c42eb34949f900d00c33394fc5f2b30482f0bdb31e227c11,2.3
nextbike_dv,nextbike_dv,DE,2026-06-28T08:38:36.717552+00:00,ok,125,c0ba01965ad6a765804a88d25cd71ccebfbd2d7c393df877ec6c04790befaea8,2.3
stadtrad_hamburg,stadtrad_hamburg,DE,2026-06-28T08:38:36.761470+00:00,unreachable:GBFSFetchError,0,,
voi_de,voi_de,DE,2026-06-28T08:38:36.762461+00:00,ok,363,bd4d469d0fb4e7d085fa5133cba90d959d5fff56103d514dd5e514fc6381115d,3.0
nextbike_vn,nextbike_vn,DE,2026-06-28T08:38:36.811413+00:00,ok,383,63782138de8a52846c4b772ece13c5749c65412632de859504949f4ff1ff630d,2.3
nextbike_wa,nextbike_wa,DE,2026-06-28T08:38:36.884497+00:00,ok,296,bdc1bfd887a0a5aaff607a3ae74be115510d03a964fd63b7dcc07fa92cbb07b9,2.3
nextbike_gh,nextbike_gh,DE,2026-06-28T08:38:36.929440+00:00,ok,20,eb4bbaba9a26ba0786cc237dc96d109b31f7a0f03c24f8dee57b785723aefa34,2.3
nextbike_wd,nextbike_wd,DE,2026-06-28T08:38:36.971068+00:00,ok,21,30bbd15842f0a1cfd149ebd73d1cf570606960ee8fa8a3cac73d2a8bb6b88ac4,2.3
nextbike_dw,nextbike_dw,DE,2026-06-28T08:38:37.013392+00:00,ok,120,0a86f37190de1413bde57f6c2b852b7768f223fec616b6f9497c1c53082360d6,2.3
zeo_bruchsal,zeo_bruchsal,DE,2026-06-28T08:38:37.053691+00:00,ok,61,f511d5dce6761da548986f6345d0fb809000e3aa2d5cef398855b4673e4ef9ff,3.0
stadtrad_lueneburg,stadtrad_lueneburg,DE,2026-06-28T08:38:37.095891+00:00,unreachable:GBFSFetchError,0,,
zeus_bamberg,zeus_bamberg,DE,2026-06-28T08:38:37.096629+00:00,no_station_information:GBFSDiscoveryError,0,,
zeus_duisburg,zeus_duisburg,DE,2026-06-28T08:38:37.097390+00:00,no_station_information:GBFSDiscoveryError,0,,
zeus_castrop-rauxel,zeus_castrop-rauxel,DE,2026-06-28T08:38:37.098111+00:00,no_station_information:GBFSDiscoveryError,0,,
zeus_freiburg im breisgau,zeus_freiburg_im_breisgau,DE,2026-06-28T08:38:37.098823+00:00,no_station_information:GBFSDiscoveryError,0,,
9,9,DE,2026-06-28T08:38:37.099524+00:00,ok,1,47fd393e354f5463f2da84efe6903e8d332fe0faeaed764c078f522e6080ecc2,3.0
159,159,DE,2026-06-28T08:38:37.150582+00:00,empty,0,,
71,71,DE,2026-06-28T08:38:37.201274+00:00,empty,0,,
swu2go,swu2go,DE,2026-06-28T08:38:37.256946+00:00,unreachable:GBFSFetchError,0,,
zeus_gera,zeus_gera,DE,2026-06-28T08:38:37.796960+00:00,no_station_information:GBFSDiscoveryError,0,,
zeus_friedberg,zeus_friedberg,DE,2026-06-28T08:38:37.797719+00:00,no_station_information:GBFSDiscoveryError,0,,
zeus_hagen,zeus_hagen,DE,2026-06-28T08:38:37.798370+00:00,no_station_information:GBFSDiscoveryError,0,,
zeus_heidelberg,zeus_heidelberg,DE,2026-06-28T08:38:37.799527+00:00,no_station_information:GBFSDiscoveryError,0,,
zeus_goppingen,zeus_goppingen,DE,2026-06-28T08:38:37.800360+00:00,no_station_information:GBFSDiscoveryError,0,,
zeus_hemmingen,zeus_hemmingen,DE,2026-06-28T08:38:37.801071+00:00,no_station_information:GBFSDiscoveryError,0,,
zeus_heilbronn,zeus_heilbronn,DE,2026-06-28T08:38:37.802038+00:00,no_station_information:GBFSDiscoveryError,0,,
zeus_hattingen,zeus_hattingen,DE,2026-06-28T08:38:37.802723+00:00,no_station_information:GBFSDiscoveryError,0,,
zeus_herne,zeus_herne,DE,2026-06-28T08:38:37.803362+00:00,no_station_information:GBFSDiscoveryError,0,,
zeus_jena,zeus_jena,DE,2026-06-28T08:38:37.804012+00:00,no_station_information:GBFSDiscoveryError,0,,
zeus_kempten,zeus_kempten,DE,2026-06-28T08:38:37.804792+00:00,no_station_information:GBFSDiscoveryError,0,,
zeus_ludwigsburg,zeus_ludwigsburg,DE,2026-06-28T08:38:37.805485+00:00,no_station_information:GBFSDiscoveryError,0,,
zeus_marburg,zeus_marburg,DE,2026-06-28T08:38:37.805914+00:00,no_station_information:GBFSDiscoveryError,0,,
zeus_konstanz,zeus_konstanz,DE,2026-06-28T08:38:37.806312+00:00,no_station_information:GBFSDiscoveryError,0,,
zeus_limburgerhof,zeus_limburgerhof,DE,2026-06-28T08:38:37.806691+00:00,no_station_information:GBFSDiscoveryError,0,,
zeus_neustadt,zeus_neustadt,DE,2026-06-28T08:38:37.807052+00:00,no_station_information:GBFSDiscoveryError,0,,
zeus_pforzheim,zeus_pforzheim,DE,2026-06-28T08:38:37.807385+00:00,no_station_information:GBFSDiscoveryError,0,,
zeus_regensburg,zeus_regensburg,DE,2026-06-28T08:38:37.807747+00:00,no_station_information:GBFSDiscoveryError,0,,
zeus_renningen-malmsheim,zeus_renningen-malmsheim,DE,2026-06-28T08:38:37.808084+00:00,no_station_information:GBFSDiscoveryError,0,,
zeus_reutlingen,zeus_reutlingen,DE,2026-06-28T08:38:37.808424+00:00,no_station_information:GBFSDiscoveryError,0,,
zeus_schwabisch gmund,zeus_schwabisch_gmund,DE,2026-06-28T08:38:37.808781+00:00,no_station_information:GBFSDiscoveryError,0,,
zeus_russelsheim,zeus_russelsheim,DE,2026-06-28T08:38:37.809119+00:00,no_station_information:GBFSDiscoveryError,0,,
zeus_schweinfurt,zeus_schweinfurt,DE,2026-06-28T08:38:37.809582+00:00,no_station_information:GBFSDiscoveryError,0,,
zeus_straubing,zeus_straubing,DE,2026-06-28T08:38:37.810191+00:00,no_station_information:GBFSDiscoveryError,0,,
zeus_tubingen,zeus_tubingen,DE,2026-06-28T08:38:37.810806+00:00,no_station_information:GBFSDiscoveryError,0,,
zeus_tuttlingen,zeus_tuttlingen,DE,2026-06-28T08:38:37.811398+00:00,no_station_information:GBFSDiscoveryError,0,,
zeus_villingen-schwenningen,zeus_villingen-schwenningen,DE,2026-06-28T08:38:37.811907+00:00,no_station_information:GBFSDiscoveryError,0,,
zeus_wurzburg,zeus_wurzburg,DE,2026-06-28T08:38:37.812277+00:00,no_station_information:GBFSDiscoveryError,0,,
donkey_copenhagen,donkey_copenhagen,DK,2026-06-28T08:38:37.812653+00:00,ok,2701,803c98fac3fa4b0f40aa6f962486dd8f59c59dff98f9ac17f0a3af16697ad77b,3.0
donkey_herning,donkey_herning,DK,2026-06-28T08:38:38.136050+00:00,empty,0,,
donkey_ballerup,donkey_ballerup,DK,2026-06-28T08:38:38.222153+00:00,ok,33,fa6220027655702be4f0e0c70c80da71e189f40964898876cc49ea9f7822b1cf,3.0
donkey_glostrup,donkey_glostrup,DK,2026-06-28T08:38:38.367466+00:00,ok,9,9f0b1bbe9ca0c0ab8eb8725897673ecd5a06bcaab701e04ac4359cefe83ed55b,3.0
donkey_frederikshavn,donkey_frederikshavn,DK,2026-06-28T08:38:38.438689+00:00,ok,5,7fc11f7b41063a70d2c5f6bbc731445e111b294eb47649094aa27ac15c4e9fdb,3.0
donkey_aarhus,donkey_aarhus,DK,2026-06-28T08:38:38.613747+00:00,ok,467,387384b639e519274adc8560db6e81b607cb537470cb13c4e63dcd590106d9c9,3.0
donkey_bandholm,donkey_bandholm,DK,2026-06-28T08:38:38.863225+00:00,empty,0,,
donkey_aalborg,donkey_aalborg,DK,2026-06-28T08:38:38.933206+00:00,ok,55,84ce1329db1192bd5b21b5488a62b071d8ff695350969fc9a7ef90be205a5793,3.0
donkey_middelfart,donkey_middelfart,DK,2026-06-28T08:38:39.007826+00:00,empty,0,,
donkey_lalandia,donkey_lalandia,DK,2026-06-28T08:38:39.352926+00:00,empty,0,,
donkey_klampenborg,donkey_klampenborg,DK,2026-06-28T08:38:39.462851+00:00,ok,3,01fac14e0f216692932c8b897766efe2203639c48ef690bdc1a49bcdd0d89820,3.0
donkey_hillerod,donkey_hillerod,DK,2026-06-28T08:38:39.683677+00:00,ok,1,a794bb53ccd742927d90b2fe570cc1d9cff96b460552942ea910da8908533084,3.0
dott-copenhagen,dott-copenhagen,DK,2026-06-28T08:38:40.655620+00:00,ok,7660,199e134eeca6ded823d54fc2d524d962d713d83056e22f39188c44ed05f9cea3,2.3
dott-frederikssund,dott-frederikssund,DK,2026-06-28T08:38:40.888857+00:00,ok,37,1041cbf59b4254aed55843e7b8db760e22b2da489ad976fe5b2e2090ea88817d,2.3
dott-roskilde,dott-roskilde,DK,2026-06-28T08:38:40.943913+00:00,ok,81,a0e4020115023917ae13ea1db3268d4b4b551da50425f6cbecd8e6d39a641ba8,2.3
dott-region-h,dott-region-h,DK,2026-06-28T08:38:40.996016+00:00,ok,1169,b79ac6c30b5590cdb57383d74fe8a40626e1d8a77492cb9c3715637106300e5e,2.3
donkey_roedvig,donkey_roedvig,DK,2026-06-28T08:38:41.064003+00:00,empty,0,,
nextbike_bs,nextbike_bs,ES,2026-06-28T08:38:41.166375+00:00,ok,236,a420d151015dfbaac6d98db2116b7ae73e42b1928dbda0745a1177c37c15e22b,2.3
donkey_store_heddinge,donkey_store_heddinge,DK,2026-06-28T08:38:41.204198+00:00,ok,6,bc4b57ed14b032e5a8dd520166678be57476f7b53660085a5d29d45ebfb4e87c,3.0
nextbike_ad,nextbike_ad,ES,2026-06-28T08:38:41.270345+00:00,ok,21,5c830a91bad0de40a3ba6478b49307ceb724326a164064219386696d81e1318d,2.3
acoruna,acoruna,ES,2026-06-28T08:38:41.309341+00:00,ok,84,ae6a71af8eafe32681bb3c72e147544fe871768aabc763d2ee76f7b9c66a75ab,3.0
bicimad_madrid,bicimad_madrid,ES,2026-06-28T08:38:41.389505+00:00,ok,650,92a5682f1eb55ca96dc164fa63402df9b6c63e315cacb5eea378d30e7ee3dc35,3.0
bike_barcelona,bike_barcelona,ES,2026-06-28T08:38:41.553498+00:00,ok,541,0649e1223444bef89e320dd459abbf63663a13496ff106fef41ddeed0cd2dd5d,3.0
nextbike_ey,nextbike_ey,ES,2026-06-28T08:38:41.680880+00:00,unreachable:GBFSFetchError,0,,
nextbike_by,nextbike_by,ES,2026-06-28T08:38:41.681525+00:00,ok,37,e160eb5e7ed2cd189eab305d8d9ac6263a6de1720428d99ab89b585400cd5637,2.3
nextbike_ea,nextbike_ea,ES,2026-06-28T08:38:41.718602+00:00,ok,91,183c4124a36bfcc9e0d44f3c86dcae88f6f9bcfeb41052b4437d3048d96c28fd,2.3
rivas,rivas,ES,2026-06-28T08:38:41.756492+00:00,ok,42,3c02bc4700df02a2ad90fbbfd93d0db6bb66a6c09d67f5459185e2fa76a70ba2,3.0
nextbike_aa,nextbike_aa,ES,2026-06-28T08:38:41.837853+00:00,ok,8,b08b0219d5ca49d05bafff85c9ffe0f219e4845bf9cc4180ed26c4d0d1a849f3,2.3
donkey_odense,donkey_odense,DK,2026-06-28T08:38:41.876331+00:00,ok,355,d8d5ef223fa1eb821ec4c85decc303dc3725de325bd23c03c47d0b752530ce29,3.0
bilbao,bilbao,ES,2026-06-28T08:38:41.974119+00:00,ok,66,a62e9c628fd64e9408ce09485b447be995089bb62a710be2fe468ccc948af68f,3.0
bird-barcelona,bird-barcelona,ES,2026-06-28T08:38:42.070575+00:00,ok,3594,d6d9a696b62a597e1f1ad09330837645c9836feadd11e006d2e35d55c7c75571,2.3
bird-adeje,bird-adeje,ES,2026-06-28T08:38:43.604423+00:00,ok,199,28483c1f86fe1f5d4eea5f6030c9727cfd59da7ab1cb4c4b0532e711c203d08f,2.3
bird-murcia,bird-murcia,ES,2026-06-28T08:38:44.526913+00:00,empty,0,,
bird-gijón,bird-gijón,ES,2026-06-28T08:38:44.761918+00:00,empty,0,,
nextbike_bw,nextbike_bw,ES,2026-06-28T08:38:45.008463+00:00,ok,105,9b3b191b4f2899fcdef36e6f6774039f54b3b952d361a4b6bcd1fd10eb82b860,2.3
bird-madrid,bird-madrid,ES,2026-06-28T08:38:45.049874+00:00,empty,0,,
bird-antigua,bird-antigua,ES,2026-06-28T08:38:45.240715+00:00,empty,0,,
zaragoza,zaragoza,ES,2026-06-28T08:38:45.499968+00:00,ok,276,ec3bdad784526b25122b5684c1d603b351dc40ad20e91df2aa8ae43808437f2f,3.0
sansebastian,sansebastian,ES,2026-06-28T08:38:45.609742+00:00,ok,70,afac9e4c44d2c87a383538f6ded41230c76b25003f1a3d339ae268d1730ec027,3.0
dott-estepona,dott-estepona,ES,2026-06-28T08:38:45.687011+00:00,ok,47,86f58a1b34c07d6c439c8337ff401e815d1e092f5d05d6c8175e7844bd02f0e0,2.3
dott-grado,dott-grado,ES,2026-06-28T08:38:45.798407+00:00,ok,4,4f0d5c7db237ecb7ba6c9a9b7ea489f85a3417b97e41e21aba045df4fb2f0fdc,2.3
barcelona,barcelona,ES,2026-06-28T08:38:45.844028+00:00,no_station_information:GBFSDiscoveryError,0,,
donkey_barcelona,donkey_barcelona,ES,2026-06-28T08:38:45.844653+00:00,ok,1495,ccc73f678d56d25b3f01bbe6b21421220b799fd38a9f1eb6865c6c7a3dd41429,3.0
dott-lorca,dott-lorca,ES,2026-06-28T08:38:45.993744+00:00,ok,168,51e580befa6e84adfb46452b491484dd6864b540cee3a75d269d7bcccbc0b618,2.3
dott-ibiza,dott-ibiza,ES,2026-06-28T08:38:46.051251+00:00,unreachable:GBFSFetchError,0,,
dott-murcia,dott-murcia,ES,2026-06-28T08:38:46.051843+00:00,ok,401,8c1439745cf7c0f0c441264cfa98cbc209b2b75bd6d59416382e925413968547,2.3
dott-tenerife-sur,dott-tenerife-sur,ES,2026-06-28T08:38:46.112602+00:00,ok,183,eb438560074355e5afd63f725169e6dd23b9c025f8a20fdd2dc8161d72209e7f,2.3
dott-la-manga,dott-la-manga,ES,2026-06-28T08:38:46.164416+00:00,unreachable:GBFSFetchError,0,,
dott-tenerife,dott-tenerife,ES,2026-06-28T08:38:46.164941+00:00,ok,173,8b042067161b0549588b5b102c59e6f9424f25b2e7db7230a50640c414e1fca5,2.3
dott-tarragona,dott-tarragona,ES,2026-06-28T08:38:46.216189+00:00,ok,106,c997248b60e7c91c4c92045bbae5db4e7aa462c8408c79257c68a8ae0576dff1,2.3
bird-pájara,bird-pájara,ES,2026-06-28T08:38:46.266370+00:00,empty,0,,
bird zaragoza,bird_zaragoza,ES,2026-06-28T08:38:46.480140+00:00,empty,0,,
ganxeta_reus,ganxeta_reus,ES,2026-06-28T08:38:47.658687+00:00,ok,24,6fe073e43f9a0e3202712975d38a82a9dd076f04e14cfa5edb85aaae10bccd7b,2.3
getaround_aranjuez,getaround_aranjuez,ES,2026-06-28T08:38:47.792858+00:00,no_station_information:GBFSDiscoveryError,0,,
getaround_barcelona,getaround_barcelona,ES,2026-06-28T08:38:47.793436+00:00,no_station_information:GBFSDiscoveryError,0,,
getaround_badalona,getaround_badalona,ES,2026-06-28T08:38:47.793957+00:00,no_station_information:GBFSDiscoveryError,0,,
getaround_alicante,getaround_alicante,ES,2026-06-28T08:38:47.794448+00:00,no_station_information:GBFSDiscoveryError,0,,
getaround_candelaria,getaround_candelaria,ES,2026-06-28T08:38:47.794910+00:00,no_station_information:GBFSDiscoveryError,0,,
getaround_alcobendas,getaround_alcobendas,ES,2026-06-28T08:38:47.795351+00:00,no_station_information:GBFSDiscoveryError,0,,
getaround_benidorm,getaround_benidorm,ES,2026-06-28T08:38:47.795811+00:00,no_station_information:GBFSDiscoveryError,0,,
getaround_fuenlabrada,getaround_fuenlabrada,ES,2026-06-28T08:38:47.796248+00:00,no_station_information:GBFSDiscoveryError,0,,
getaround_getafe,getaround_getafe,ES,2026-06-28T08:38:47.796715+00:00,no_station_information:GBFSDiscoveryError,0,,
getaround_coslada,getaround_coslada,ES,2026-06-28T08:38:47.797175+00:00,no_station_information:GBFSDiscoveryError,0,,
getaround_madrid,getaround_madrid,ES,2026-06-28T08:38:47.797626+00:00,no_station_information:GBFSDiscoveryError,0,,
getaround_granollers,getaround_granollers,ES,2026-06-28T08:38:47.798061+00:00,no_station_information:GBFSDiscoveryError,0,,
getaround_majadahonda,getaround_majadahonda,ES,2026-06-28T08:38:47.798497+00:00,no_station_information:GBFSDiscoveryError,0,,
getaround_castelldefels,getaround_castelldefels,ES,2026-06-28T08:38:47.798920+00:00,no_station_information:GBFSDiscoveryError,0,,
getaround_granada,getaround_granada,ES,2026-06-28T08:38:47.799341+00:00,no_station_information:GBFSDiscoveryError,0,,
getaround_parla,getaround_parla,ES,2026-06-28T08:38:47.799807+00:00,no_station_information:GBFSDiscoveryError,0,,
getaround_paterna,getaround_paterna,ES,2026-06-28T08:38:47.800238+00:00,no_station_information:GBFSDiscoveryError,0,,
getaround_mao,getaround_mao,ES,2026-06-28T08:38:47.800680+00:00,no_station_information:GBFSDiscoveryError,0,,
getaround_sabadell,getaround_sabadell,ES,2026-06-28T08:38:47.801100+00:00,no_station_information:GBFSDiscoveryError,0,,
getaround_sevilla,getaround_sevilla,ES,2026-06-28T08:38:47.801525+00:00,no_station_information:GBFSDiscoveryError,0,,
getaround_torrent,getaround_torrent,ES,2026-06-28T08:38:47.801942+00:00,no_station_information:GBFSDiscoveryError,0,,
getaround_torremolinos,getaround_torremolinos,ES,2026-06-28T08:38:47.802400+00:00,no_station_information:GBFSDiscoveryError,0,,
getaround_valdemoro,getaround_valdemoro,ES,2026-06-28T08:38:47.802826+00:00,no_station_information:GBFSDiscoveryError,0,,
getaround_valencia,getaround_valencia,ES,2026-06-28T08:38:47.803242+00:00,no_station_information:GBFSDiscoveryError,0,,
getaround_viladecans,getaround_viladecans,ES,2026-06-28T08:38:47.803675+00:00,no_station_information:GBFSDiscoveryError,0,,
nextbike_sl,nextbike_sl,ES,2026-06-28T08:38:47.804090+00:00,ok,51,466340e070bd9437f2718acae0c4df27d8bc90268253926abbdc09fe1e9f54f8,2.3
nextbike_ej,nextbike_ej,ES,2026-06-28T08:38:47.840815+00:00,ok,35,f9b4c427f77e7b53bfbeab52cc8eceae2e6e1ec318bf491659544ffc60b0ec9e,2.3
nextbike_el,nextbike_el,ES,2026-06-28T08:38:47.877562+00:00,ok,64,ff7fc9efce8e4d1af2b57922520c905bcd34b80f612b7bb44fc20a37562cfe7d,2.3
nextbike_ls,nextbike_ls,ES,2026-06-28T08:38:47.914413+00:00,ok,15,51aa4b83815b116ce497fb57c06917678b900b16441755c70f1dbe0329ace493,2.3
nextbike_oy,nextbike_oy,ES,2026-06-28T08:38:47.951826+00:00,unreachable:GBFSFetchError,0,,
seville,seville,ES,2026-06-28T08:38:47.952429+00:00,ok,248,0260425cf7e878b40a769d5bbfe206aed16093053dbc5fd1e32c470140569daa,3.0
BIKI_valladolid,BIKI_valladolid,ES,2026-06-28T08:38:48.151633+00:00,ok,105,abcfd4ebd0ba26edd5c4ed8694a3b6121e0baf3acc3bedfcbf231f27fa18bec8,3.0
valence,valence,ES,2026-06-28T08:38:48.189268+00:00,ok,279,de333dbb08bae463bb53ec9d698cd5d047fa3c0c89dd88403fbc3c2c0a090bbc,3.0
nextbike_ek,nextbike_ek,ES,2026-06-28T08:38:48.271746+00:00,ok,42,99816abeeab149785a498bebceca196a373fed36198bbd50989b1c4ce8c7714c,2.3
nextbike_en,nextbike_en,ES,2026-06-28T08:38:48.310482+00:00,ok,20,f408e1e0252b7d6ed52e8e0119f6b35d0bc040126a4e1ae257ceca4c2f2706ca,2.3
donkey_haemeenlinna,donkey_haemeenlinna,FI,2026-06-28T08:38:48.347047+00:00,empty,0,,
donkey_hamina,donkey_hamina,FI,2026-06-28T08:38:48.419313+00:00,empty,0,,
donkey_hyvinkaa,donkey_hyvinkaa,FI,2026-06-28T08:38:48.476131+00:00,empty,0,,
bird-helsinki,bird-helsinki,FI,2026-06-28T08:38:48.535774+00:00,empty,0,,
donkey_kotka,donkey_kotka,FI,2026-06-28T08:38:49.178341+00:00,ok,47,3c11b132fee1032c04badbfcc5359cceecebbaf141c1ad2e9488b14d231d28a3,3.0
donkey_lappeenranta,donkey_lappeenranta,FI,2026-06-28T08:38:49.238163+00:00,ok,37,99e8e660d53b6da7e919c2f9683d5c49b9a91ba13b7151071aa5bc791073bcd4,3.0
donkey_kouvola,donkey_kouvola,FI,2026-06-28T08:38:49.298652+00:00,ok,22,3c8fbcd20cd0a85e4a00ddc5c96ab636e70835a2112078c27747fab1ebb28459,3.0
donkey_porvoo,donkey_porvoo,FI,2026-06-28T08:38:49.363412+00:00,ok,40,b73d8048e84e863e0032236ac2096a42011b6adad81884f319a9153b26101291,3.0
donkey_iisalmi,donkey_iisalmi,FI,2026-06-28T08:38:49.419415+00:00,ok,15,f1c0785f1cd1ba4bd095fb515041c9d1f36f0aa47e001ad1256fa9487fc32e8a,3.0
donkey_maentsaelae,donkey_maentsaelae,FI,2026-06-28T08:38:49.483166+00:00,ok,9,468210f51d17a3dec199d6fefc937071853e50dce03a54c14d48667ebadca6a3,3.0
donkey_mikkeli,donkey_mikkeli,FI,2026-06-28T08:38:49.539006+00:00,ok,9,86d94027efd2de2cccc757f93e4adb1798c2db590874f85eefcdfa5a21838527,3.0
donkey_imatra,donkey_imatra,FI,2026-06-28T08:38:49.594552+00:00,ok,15,ae4c61ebf80d385db37aa23e11d86ff9f641949ddd4b9d9b93fe5345396b0fa9,3.0
donkey_riihimaki,donkey_riihimaki,FI,2026-06-28T08:38:49.652230+00:00,ok,38,9eca59b9068696f74e97c89724540a13e71d1d4bedab8a21504ff1863345fd31,3.0
donkey_raasepori,donkey_raasepori,FI,2026-06-28T08:38:49.717750+00:00,ok,7,90645d4b60337a8e38c7c9f5b61df21e8b873d5aa7adf279cd1a048eea74698e,3.0
donkey_turku,donkey_turku,FI,2026-06-28T08:38:49.784027+00:00,ok,252,7d25eb3ba5fa3ecf9ae33a37605c39d0a044458d5b22e2f44a0482b973df4e4c,3.0
dott-hamina,dott-hamina,FI,2026-06-28T08:38:49.848604+00:00,ok,15,08eb1a7f5833d37a252bcb4bd7aa0c80db02319c09fd9519058b90de2e3b4a08,2.3
dott-tammisaari,dott-tammisaari,FI,2026-06-28T08:38:49.900038+00:00,ok,50,242bfdf9ebea8d68ccfeabbbe1c6a5d21e7d612ccca6d94fb5ca1cbf726aaf25,2.3
dott-hanko,dott-hanko,FI,2026-06-28T08:38:49.950597+00:00,empty,0,,
dott-espoo,dott-espoo,FI,2026-06-28T08:38:49.997879+00:00,ok,206,5d3a8742612d37a3f53fc8dbb13d1f5a07ab3259224375259fca64a64c2680ea,2.3
dott-hameenlinna,dott-hameenlinna,FI,2026-06-28T08:38:50.055052+00:00,ok,4,78afbcdf72199892761a6ffae7b62ef7b1bf3894b259a3b10ab22980ce990e25,2.3
dott-hyvinkaa,dott-hyvinkaa,FI,2026-06-28T08:38:50.103420+00:00,ok,6,63f285694faebf5f241c53d60af8061d0ff99bd807932240493631d314c0f4e7,2.3
dott-jakobstad,dott-jakobstad,FI,2026-06-28T08:38:50.153376+00:00,empty,0,,
dott-jarvenpaa,dott-jarvenpaa,FI,2026-06-28T08:38:50.201376+00:00,ok,40,81a4c2cddccfd6640e489205c6b0f4557f21618ad61feab40b723bd6b66f4cde,2.3
dott-helsinki,dott-helsinki,FI,2026-06-28T08:38:50.256265+00:00,ok,562,790051130491db0d357995a32bc88cf8923571fb73cf3f6dfbad116b5d8d789b,2.3
dott-joensuu,dott-joensuu,FI,2026-06-28T08:38:50.334305+00:00,ok,4,1846f4ecc439e90c2f2be2b27bbd2734cf25cd95ab8a35fee2f1a193ef34ab2a,2.3
dott-imatra,dott-imatra,FI,2026-06-28T08:38:50.382692+00:00,empty,0,,
dott-jyvaskyla,dott-jyvaskyla,FI,2026-06-28T08:38:50.424828+00:00,ok,4,70b724d65b0fbf8e63f58bbbd7daaf836784f5fea78486da701366e81a3dde5d,2.3
dott-kaarina,dott-kaarina,FI,2026-06-28T08:38:50.475328+00:00,ok,4,3c870fbf56bfdcb9cc24fe0cefa3f1f97cd5e902af13ef688eb4ff1d2f5bfbd4,2.3
dott-kangasala,dott-kangasala,FI,2026-06-28T08:38:50.527121+00:00,ok,4,3cb1ec023cfb16eeffb35167ddd83b7077bf0144ce66f0aa47cc4263fb9c1256,2.3
dott-kajaani,dott-kajaani,FI,2026-06-28T08:38:50.577552+00:00,ok,4,83325cd882e29a3acf4ef9c26974fd8c01dee9fbf10412d40bf0b8bba13e0b55,2.3
dott-kirkkonummi,dott-kirkkonummi,FI,2026-06-28T08:38:50.627787+00:00,ok,1,7bbef7d4b37b3410bbb05e43effd28e64cecc8efc7be74f4c74bd10eed6389d8,2.3
dott-kerava,dott-kerava,FI,2026-06-28T08:38:50.675319+00:00,ok,43,516c9660515e8cd5d503db26845e409eb35171a706ad25bc35c69fd421c8abed,2.3
dott-klaukkala,dott-klaukkala,FI,2026-06-28T08:38:50.731171+00:00,ok,3,2c62d5458f13e291cf0116f713628122b034817ab82f226f3d73b7071b528403,2.3
dott-kokkola,dott-kokkola,FI,2026-06-28T08:38:50.784207+00:00,ok,13,86ef98aca0421fa82a29db7f7530f5043488b99e68baeb2667a67d6a233c022f,2.3
dott-kotka,dott-kotka,FI,2026-06-28T08:38:51.030971+00:00,ok,2,da775ff4958b8a22c21f67b424674841a370fc52ce7818c200056dd231211ce0,2.3
dott-kouvola,dott-kouvola,FI,2026-06-28T08:38:51.080740+00:00,empty,0,,
dott-lahti,dott-lahti,FI,2026-06-28T08:38:51.126746+00:00,ok,99,2b46fba4da46d124760e4196b1e1e185306743b6877efaa54f53c08199debb84,2.3
dott-kuopio,dott-kuopio,FI,2026-06-28T08:38:51.180055+00:00,ok,4,ebee23d530d2ff74d617b005c9301b6df4cc239dd20611a90ae03404b5d6894a,2.3
dott-lappeenranta,dott-lappeenranta,FI,2026-06-28T08:38:51.230460+00:00,ok,3,7b02313985ed51d1d7b520beb0edac3dff48701f6929d96f63f7306b0877c674,2.3
dott-lempaala,dott-lempaala,FI,2026-06-28T08:38:51.280267+00:00,ok,4,ea4340519482fa72709edfc910c0ebc86a6325f50155adb1a2bb233fbba8c45b,2.3
dott-mikkeli,dott-mikkeli,FI,2026-06-28T08:38:51.328815+00:00,ok,4,302787f582d0c2ceb87a0040ef326c626f36e05c79de67ea592eadbb025e2d77,2.3
dott-naantali,dott-naantali,FI,2026-06-28T08:38:51.375938+00:00,ok,4,9f44d6124ceac3f52b80f29b991685f85ff82c0334cd3649c3acdaed722679f0,2.3
dott-nokia,dott-nokia,FI,2026-06-28T08:38:51.427199+00:00,ok,7,48fa574b765da58ba1d36dea94da123ff8e7e7d94da67acfdddfaf2971eb96bc,2.3
dott-myyrmaki,dott-myyrmaki,FI,2026-06-28T08:38:51.478751+00:00,ok,4,f3805930a5b02b9be3b714de46cf545c17e2f31605b6f46b44054566fa8a9adf,2.3
dott-turku,dott-turku,FI,2026-06-28T08:38:52.765688+00:00,ok,4,310f49224ad2c11e07d7869a78f02a47e21a9881b33a032cb21eed40281a56c8,2.3
dott-rauma,dott-rauma,FI,2026-06-28T08:38:52.811252+00:00,empty,0,,
dott-riihimaki,dott-riihimaki,FI,2026-06-28T08:38:52.851637+00:00,ok,1,c9352b91a0c5420d08327b305b743ca436985c8d097dbdaf88f98d8ae56611e9,2.3
dott-salo,dott-salo,FI,2026-06-28T08:38:52.897564+00:00,empty,0,,
dott-porvoo,dott-porvoo,FI,2026-06-28T08:38:52.940551+00:00,ok,5,f114f24613cc621a67cf4586e9808b293283ce16ad65444eda3d1f144924eb10,2.3
dott-tampere,dott-tampere,FI,2026-06-28T08:38:52.986423+00:00,ok,272,2c6beb94b3c379adc648ba28c44e611a91c096ea17ecf3d7f3c63723738e5aba,2.3
dott-raisio,dott-raisio,FI,2026-06-28T08:38:53.038186+00:00,ok,4,85358392c07ba1adccf3064d193461846d63fabe4361107d66cece3c4b113b4a,2.3
dott-seinajoki,dott-seinajoki,FI,2026-06-28T08:38:53.082648+00:00,ok,4,b5f280f6a819dee3a82bf61c6add528a1ff89dca91467ed78aa31d50c0bdeb29,2.3
dott-vaasa,dott-vaasa,FI,2026-06-28T08:38:53.125190+00:00,ok,241,63cb73f690f87540c204f7b03c138d05151ab9201cc79e169b1554ce83a3c5a1,2.3
dott-vantaa,dott-vantaa,FI,2026-06-28T08:38:53.180865+00:00,ok,29,7ee47e2a5ac395f7624968a1ba96819e5f167775b7b173c90d5168bdc5b59ebe,2.3
auray-quiberon,auray-quiberon,FR,2026-06-28T08:38:53.224005+00:00,ok,12,8418957542a3066c204850db55955bf9b91872b05e218a689d0971e3ccd0884b,2.2
auxrmlevelo,auxrmlevelo,FR,2026-06-28T08:38:53.252342+00:00,ok,55,76f6370ede41be601a02418799584a487964224e0607d13a8f1c20c346aefdda,2.2
auto-en-velay,auto-en-velay,FR,2026-06-28T08:38:53.282521+00:00,ok,9,2265fdd28a9f95cc2f168c2fef40263ce8f934f809b505bff99f58236ec12beb,3.0
altervelo,altervelo,FR,2026-06-28T08:38:53.368609+00:00,ok,31,77c248b9f784fb478dec5c0bcad9db04647365d988b6728e551a3618d54f6f35,3.0
auchveloc,auchveloc,FR,2026-06-28T08:38:53.403236+00:00,ok,10,c4b9f0ffa3bb816f0e128f038c2cffd54b96d9ee569571c4ae964b06e38b45cb,3.0
475,475,FI,2026-06-28T08:38:53.438238+00:00,empty,0,,
bird-ajaccio,bird-ajaccio,FR,2026-06-28T08:38:53.489192+00:00,ok,36,803ca41a4e717ad3b5d34d62481ff1419f76648a26e15618ccf8faeef50a947b,2.3
bird-castres,bird-castres,FR,2026-06-28T08:38:53.739846+00:00,empty,0,,
bird-dieppe,bird-dieppe,FR,2026-06-28T08:38:53.976880+00:00,empty,0,,
bird-epron,bird-epron,FR,2026-06-28T08:38:54.455025+00:00,empty,0,,
bird-gap,bird-gap,FR,2026-06-28T08:38:54.660645+00:00,ok,50,6f021510895bb108679cf5640d29a688a3dcd467669d3cb0a0615b70068047c9,2.3
bird-herouvillesaintclair,bird-herouvillesaintclair,FR,2026-06-28T08:38:54.963991+00:00,empty,0,,
bird-bordeaux,bird-bordeaux,FR,2026-06-28T08:38:55.204758+00:00,ok,3152,5de6185fc414a643f202c219fa7e47b1f383ba653dfcfaa26190004b56caa793,2.3
bird-marseille,bird-marseille,FR,2026-06-28T08:38:56.246525+00:00,ok,803,ead7a02069449d7f9ba01d674bad3b4dc311a2fa19cf82ef7dfa732e06f29d5f,2.3
bird-millau,bird-millau,FR,2026-06-28T08:38:57.048858+00:00,ok,76,02ae28db966d089006f3c350aaad48cd2855efdd6e381ebb364360b463b458bd,2.3
bird-montlucon,bird-montlucon,FR,2026-06-28T08:38:57.279129+00:00,ok,63,61a1c4bcf2e6cfbce82158394bca48c42ad19da13976de516ac70e6f3655b2ee,2.3
bird-chalonsenchampagne,bird-chalonsenchampagne,FR,2026-06-28T08:38:57.542882+00:00,empty,0,,
brennus_a_velo_sens,brennus_a_velo_sens,FR,2026-06-28T08:38:57.785371+00:00,ok,18,1424de703c49a8806ebba4593f859aa69814e4cf83bba95ff678a7bec3d36ecb,2.2
bird-draguignan,bird-draguignan,FR,2026-06-28T08:38:57.813814+00:00,ok,63,5551d5a95a85b1ef8155eebfc2e64001ec94e352e363cc11bfaa3e8ae0947605,2.3
calivelo,calivelo,FR,2026-06-28T08:38:58.160189+00:00,ok,66,cc9f97e27d23d2317a2894979660e10c0f8f5d0319810023ba949d7baf113715,3.0
capcotentin,capcotentin,FR,2026-06-28T08:38:58.195741+00:00,ok,51,ddd4e9bdbd76d2e55b0561ab09cb5eed8907c6c983719a3152e0175153629b15,3.0
bird-ouistreham,bird-ouistreham,FR,2026-06-28T08:38:58.231824+00:00,empty,0,,
CVelo_FR_Clermont-Ferrand,CVelo_FR_Clermont-Ferrand,FR,2026-06-28T08:38:58.524219+00:00,ok,82,94dd2c6d7422d3f470514113ace947fe46cb9468810d873353a9f9b3833ab181,3.0
choletbus,choletbus,FR,2026-06-28T08:38:58.561504+00:00,ok,16,f02c259f2d3a578ce2ed5fe95e436677a7297e6405f896aa32fb199166da78b0,3.0
mp_TARARE,mp_TARARE,FR,2026-06-28T08:38:58.604568+00:00,ok,2,45e4aca285904d5855f55ba85c20a4f9983b8202963d1481bbede5c18276076a,3.0
bird-larochesuryon,bird-larochesuryon,FR,2026-06-28T08:38:58.645637+00:00,ok,69,1ea1f60d2c194ee54fa35bbe9c15f2191cb0c3cd43fde96e74d4401ff2ba806b,2.3
bird-laval,bird-laval,FR,2026-06-28T08:38:58.905512+00:00,ok,83,d41faf3a47f901d8a0f720a8527c92fa48789aeb81a9f57099c3325992504ee3,2.3
mp_CHATELLERAULT,mp_CHATELLERAULT,FR,2026-06-28T08:38:59.152571+00:00,ok,13,315ef1a2f7e0b6704e35b8818aca3fcfc5b325b063e05c24f6032bcc5a870443,3.0
bird-vichy,bird-vichy,FR,2026-06-28T08:38:59.189723+00:00,ok,46,1c5abe74ec8368a1a7853674c072b75452e74a6ddad76bddef0d982b4a975e92,2.3
bird-sarreguemines,bird-sarreguemines,FR,2026-06-28T08:38:59.510323+00:00,ok,65,11302eff21d49b53e92ddf7e2cfb582c12a17cdda2162b0ff561800d1f1b5510,2.3
citedia_services,citedia_services,FR,2026-06-28T08:39:00.400052+00:00,ok,2,cc4e7fd6be0a41ccfde037ec387bd11a4712ada2cf9b717068501915e2685428,3.0
citiz_developpement,citiz_developpement,FR,2026-06-28T08:39:00.453122+00:00,ok,62,4dcfa705cb66a580386b9d69e6fb5ad908cc80863af783b2cce4517c7155fe04,3.0
citiz_gironde,citiz_gironde,FR,2026-06-28T08:39:00.502641+00:00,ok,98,44112e1d4f35a4f55e8be21185b138d1000cc0f0d7f562520d4f5bfe19ba6452,3.0
citiz_angers,citiz_angers,FR,2026-06-28T08:39:00.555720+00:00,ok,27,06f9e987e937f08f9e61fb67c9a10a9810722340d4c85e1c628717d5a0c67da8,3.0
citiz_alpes_loire,citiz_alpes_loire,FR,2026-06-28T08:39:00.587164+00:00,ok,409,967a079839a68083407b986291f1045c8932f1d9a4677b39c5d780a0e980d366,3.0
aupa,aupa,FR,2026-06-28T08:39:00.656651+00:00,ok,8,42098446569baae40419e4175aff6b5d10966d5900ab2287f12852ff88761a8d,3.0
citiz_bfc,citiz_bfc,FR,2026-06-28T08:39:00.687356+00:00,ok,60,4b6befa5db40e131d05461169134d5284db8e0938e903f328a7a8fa62d131528,3.0
citiz_grand_est,citiz_grand_est,FR,2026-06-28T08:39:00.720711+00:00,ok,288,89f797e874a7064a1e35d30186c950c6722166e9b5faba3c2480613aa5016c52,3.0
citiz_la_rochelle,citiz_la_rochelle,FR,2026-06-28T08:39:00.755125+00:00,ok,24,f072dfe7a7bca441c060006ce7996740f3030d70efe5059095f080dd7068ca40,3.0
citiz_grand_poitiers,citiz_grand_poitiers,FR,2026-06-28T08:39:00.789094+00:00,ok,22,ef75bb16ee190c15b098e54338eecefe0bea795bcd7cfe0118a090c42f502ca8,3.0
citiz_lille_arras,citiz_lille_arras,FR,2026-06-28T08:39:00.844590+00:00,ok,81,bfca229c8afda9f34267e952291b7cff0cecb03ebcaecc3752d795bb3a976424,3.0
citiz_nantes,citiz_nantes,FR,2026-06-28T08:39:00.881051+00:00,ok,23,d9789f67c48e09a9a16dfe712f69299e8f939815c34cc47aefce4ae0171d7a4a,3.0
citiz_provence,citiz_provence,FR,2026-06-28T08:39:00.910688+00:00,ok,97,b104a6ef7c74835b4495bf058220574552212af404dbd8cf74197c39d18ef6b6,3.0
citiz_metropole_lyon,citiz_metropole_lyon,FR,2026-06-28T08:39:00.944275+00:00,ok,200,468ffe4df5713cb0bd25a1e339d2329c843e50af499df6f4f7e100ef43b1a35b,3.0
citiz_rennes_metropole,citiz_rennes_metropole,FR,2026-06-28T08:39:00.985292+00:00,ok,54,7e82972d8920b44f842d8f8de4a4cbd368c77372763662af165e744bdec7aa4e,3.0
citiz_occitanie,citiz_occitanie,FR,2026-06-28T08:39:01.017553+00:00,ok,135,44296c894f3be328f6e26a099977710e2f67cb8cf04b0c1be1c78db98953d30f,3.0
cyclam,cyclam,FR,2026-06-28T08:39:01.053228+00:00,ok,34,8fffaf4e6d7c78003ff23bd074d2d464346dc73f11239a3153f5ca2757e3fb2b,3.0
dott-bourgoin-jallieu,dott-bourgoin-jallieu,FR,2026-06-28T08:39:01.476248+00:00,ok,69,4b1e39e9f91bed93e96fce9f353d2b8d99a60686a271fe8d93581fc4b1c3d272,2.3
cyclolibre,cyclolibre,FR,2026-06-28T08:39:01.530355+00:00,ok,11,2667332e5b0fd683795606e3ff0127a5dc24b1bcce23177b8a25eb4cf5c4397c,3.0
cyclovis,cyclovis,FR,2026-06-28T08:39:01.564232+00:00,ok,28,b40458b385a1eec9e62500831da2d0f357ff6274c59d4267ac9bb4c504b3b1cc,3.0
clem-france,clem-france,FR,2026-06-28T08:39:01.599960+00:00,ok,394,c6c6059091be87396f8e4380f95be478f0233198bbb3da51973b77d6dcc3287b,3.0
dott-bordeaux,dott-bordeaux,FR,2026-06-28T08:39:01.696377+00:00,ok,3462,218b73115670909f9b5eed4a29069fdbf5d9d5380496861fd316dc2875fede85,2.3
dott-gpseo,dott-gpseo,FR,2026-06-28T08:39:01.854574+00:00,ok,4,1660760a9ce8e67c49f3663916664cdeb31da227c452af69fd062779fcf45f56,2.3
dott-paris,dott-paris,FR,2026-06-28T08:39:01.905009+00:00,ok,13156,8f4be3b468f21ec5c3f14a28f375d355973dd6be0277b169e954fdd588f5d4d5,2.3
dott-lyon,dott-lyon,FR,2026-06-28T08:39:02.230257+00:00,ok,1413,4cae8abdefb8f52a9010dd10a7485ff0a59957c856353162a5cd6ef5115ba901,2.3
valenciennes,valenciennes,FR,2026-06-28T08:39:02.312274+00:00,ok,40,cb83c7dce6e74b38ff68aacb2c96a9bbe98f816f1eba77a8f381a8940b2919f7,3.0
dott-versailles-grand-parc,dott-versailles-grand-parc,FR,2026-06-28T08:39:02.380797+00:00,ok,79,6830c7537fb2e4a341255265efde3083020a2f16fbd3f451f8423f692d6dec03,2.3
dott-siemu,dott-siemu,FR,2026-06-28T08:39:02.443530+00:00,ok,118,17e98f24972b90cd2bdda00a7b7fa6b9bac817bd0d2df98a28312011465047d7,2.3
dott-ol-vallee,dott-ol-vallee,FR,2026-06-28T08:39:02.508810+00:00,ok,8,8f688de458007c0d88591fc624984187608c31ad8bc71395b04cb4562a246be5,2.3
mp_ESTREES,mp_ESTREES,FR,2026-06-28T08:39:02.564014+00:00,ok,6,1bb593f58aea3c3f2d4c20c96450ca3eb5b60fdbae880dabbea42b22cb9cf757,3.0
getaround_aix-en-provence,getaround_aix-en-provence,FR,2026-06-28T08:39:02.603800+00:00,no_station_information:GBFSDiscoveryError,0,,
getaround_ajaccio,getaround_ajaccio,FR,2026-06-28T08:39:02.604973+00:00,no_station_information:GBFSDiscoveryError,0,,
getaround_amiens,getaround_amiens,FR,2026-06-28T08:39:02.606170+00:00,no_station_information:GBFSDiscoveryError,0,,
getaround_angers,getaround_angers,FR,2026-06-28T08:39:02.607180+00:00,no_station_information:GBFSDiscoveryError,0,,
getaround_antibes,getaround_antibes,FR,2026-06-28T08:39:02.608111+00:00,no_station_information:GBFSDiscoveryError,0,,
getaround_albi,getaround_albi,FR,2026-06-28T08:39:02.609035+00:00,no_station_information:GBFSDiscoveryError,0,,
getaround_antony,getaround_antony,FR,2026-06-28T08:39:02.609935+00:00,no_station_information:GBFSDiscoveryError,0,,
getaround_argenteuil,getaround_argenteuil,FR,2026-06-28T08:39:02.610795+00:00,no_station_information:GBFSDiscoveryError,0,,
getaround_arles,getaround_arles,FR,2026-06-28T08:39:02.611631+00:00,no_station_information:GBFSDiscoveryError,0,,
getaround_aubervilliers,getaround_aubervilliers,FR,2026-06-28T08:39:02.612543+00:00,no_station_information:GBFSDiscoveryError,0,,
getaround_avignon,getaround_avignon,FR,2026-06-28T08:39:03.508831+00:00,no_station_information:GBFSDiscoveryError,0,,
getaround_bayeux,getaround_bayeux,FR,2026-06-28T08:39:03.509886+00:00,no_station_information:GBFSDiscoveryError,0,,
getaround_bayonne,getaround_bayonne,FR,2026-06-28T08:39:03.510909+00:00,no_station_information:GBFSDiscoveryError,0,,
getaround_beaumont,getaround_beaumont,BE,2026-06-28T08:39:03.511901+00:00,no_station_information:GBFSDiscoveryError,0,,
getaround_aulnay-sous-bois,getaround_aulnay-sous-bois,FR,2026-06-28T08:39:03.512875+00:00,no_station_information:GBFSDiscoveryError,0,,
getaround_bordeaux,getaround_bordeaux,FR,2026-06-28T08:39:03.513842+00:00,no_station_information:GBFSDiscoveryError,0,,
getaround_beauvais,getaround_beauvais,FR,2026-06-28T08:39:03.514840+00:00,no_station_information:GBFSDiscoveryError,0,,
getaround_blois,getaround_blois,FR,2026-06-28T08:39:03.515808+00:00,no_station_information:GBFSDiscoveryError,0,,
getaround_boulogne-billancourt,getaround_boulogne-billancourt,FR,2026-06-28T08:39:03.516750+00:00,no_station_information:GBFSDiscoveryError,0,,
getaround_brive-la-gaillarde,getaround_brive-la-gaillarde,FR,2026-06-28T08:39:03.517638+00:00,no_station_information:GBFSDiscoveryError,0,,
getaround_bourges,getaround_bourges,FR,2026-06-28T08:39:03.518583+00:00,no_station_information:GBFSDiscoveryError,0,,
getaround_brest,getaround_brest,FR,2026-06-28T08:39:03.519471+00:00,no_station_information:GBFSDiscoveryError,0,,
getaround_cannes,getaround_cannes,FR,2026-06-28T08:39:03.520341+00:00,no_station_information:GBFSDiscoveryError,0,,
getaround_caen,getaround_caen,FR,2026-06-28T08:39:03.521236+00:00,no_station_information:GBFSDiscoveryError,0,,
getaround_cergy,getaround_cergy,FR,2026-06-28T08:39:03.522199+00:00,no_station_information:GBFSDiscoveryError,0,,
getaround_calais,getaround_calais,FR,2026-06-28T08:39:03.523156+00:00,no_station_information:GBFSDiscoveryError,0,,
getaround_champigny-sur-marne,getaround_champigny-sur-marne,FR,2026-06-28T08:39:03.524083+00:00,no_station_information:GBFSDiscoveryError,0,,
getaround_clamart,getaround_clamart,FR,2026-06-28T08:39:03.525033+00:00,no_station_information:GBFSDiscoveryError,0,,
getaround_clichy,getaround_clichy,FR,2026-06-28T08:39:03.525956+00:00,no_station_information:GBFSDiscoveryError,0,,
getaround_clermont-ferrand,getaround_clermont-ferrand,FR,2026-06-28T08:39:03.527020+00:00,no_station_information:GBFSDiscoveryError,0,,
getaround_colombes,getaround_colombes,FR,2026-06-28T08:39:03.527956+00:00,no_station_information:GBFSDiscoveryError,0,,
getaround_dijon,getaround_dijon,FR,2026-06-28T08:39:03.528943+00:00,no_station_information:GBFSDiscoveryError,0,,
getaround_courbevoie,getaround_courbevoie,FR,2026-06-28T08:39:03.529917+00:00,no_station_information:GBFSDiscoveryError,0,,
getaround_colmar,getaround_colmar,FR,2026-06-28T08:39:03.530820+00:00,no_station_information:GBFSDiscoveryError,0,,
getaround_drancy,getaround_drancy,FR,2026-06-28T08:39:03.531735+00:00,no_station_information:GBFSDiscoveryError,0,,
getaround_dunkerque,getaround_dunkerque,FR,2026-06-28T08:39:03.532592+00:00,no_station_information:GBFSDiscoveryError,0,,
getaround_fontenay-sous-bois,getaround_fontenay-sous-bois,FR,2026-06-28T08:39:03.533455+00:00,no_station_information:GBFSDiscoveryError,0,,
getaround_issy-les-moulineaux,getaround_issy-les-moulineaux,FR,2026-06-28T08:39:03.534295+00:00,no_station_information:GBFSDiscoveryError,0,,
getaround_grenoble,getaround_grenoble,FR,2026-06-28T08:39:03.535154+00:00,no_station_information:GBFSDiscoveryError,0,,
getaround_ivry-sur-seine,getaround_ivry-sur-seine,FR,2026-06-28T08:39:03.536007+00:00,no_station_information:GBFSDiscoveryError,0,,
getaround_laval,getaround_laval,FR,2026-06-28T08:39:03.536856+00:00,no_station_information:GBFSDiscoveryError,0,,
getaround_levallois-perret,getaround_levallois-perret,FR,2026-06-28T08:39:03.537755+00:00,no_station_information:GBFSDiscoveryError,0,,
getaround_lille,getaround_lille,BE,2026-06-28T08:39:03.538692+00:00,no_station_information:GBFSDiscoveryError,0,,
getaround_limay,getaround_limay,FR,2026-06-28T08:39:03.539598+00:00,no_station_information:GBFSDiscoveryError,0,,
getaround_lorient,getaround_lorient,FR,2026-06-28T08:39:03.540475+00:00,no_station_information:GBFSDiscoveryError,0,,
getaround_macon,getaround_macon,FR,2026-06-28T08:39:03.541296+00:00,no_station_information:GBFSDiscoveryError,0,,
getaround_maisons-alfort,getaround_maisons-alfort,FR,2026-06-28T08:39:03.542215+00:00,no_station_information:GBFSDiscoveryError,0,,
getaround_limoges,getaround_limoges,FR,2026-06-28T08:39:03.543085+00:00,no_station_information:GBFSDiscoveryError,0,,
getaround_macau,getaround_macau,FR,2026-06-28T08:39:03.543926+00:00,no_station_information:GBFSDiscoveryError,0,,
getaround_lyon,getaround_lyon,FR,2026-06-28T08:39:03.544760+00:00,no_station_information:GBFSDiscoveryError,0,,
getaround_meru,getaround_meru,FR,2026-06-28T08:39:04.477834+00:00,no_station_information:GBFSDiscoveryError,0,,
getaround_marseille,getaround_marseille,FR,2026-06-28T08:39:04.478486+00:00,no_station_information:GBFSDiscoveryError,0,,
getaround_meaux,getaround_meaux,FR,2026-06-28T08:39:04.479096+00:00,no_station_information:GBFSDiscoveryError,0,,
getaround_metz,getaround_metz,FR,2026-06-28T08:39:04.479742+00:00,no_station_information:GBFSDiscoveryError,0,,
getaround_mulhouse,getaround_mulhouse,FR,2026-06-28T08:39:04.480532+00:00,no_station_information:GBFSDiscoveryError,0,,
getaround_montauban,getaround_montauban,FR,2026-06-28T08:39:04.481329+00:00,no_station_information:GBFSDiscoveryError,0,,
getaround_montpellier,getaround_montpellier,FR,2026-06-28T08:39:04.481790+00:00,no_station_information:GBFSDiscoveryError,0,,
getaround_montreuil,getaround_montreuil,FR,2026-06-28T08:39:04.482148+00:00,no_station_information:GBFSDiscoveryError,0,,
getaround_nanterre,getaround_nanterre,FR,2026-06-28T08:39:04.482488+00:00,no_station_information:GBFSDiscoveryError,0,,
getaround_nantes,getaround_nantes,FR,2026-06-28T08:39:04.482818+00:00,no_station_information:GBFSDiscoveryError,0,,
getaround_narbonne,getaround_narbonne,FR,2026-06-28T08:39:04.483162+00:00,no_station_information:GBFSDiscoveryError,0,,
getaround_neuilly-sur-seine,getaround_neuilly-sur-seine,FR,2026-06-28T08:39:04.483529+00:00,no_station_information:GBFSDiscoveryError,0,,
getaround_nice,getaround_nice,FR,2026-06-28T08:39:04.483859+00:00,no_station_information:GBFSDiscoveryError,0,,
getaround_noisy-le-grand,getaround_noisy-le-grand,FR,2026-06-28T08:39:04.484174+00:00,no_station_information:GBFSDiscoveryError,0,,
getaround_nancy,getaround_nancy,FR,2026-06-28T08:39:04.484494+00:00,no_station_information:GBFSDiscoveryError,0,,
getaround_niort,getaround_niort,FR,2026-06-28T08:39:04.484807+00:00,no_station_information:GBFSDiscoveryError,0,,
getaround_orange,getaround_orange,FR,2026-06-28T08:39:04.485142+00:00,no_station_information:GBFSDiscoveryError,0,,
getaround_paris,getaround_paris,FR,2026-06-28T08:39:04.485616+00:00,no_station_information:GBFSDiscoveryError,0,,
getaround_pau,getaround_pau,FR,2026-06-28T08:39:04.486097+00:00,no_station_information:GBFSDiscoveryError,0,,
getaround_perpignan,getaround_perpignan,FR,2026-06-28T08:39:04.486594+00:00,no_station_information:GBFSDiscoveryError,0,,
getaround_poitiers,getaround_poitiers,FR,2026-06-28T08:39:04.487082+00:00,no_station_information:GBFSDiscoveryError,0,,
getaround_pessac,getaround_pessac,FR,2026-06-28T08:39:04.487645+00:00,no_station_information:GBFSDiscoveryError,0,,
getaround_quimper,getaround_quimper,FR,2026-06-28T08:39:04.488140+00:00,no_station_information:GBFSDiscoveryError,0,,
getaround_reims,getaround_reims,FR,2026-06-28T08:39:04.488493+00:00,no_station_information:GBFSDiscoveryError,0,,
getaround_rennes,getaround_rennes,FR,2026-06-28T08:39:04.488808+00:00,no_station_information:GBFSDiscoveryError,0,,
getaround_roubaix,getaround_roubaix,FR,2026-06-28T08:39:04.489117+00:00,no_station_information:GBFSDiscoveryError,0,,
getaround_rueil-malmaison,getaround_rueil-malmaison,FR,2026-06-28T08:39:04.489428+00:00,no_station_information:GBFSDiscoveryError,0,,
getaround_rouen,getaround_rouen,FR,2026-06-28T08:39:04.489747+00:00,no_station_information:GBFSDiscoveryError,0,,
getaround_saint-brieuc,getaround_saint-brieuc,FR,2026-06-28T08:39:04.490064+00:00,no_station_information:GBFSDiscoveryError,0,,
getaround_saint-denis,getaround_saint-denis,FR,2026-06-28T08:39:04.490493+00:00,no_station_information:GBFSDiscoveryError,0,,
getaround_pantin,getaround_pantin,FR,2026-06-28T08:39:04.490814+00:00,no_station_information:GBFSDiscoveryError,0,,
getaround_saint-laurent,getaround_saint-laurent,FR,2026-06-28T08:39:04.491136+00:00,no_station_information:GBFSDiscoveryError,0,,
getaround_saint-louis,getaround_saint-louis,FR,2026-06-28T08:39:04.491465+00:00,no_station_information:GBFSDiscoveryError,0,,
getaround_saint-malo,getaround_saint-malo,FR,2026-06-28T08:39:04.491893+00:00,no_station_information:GBFSDiscoveryError,0,,
getaround_saint-nazaire,getaround_saint-nazaire,FR,2026-06-28T08:39:04.492287+00:00,no_station_information:GBFSDiscoveryError,0,,
getaround_saint-paul,getaround_saint-paul,FR,2026-06-28T08:39:04.492639+00:00,no_station_information:GBFSDiscoveryError,0,,
getaround_saint-quentin-en-yvelines,getaround_saint-quentin-en-yvelines,FR,2026-06-28T08:39:04.492958+00:00,no_station_information:GBFSDiscoveryError,0,,
getaround_saint-quentin,getaround_saint-quentin,FR,2026-06-28T08:39:04.493265+00:00,no_station_information:GBFSDiscoveryError,0,,
getaround_sarcelles,getaround_sarcelles,FR,2026-06-28T08:39:04.493576+00:00,no_station_information:GBFSDiscoveryError,0,,
getaround_sartrouville,getaround_sartrouville,FR,2026-06-28T08:39:04.493883+00:00,no_station_information:GBFSDiscoveryError,0,,
getaround_strasbourg,getaround_strasbourg,FR,2026-06-28T08:39:07.893748+00:00,no_station_information:GBFSDiscoveryError,0,,
getaround_valence,getaround_valence,FR,2026-06-28T08:39:07.894480+00:00,no_station_information:GBFSDiscoveryError,0,,
getaround_toulouse,getaround_toulouse,FR,2026-06-28T08:39:07.895167+00:00,no_station_information:GBFSDiscoveryError,0,,
getaround_tours,getaround_tours,FR,2026-06-28T08:39:07.895710+00:00,no_station_information:GBFSDiscoveryError,0,,
getaround_tourcoing,getaround_tourcoing,FR,2026-06-28T08:39:07.896321+00:00,no_station_information:GBFSDiscoveryError,0,,
getaround_troyes,getaround_troyes,FR,2026-06-28T08:39:07.896836+00:00,no_station_information:GBFSDiscoveryError,0,,
getaround_tarbes,getaround_tarbes,FR,2026-06-28T08:39:07.897467+00:00,no_station_information:GBFSDiscoveryError,0,,
getaround_toulon,getaround_toulon,FR,2026-06-28T08:39:07.898265+00:00,no_station_information:GBFSDiscoveryError,0,,
idecycle_pau,idecycle_pau,FR,2026-06-28T08:39:07.898957+00:00,ok,40,dd7baeffc817e3c24b35133d36cf800e80a798dfd6f2d21658bb0af5ed0eaef9,2.2
graoulib_metz,graoulib_metz,FR,2026-06-28T08:39:07.935518+00:00,ok,56,005c91cdb5b0632a66a2e163376b3e02c22fa2f84a96c6514ead15263d2ead79,2.2
impulsyon,impulsyon,FR,2026-06-28T08:39:07.966201+00:00,ok,31,cdedda5dabde82b7b9961427f2815f8bacc22b291c40ded49dce60371f91abba,3.0
getaround_vannes,getaround_vannes,FR,2026-06-28T08:39:08.002925+00:00,no_station_information:GBFSDiscoveryError,0,,
getaround_versailles,getaround_versailles,FR,2026-06-28T08:39:08.003582+00:00,no_station_information:GBFSDiscoveryError,0,,
mp_GEVAUDAN,mp_GEVAUDAN,FR,2026-06-28T08:39:08.004134+00:00,ok,2,9f3b98befc26aaa455460705e40ff9ca6ec8f81242c9c9852c28af972eed7f33,3.0
labaule,labaule,FR,2026-06-28T08:39:08.037107+00:00,ok,14,374e9d67f011c87fc40d9bdfa05229d26b573c133b8b125242eb85299fa9ddc1,3.0
getaround_vitry-sur-seine,getaround_vitry-sur-seine,FR,2026-06-28T08:39:08.073223+00:00,no_station_information:GBFSDiscoveryError,0,,
getaround_villeurbanne,getaround_villeurbanne,FR,2026-06-28T08:39:08.073835+00:00,no_station_information:GBFSDiscoveryError,0,,
petitesreines,petitesreines,FR,2026-06-28T08:39:08.074352+00:00,ok,16,8d5105bde17d155a244ad5a20d49caab8bc37ea4c2a665ec21090010264a04c9,3.0
karu,karu,FR,2026-06-28T08:39:08.109638+00:00,ok,17,201d60f1a78c42a287bf18d46aba25ab160edf7010bf4bc35db295568f87c4f0,3.0
lemarcel,lemarcel,FR,2026-06-28T08:39:08.145444+00:00,ok,30,2a4ce69b665385e3d670854837ee61edb00a56beb1d6555c468c5557422e19ed,3.0
velo-tbm-bordeaux,velo-tbm-bordeaux,FR,2026-06-28T08:39:08.181412+00:00,ok,229,40b06a52193c018c63169f83a227e44d1de82eae6ad87647326af868f8d77e0a,3.0
levelo_inurba_marseille,levelo_inurba_marseille,FR,2026-06-28T08:39:08.315541+00:00,ok,229,c9e7a09624a7bc92e801b32ee08e713bfce01111c85b70e08967340a4964f5e1,2.2
84b174c4-eb74-5d07-bdeb-27f4215d2aa9,84b174c4-eb74-5d07-bdeb-27f4215d2aa9,FR,2026-06-28T08:39:08.373271+00:00,no_station_information:GBFSDiscoveryError,0,,
libelo,libelo,FR,2026-06-28T08:39:08.373882+00:00,ok,68,b2e21c3bba54e80009c3ffac60c8f6a176825994b306d617c67824957fc23e3b,3.0
le_velo_star,le_velo_star,FR,2026-06-28T08:39:08.403171+00:00,ok,57,65e3bed19e0458330670ea66e1c92ef28a19e444bef34769dbc00764ac0f3401,2.x
montenvelo_mont_blanc,montenvelo_mont_blanc,FR,2026-06-28T08:39:08.517237+00:00,ok,23,aeafdcf443e8553880335a2b90ea19993ac1d9678cc03d727cdd532b242aaee3,2.2
chantrerie,chantrerie,FR,2026-06-28T08:39:08.545130+00:00,ok,17,6591984c12476cca7e86f9d267bac519bfc2cae0b9bcc2bd98122d667433f8c1,3.0
nemovelo,nemovelo,FR,2026-06-28T08:39:08.579630+00:00,ok,52,bd8c90f1c8d2bb390bf3165202fd6370f70d9bbc56a6766098197bf21402c15d,3.0
inurba-rouen,inurba-rouen,FR,2026-06-28T08:39:08.615778+00:00,ok,118,245b610a8d854204ce3d492b7d96a9f68156c7cb38bda407ced0a553c65f6f01,2.3
ogalo,ogalo,FR,2026-06-28T08:39:08.666195+00:00,ok,24,57f9d9304736470f6c576602f73eb34acc28ec2dc0a6f375c417581ec77a4957,3.0
nantes,nantes,FR,2026-06-28T08:39:08.701861+00:00,ok,123,1f3c5852d2f4d70d896cecdad403fe85f374862cd20e39659cb5c1341cd9e0f2,3.0
lime_lille,lime_lille,FR,2026-06-28T08:39:08.868807+00:00,ok,1,1a1ab314320f6c5b107f7d80dbcc9129cd96168bd09467c475eaa80512526614,2.2
lime_marseille,lime_marseille,FR,2026-06-28T08:39:09.223334+00:00,ok,1,929b77b886f8e8babd51e98278581360505e69d987d630b329055c378fd66a66,2.2
lime_paris,lime_paris,FR,2026-06-28T08:39:09.591839+00:00,ok,1,eb0fc07dd0157b60d7a277e82485dbbb03ce18315500e4b1b3234d8f8174962e,2.2
lime_nice,lime_nice,FR,2026-06-28T08:39:09.789512+00:00,ok,1,f84774d95e96dc1b946fecb2d8a02dc9b5ff72af2aafe4936bbde0e775343594,2.2
mp_OLORON,mp_OLORON,FR,2026-06-28T08:39:10.078585+00:00,ok,2,fab2b824a80fdd816e22f25bb7eb86ca160f0f2f608f93aec1c4467058cb60c2,3.0
mp_Opale,mp_Opale,FR,2026-06-28T08:39:10.111862+00:00,ok,4,dd81e61e1e9a6841491482d56c20a1d5fa5f9f378f15d9883b64ca5d364153d0,3.0
Optymo_Belfort_ALS,Optymo_Belfort_ALS,FR,2026-06-28T08:39:10.145618+00:00,ok,52,cfd22037015f04b9afe9c861c2f8cff162a57d6dbbfb40f1b7eb96c37304e327,2.3
Optymo_FR_Belfort,Optymo_FR_Belfort,FR,2026-06-28T08:39:10.660202+00:00,ok,32,f6155c3524931a91978531cad4758f3e9f5702d6d58833d841e8581242fecab5,2.2
knot_strasbourg,knot_strasbourg,FR,2026-06-28T08:39:10.945193+00:00,unreachable:GBFSFetchError,0,,
perivelo,perivelo,FR,2026-06-28T08:39:11.346851+00:00,ok,3,fc0cbbf44b0fa834f07b145c9724f02fd79f6a6c6832483f4109b5a2cf839340,3.0
pony_Basque_Country,pony_Basque_Country,FR,2026-06-28T08:39:11.383765+00:00,ok,540,691cf8d15eacfce35b48030e3ea8e2ee361a304934af233a3af602ef0e8fb223,3.0
pony_Bourges,pony_Bourges,FR,2026-06-28T08:39:11.426285+00:00,ok,376,71f3d364a539fe64fcec8919c613f992312f09ebdb4ae43c3f1e7929e7838c05,3.0
pony_Beauvais,pony_Beauvais,FR,2026-06-28T08:39:11.451773+00:00,ok,222,c00f149e5474f6026c37e8684122260a41bf23b995982b3da35eff486d2cdb25,3.0
pony_Angers,pony_Angers,FR,2026-06-28T08:39:11.476702+00:00,ok,1453,52f29ea5f0f1ffbfdf2cf978911abbe71534e8775dab08b672e4ad2d79756bf8,3.0
pony_Herouville,pony_Herouville,FR,2026-06-28T08:39:11.592937+00:00,ok,209,4f7f22426598d353d933591e3e41d1589a5ddf899eb941110801c213522eddb9,3.0
pony_Limoges,pony_Limoges,FR,2026-06-28T08:39:11.619800+00:00,ok,301,eeae7feddd41953d8f5ad1ffaff600c6bf660e58f2f5cb50579154daa05ab241,3.0
pony_Lorient,pony_Lorient,FR,2026-06-28T08:39:11.672995+00:00,ok,203,d31fe15c28dc300bb991c2b82c45febf7ab17400df9962bccbddc6c61994d558,3.0
mp_ARBRESLE,mp_ARBRESLE,FR,2026-06-28T08:39:11.723856+00:00,ok,4,4bbe7b70808e08174357fde0add6438544ee2976a4633d7258e382947d13f125,3.0
pony_Nice,pony_Nice,FR,2026-06-28T08:39:11.755823+00:00,ok,452,08b56452f3943b36732c7d26263c12274c61175bd6e1de94f25b4d61b8fb6ab8,3.0
pony_bordeaux,pony_bordeaux,FR,2026-06-28T08:39:11.786969+00:00,ok,3056,b2cd8397150edea81b83d244cb773f1d53b2c51dc77316feb0bf08ce4b42db7e,3.0
mp_COQUELICOT,mp_COQUELICOT,FR,2026-06-28T08:39:11.931773+00:00,ok,1,edfb5d8cec5c80a16250d947874c5d064d7f2790e7dc90e4869a8c8fa6db88eb,3.0
pony_Perpignan,pony_Perpignan,FR,2026-06-28T08:39:11.963195+00:00,ok,1041,95c5702888849c23604f5c880c22f8c79b7976c2514db6ccabac5e2ceee0a05c,3.0
pony_poitiers,pony_poitiers,FR,2026-06-28T08:39:12.036252+00:00,ok,401,067bf3f0f86c2a49f9afd28a8283eb144f1cc8af087ccfae3599d3b49b9a6cf8,3.0
pony_Evry,pony_Evry,FR,2026-06-28T08:39:12.100660+00:00,ok,214,73fbb19430596bfbf31643afe7dbfe56be0ce4ad0dcc8ecdcbd2ed7adda92034,3.0
rhoule,rhoule,FR,2026-06-28T08:39:12.127831+00:00,ok,2,0dee49123ac6980ad7bced395b7271499b102e17158c1f6dbce33b94a871ca2a,3.0
ti_velo,ti_velo,FR,2026-06-28T08:39:12.413581+00:00,ok,14,998d9ccfc122282db3fbcafa6d1c1afab0e684376c8b3b0e054a65ce82639587,2.2
rlvlib,rlvlib,FR,2026-06-28T08:39:12.440870+00:00,ok,15,69a9fb73eaae4c8280482d267e957d5f6c7aaf11e292cb98ff897cb5b639a28c,3.0
tempovelo,tempovelo,FR,2026-06-28T08:39:12.780290+00:00,ok,16,a8fc78f85c355cec4a856f0608439b9d33f73c97817aee7cc9c4203b19508c66,3.0
beb,beb,FR,2026-06-28T08:39:12.815170+00:00,ok,46,5d3edd29bff79ccef87c33b8040ec431ff29d776c43f17db99301fe5d34cb61a,3.0
twisto_velolib_caen,twisto_velolib_caen,FR,2026-06-28T08:39:12.851652+00:00,ok,76,1b7de48724fcb0b96e937f826337513d61b00ab99f44d14b04e9b018c88ca9f2,2.2
semo,semo,FR,2026-06-28T08:39:12.892700+00:00,ok,40,e76b17131dce23ecfa0d08f827d628a70d0803720c02f72f99dffaced43841ac,3.0
tlpmobilites,tlpmobilites,FR,2026-06-28T08:39:12.932809+00:00,ok,14,03eb35e0aebd7b55be4a0d39a2b43d40b1947f6cb930c054985cde8406ffe01f,3.0
mp_OSSAU,mp_OSSAU,FR,2026-06-28T08:39:12.972179+00:00,ok,3,6b55d4d8c79420204758d76deee909650fc0a35a49b8cb7810d8ede48691b5ff,3.0
mp_VASSIVIERE,mp_VASSIVIERE,FR,2026-06-28T08:39:13.006055+00:00,ok,1,e4f9b553bee1162c296c85a4ba2466f45a09a16181676bbab814018a7ba80b08,3.0
calais,calais,FR,2026-06-28T08:39:13.041178+00:00,ok,9,9c28cd1c379dbab2c0ff9325524521daf9b6fe210cb39bca0b413270db3477e8,3.0
velibeo,velibeo,FR,2026-06-28T08:39:13.080399+00:00,ok,26,2f0c342a053213d3f1a94e198266c7c9b04cf33ecb3004df728241d8b5ea7e90,3.0
velodaqui,velodaqui,FR,2026-06-28T08:39:13.121704+00:00,ok,6,bf7698cd7b6d38980f21b97a7e70dff2be7566fef5955c1c99891d39b708bab7,3.0
grand-est,grand-est,FR,2026-06-28T08:39:13.160131+00:00,ok,52,8bb2b63fe7fd7b10ee22584d962560191be96364e1a126ebb464778114315579,2.2
velo_modalis_angouleme,velo_modalis_angouleme,FR,2026-06-28T08:39:13.192300+00:00,ok,57,dedb293eb1dcf87287df424ad9809e1fce0d56da58b998d41ddc09dd33a2ff8b,2.2
tanlib,tanlib,FR,2026-06-28T08:39:13.297985+00:00,ok,58,6cd572a3da17c122b01e395a69fab323fb13e26720addd7d81f10d738079f20a,3.0
mp_LASCAUX,mp_LASCAUX,FR,2026-06-28T08:39:13.334374+00:00,ok,5,34fc122b027768341d3986734fe329183af462247f0219e67f48153ac6df886e,3.0
amiens,amiens,FR,2026-06-28T08:39:13.368470+00:00,ok,46,eaae04149f7b23c57f951cca7b285fd04dc1d9eac7bffa0817dc3650c0e15e34,3.0
v_lille,v_lille,FR,2026-06-28T08:39:13.505149+00:00,ok,268,ab10b0d5f5c4e102c5d1c03d2cb2b6f18c447774ac8aff1474b9c7af3b01be84,2.3
Paris,Paris,FR,2026-06-28T08:39:13.585142+00:00,ok,1517,c0aa1ba8058ab03a6f4c16787df339cb6520e6d11f9b85e85a3b3b1fce372ee6,2.x
saintbrieuc,saintbrieuc,FR,2026-06-28T08:39:13.697650+00:00,ok,12,90af77822f34d2e502637ec71c2bdd2f58040b0cf2fc58bed3b0c277d73c1996,2.2
velivert_saint_etienne,velivert_saint_etienne,FR,2026-06-28T08:39:13.727728+00:00,ok,97,00a5b80b08f0f36eed2ea238c428311ae42ce60a680825265b01783dce55584a,2.2
nextbike_ae,nextbike_ae,FR,2026-06-28T08:39:13.765514+00:00,ok,39,8162ff69cb54deb83be6f10fe7fdfbf714267347c788c42ecaae745a3cc93d3d,2.3
calais-velos,calais-velos,FR,2026-06-28T08:39:13.802329+00:00,ok,80,ef81cd1a81c4350ffb4da14af4df9eb4cb23eab26292647b918891c41d2b17d5,2.x
velocite,velocite,FR,2026-06-28T08:39:14.170272+00:00,ok,19,d51bfe713718c3952e225d40de09fab4f8c3b0682ebd240d0effbc7dd4eea3dd,3.0
velomoove_pompey,velomoove_pompey,FR,2026-06-28T08:39:16.366438+00:00,ok,28,fd547994a927858481cb51b67c530bcaeb129c81af52e7c2f4d8a0f8893c2dee,2.2
velo-modalis,velo-modalis,FR,2026-06-28T08:39:16.401190+00:00,ok,13,9fd3781f3a2fdf6ef92825ddb1d91217b8cbec81175f5f1d186776850eabcf7e,2.2
velonecy60minutes_annecy,velonecy60minutes_annecy,FR,2026-06-28T08:39:16.434680+00:00,ok,81,6dcbb4ef20ec36ef5ea5db16b96d3d350ac8fc6f45cf1e7f8bc9af9d7607ebe6,2.2
velopop,velopop,FR,2026-06-28T08:39:16.466207+00:00,ok,28,6c740798535854d7339ca62da555a0080a0bc42de260038bce45337a84a8b9b2,2.2
cergy,cergy,FR,2026-06-28T08:39:16.495827+00:00,ok,45,f86722273bbd0967433861946c8fe429e603156e64d115933279a99fe19f693a,3.0
velomagg_montpellier,velomagg_montpellier,FR,2026-06-28T08:39:16.540489+00:00,ok,52,586f31892fbc287d94f7173bfbccfb6035aa66cc849b4af1003e645651fa9cdf,2.2
lyon,lyon,FR,2026-06-28T08:39:16.571200+00:00,ok,465,facfe9b0f141e4ac4db58ca991279becafec69affc011f7281f558b33f26c9f0,3.0
besancon,besancon,FR,2026-06-28T08:39:16.691960+00:00,ok,34,81fd122c017395476c5acc8565df6fe8621167b069752c879b0b9d15edd92b33,3.0
nextbike_ah,nextbike_ah,FR,2026-06-28T08:39:16.738029+00:00,ok,49,f8f2f26a3d26db2c4f302835d61a9aed60b3bc644fb66be25c24627549e3eaa0,2.3
velozef,velozef,FR,2026-06-28T08:39:16.780247+00:00,ok,47,ac942b34bb0d82ae024938150421e03d9002a91690114892efc542c4221981c7,2.2
nextbike_af,nextbike_af,FR,2026-06-28T08:39:16.815935+00:00,ok,63,ba4416029a7233e765313916ba92a9319a4bffb630c7062887981d9b0c19e627,2.3
vilvolt_epinal,vilvolt_epinal,FR,2026-06-28T08:39:16.858522+00:00,ok,106,3ec6ce1473f4e7d9bb9037424edd291812ecf77d3ced65bda2a08465c544e2fc,2.2
vivelo,vivelo,FR,2026-06-28T08:39:16.911893+00:00,ok,8,0cb76faddd13933f95a8b41b6d43c8d0844fb68e642905535c7982f3d28880a5,2.2
velyceo,velyceo,FR,2026-06-28T08:39:16.945833+00:00,ok,5,b004dcf73bc4dacc1c1787160a33c1fb2db69d90af8b6f551dcad5c3b58b1206,3.0
vernouvelo,vernouvelo,FR,2026-06-28T08:39:16.986088+00:00,ok,1,f4d43ddd65770fecb48405ee44ef48356633c5f4f230a4193efacef6fd19d896,3.0
vertuose,vertuose,FR,2026-06-28T08:39:17.030366+00:00,ok,39,75e7d52bc5fe9d4f4b43b8d660f496539697459cddd6958d5e3d2bb9a09de30a,3.0
nancy,nancy,FR,2026-06-28T08:39:17.078005+00:00,ok,41,4bb108d3215655b945cf54cef25551fef25c3b559fd7a19915184f607f74c2c5,3.0
toulouse,toulouse,FR,2026-06-28T08:39:17.129970+00:00,ok,462,005d8da7bd1e2db4ff274e7164fda096ceb02180e8f592286632a27f439a4467,3.0
zebullo,zebullo,FR,2026-06-28T08:39:17.220939+00:00,ok,66,8a5c8aafbaeee0893434460689dd533028d5cf443656b1f3bdea4f05fcb261a6,3.0
voi_Grenoble,voi_Grenoble,FR,2026-06-28T08:39:17.263893+00:00,ok,708,bcba2434f144ed063c046688d24890abd2f97ff988e7049a72882e14b217bb26,2.3
voi_Le_Havre,voi_Le_Havre,FR,2026-06-28T08:39:17.383645+00:00,ok,463,8d04337afbd7ed945879e9e8bed9c35677acc4808e1024e00f7e7a7c6dba717c,2.3
voi_Paris,voi_Paris,FR,2026-06-28T08:39:17.468428+00:00,ok,12954,b613f8f80c96d4ccd6620ca363e3bf53408ce758ae119f4ab2b612c2475fd5b0,2.3
voi_Marseille,voi_Marseille,FR,2026-06-28T08:39:18.004082+00:00,ok,2549,af296af24e42aaa9938953e6125b6293228a5df8a09a1ffbb429786cede6785b,2.3
voi_SQY,voi_SQY,FR,2026-06-28T08:39:18.149198+00:00,ok,383,00a58ba28b57d9b331d4e9839595c9dbf7fce790e2971099d3d3557274435176,2.3
voi_V'Lônes,voi_V_Lônes,FR,2026-06-28T08:39:18.220735+00:00,ok,75,7935e968e7167b3b2191f1ea737785ec103eb779e4adf4961b47d2a6a9a4ec77,2.3
beryl_bradford,beryl_bradford,GB,2026-06-28T08:39:18.275954+00:00,ok,33,b95208db89e9fb1b1dcc5bf371f2ddfa421faeb110b0319c9b982c00758c73d3,2.2
beryl_bcp,beryl_bcp,GB,2026-06-28T08:39:18.505806+00:00,ok,400,ac5c0457f217bb09e7a9347723a6cd30d247f536667f83e9d59a214cc69bc535,2.2
beryl_cornwall,beryl_cornwall,GB,2026-06-28T08:39:18.537096+00:00,ok,101,9157a6b390257df975bc5cbf5590da8aaec0facb2ce48df07ca134eb442068f5,2.2
viavelo,viavelo,FR,2026-06-28T08:39:18.566674+00:00,ok,23,a4aea4bf26f468f414fd65019fa06f8cf15fbb5606abc3b64a7d3b9701fcb21c,3.0
beryl_eastleigh,beryl_eastleigh,GB,2026-06-28T08:39:18.858082+00:00,ok,13,02b2bd8a5af0987569f859e9f0d22b47df2bfc5369deb99f4e6d4a194dfe27be,2.2
beryl_greater_manchester,beryl_greater_manchester,GB,2026-06-28T08:39:18.883368+00:00,ok,286,1a6024868b987851a3e33e0ce2a7bebe37997589bfe6526e28ceac9daf548974,2.2
beryl_brighton,beryl_brighton,GB,2026-06-28T08:39:18.972725+00:00,ok,108,9ef7b2661828c182f6b243d77c29ae415baed8501864e9646007d4be808f0f5f,2.2
beryl_hertsmere,beryl_hertsmere,GB,2026-06-28T08:39:19.174245+00:00,ok,27,bdbc2e18c5e1039093e43bc58783c34154a56195c035a7d8bb5b6396945a7668,2.2
beryl_canterbury,beryl_canterbury,GB,2026-06-28T08:39:19.257510+00:00,ok,25,30007fa425682511de6d2c2525aa55563846ae190b57a73ef040c1761f499dcd,2.2
beryl_guildford,beryl_guildford,GB,2026-06-28T08:39:19.360273+00:00,ok,43,5dee531fbc712f5f0c9a4eabbfe15d6d406048c0439740089e7f570df77127b2,2.2
beryl_hereford,beryl_hereford,GB,2026-06-28T08:39:19.468203+00:00,ok,73,4e60e437a37a6503253a6670cdd883154dab317874a5f83d1935e41dc76fd3ff,2.2
beryl_leeds,beryl_leeds,GB,2026-06-28T08:39:19.548301+00:00,ok,101,215c6d1d72969e6459a27e197676bcb79dfb88a7b2220c00138edb20d25c5f2b,2.2
beryl_norwich,beryl_norwich,GB,2026-06-28T08:39:19.651136+00:00,ok,205,182618d48fffc7d31ba14709f14d9c87584c9ad0e2c211db40f946b3069fa0ad,2.2
beryl_isle_of_wight,beryl_isle_of_wight,GB,2026-06-28T08:39:19.893214+00:00,ok,88,c906f531da2a5a544a753ba3c8aad6c35b532d31c133c04d415b057f52ec7ab1,2.2
beryl_hackney_cargo_bike,beryl_hackney_cargo_bike,GB,2026-06-28T08:39:20.156300+00:00,ok,4,d7cfc6e9de86ba4b22497064974fe092032337a851a41bfe295fb8f1664dbf4b,2.2
beryl_stevenage,beryl_stevenage,GB,2026-06-28T08:39:21.281669+00:00,ok,47,90bdcf86911027a5066ec70884e43d5f1e42b09d7f2427c0ba75e34a40845421,2.2
beryl_watford,beryl_watford,GB,2026-06-28T08:39:21.399881+00:00,ok,97,45856956c8e39f66c185152006bf265ec1c2ab8911193625d73a7fa82bcefb22,2.2
beryl_wool,beryl_wool,GB,2026-06-28T08:39:21.560143+00:00,ok,7,c6f95f212280730af6103ecf66f9e4d5591ba77ea8967990bca777b844b2c475,2.2
beryl_west_midlands,beryl_west_midlands,GB,2026-06-28T08:39:21.695057+00:00,ok,257,4bb13b97aa427349474c2abb1fce2a18a48e08e4e049981ea895081acbe467fe,2.2
beryl_weymouth,beryl_weymouth,GB,2026-06-28T08:39:21.729424+00:00,ok,32,08dceba9bcc81e4ebddc43e2220481ab4dfb51d632392ee4ce7725ef8263cc10,2.2
beryl_plymouth,beryl_plymouth,GB,2026-06-28T08:39:21.877530+00:00,ok,133,424fc9e76f149faa848f072760c8afef9d59db65fa4279e5949ecc78065a78a6,2.2
beryl_southampton,beryl_southampton,GB,2026-06-28T08:39:21.903141+00:00,ok,105,5194be9cda7ac21dcfc201d970ccc37ea5caefbc2ce53ccb3f0e1e757146de93,2.2
beryl_portsmouth,beryl_portsmouth,GB,2026-06-28T08:39:21.981419+00:00,ok,104,d80f14a09d3a15456f38d740342d0213f89d14999f6fca61d225d37bca1f48eb,2.2
BoltEU_Liverpool,BoltEU_Liverpool,GB,2026-06-28T08:39:22.250080+00:00,ok,1527,655778bb603a6da15a7c5ff2ad77e64b1f3332f64cca7703d07aeef904f679d3,3.0
beryl_worcester,beryl_worcester,GB,2026-06-28T08:39:22.828372+00:00,ok,56,3379a4167fa702edf59efa47a3b834e8832b7527172135d5124d51923e1f846b,2.2
donkey_kingham,donkey_kingham,GB,2026-06-28T08:39:22.981914+00:00,empty,0,,
donkey_henley_on_thames,donkey_henley_on_thames,GB,2026-06-28T08:39:23.040349+00:00,empty,0,,
donkey_miltonpark,donkey_miltonpark,GB,2026-06-28T08:39:23.099970+00:00,empty,0,,
donkey_cirencester,donkey_cirencester,GB,2026-06-28T08:39:23.158652+00:00,ok,1,aa24dae11c209eeb20ca26315a9e2932537d268b731f76709cbfddc3cf9298c0,3.0
donkey_cheltenham_spa,donkey_cheltenham_spa,GB,2026-06-28T08:39:23.219102+00:00,empty,0,,
donkey_charlbury,donkey_charlbury,GB,2026-06-28T08:39:23.282976+00:00,empty,0,,
donkey_plymouth,donkey_plymouth,GB,2026-06-28T08:39:23.345552+00:00,empty,0,,
donkey_oxford,donkey_oxford,GB,2026-06-28T08:39:23.397122+00:00,ok,25,ceba4325eac7a2e13db4952f8fcdc77a13294c1bc9e03cd8a201ea582b261fb6,3.0
donkey_northleach,donkey_northleach,GB,2026-06-28T08:39:23.463715+00:00,empty,0,,
donkey_moreton_in_marsh,donkey_moreton_in_marsh,GB,2026-06-28T08:39:23.524055+00:00,empty,0,,
donkey_tetbury,donkey_tetbury,GB,2026-06-28T08:39:23.585798+00:00,empty,0,,
donkey_stroud,donkey_stroud,GB,2026-06-28T08:39:23.645088+00:00,empty,0,,
donkey_the_cotswold_water_park,donkey_the_cotswold_water_park,GB,2026-06-28T08:39:23.701534+00:00,empty,0,,
donkey_whichford,donkey_whichford,GB,2026-06-28T08:39:23.757164+00:00,empty,0,,
donkey_worthing,donkey_worthing,GB,2026-06-28T08:39:23.814731+00:00,ok,9,25f50ef3a1935a52349f0f830cb44ecfa5197fc8c801305ed7f9a1710c178581,3.0
dott-bath,dott-bath,GB,2026-06-28T08:39:23.879367+00:00,ok,230,9e7c304606512802a46bb3a08031b167148b03e9c58dfe2e1e9851b5061fe689,2.3
dott-brunel-university,dott-brunel-university,GB,2026-06-28T08:39:23.937195+00:00,ok,8,8e6e69305300e512148e4418c64754eb0e4454dfe68a86961059e17846e78bf6,2.3
dott-braintree,dott-braintree,GB,2026-06-28T08:39:23.990338+00:00,ok,4,a2e221a3e23b0a10c18c2e79c628e418200ea797b3cddd858a5cc4c377ab6948,2.3
dott-bristol,dott-bristol,GB,2026-06-28T08:39:24.024805+00:00,ok,1255,0e875e8694429c1ab0254dfaeff724256ebb5e7ceb070cbdf86666ea567fa094,2.3
dott-milton-keynes,dott-milton-keynes,GB,2026-06-28T08:39:24.130279+00:00,ok,1856,03096f5c06eac6fe26ca0160f2d31fb40ea036b22db42b117c8a305fe6deb37c,2.3
dott-chelmsford,dott-chelmsford,GB,2026-06-28T08:39:24.224399+00:00,ok,4,b024fe1d07a62945123facb7d0e880cde439659a68b2ac43566da58097f5d9ee,2.3
dott-colchester,dott-colchester,GB,2026-06-28T08:39:24.255103+00:00,ok,554,00c23613d598b1abd0ecb2b548370e2c9ef086b0cc60ab1e2e31a5c2638a09f6,2.3
dott-nottingham,dott-nottingham,GB,2026-06-28T08:39:24.314092+00:00,ok,389,d05d0105077c44e65d7ae09244780a92628ec2b8e9c21e680b8edfef224c87bf,2.3
zeus_cheltenham,zeus_cheltenham,GB,2026-06-28T08:39:24.377052+00:00,no_station_information:GBFSDiscoveryError,0,,
nextbike_uk,nextbike_uk,GB,2026-06-28T08:39:24.377806+00:00,ok,10,ac075f09cac9d5085742e13d658de42663068804f884903104a54fce936c1d30,2.3
zeus_gloucester,zeus_gloucester,GB,2026-06-28T08:39:24.413994+00:00,no_station_information:GBFSDiscoveryError,0,,
nextbike_ku,nextbike_ku,GB,2026-06-28T08:39:24.414610+00:00,unreachable:GBFSFetchError,0,,
nextbike_uu,nextbike_uu,GB,2026-06-28T08:39:24.415134+00:00,ok,8,5bac7c79a1b9c877592a63d58836ff126f23c3145f65258473b4d5c4664987b3,2.3
nextbike_we,nextbike_we,GB,2026-06-28T08:39:24.451100+00:00,ok,4,90c4a7df0d384164dc1dc6c94cab6ebcf4d795fb9073d13bc189a58fbe0f85f8,2.3
neuron_ncl,neuron_ncl,GB,2026-06-28T08:39:24.486811+00:00,unreachable:GBFSFetchError,0,,
zeus_yeovil,zeus_yeovil,GB,2026-06-28T08:39:25.430848+00:00,no_station_information:GBFSDiscoveryError,0,,
zeus_sunderland,zeus_sunderland,GB,2026-06-28T08:39:25.431900+00:00,no_station_information:GBFSDiscoveryError,0,,
dott-athens,dott-athens,GR,2026-06-28T08:39:25.432802+00:00,ok,10,1c72c985c5659407e1485ce855b0dadc9453018f946eb64fac3a944a2f7b1e0e,2.3
dott-thessaloniki,dott-thessaloniki,GR,2026-06-28T08:39:25.485518+00:00,ok,121,e05651495f6757b8b8228834d6950e60c605b32613a484a815bbd661835678f4,2.3
nextbike_gv,nextbike_gv,GR,2026-06-28T08:39:25.541307+00:00,ok,6,14f1cd05033c7cc306ee04014e9be5b55183a614705d19cfe43f01a46cc2328d,2.3
nextbike_gy,nextbike_gy,GR,2026-06-28T08:39:25.577104+00:00,ok,7,3a42757239a203e421921993ceb8af30312c83351970a9228cafbca82d55bc57,2.3
nextbike_gx,nextbike_gx,GR,2026-06-28T08:39:25.614808+00:00,ok,8,dffec9740dec52438c71ba875f2e6a0fdfce6de4deb40577cd766b2af40028ba,2.3
nextbike_gu,nextbike_gu,GR,2026-06-28T08:39:25.653093+00:00,ok,8,9849f7d35227c259af4d9320cb8342aaef02471829d8d05017da9a1342a07ca4,2.3
nextbike_ig,nextbike_ig,HR,2026-06-28T08:39:25.689812+00:00,ok,5,f0831e64b7bdb95eeeb333061ef273ff3096679775954c26524ede7c6d6a0ff2,2.3
nextbike_gk,nextbike_gk,HR,2026-06-28T08:39:25.726160+00:00,ok,15,74ee7751090a0140015ec69caf4e14d762018a50dd888bfa68e32b033093c273,2.3
nextbike_bc,nextbike_bc,HR,2026-06-28T08:39:25.763090+00:00,ok,11,874a6ee8d5b92ef953a454e5d3eb2f566721aab682746d3c76d5ecf4146e120e,2.3
nextbike_kc,nextbike_kc,HR,2026-06-28T08:39:25.799993+00:00,ok,13,170d4bb7c735557cd2fa2fbd8f0c5a3acae69879138da882f778b4f8bfd17339,2.3
nextbike_cs,nextbike_cs,HR,2026-06-28T08:39:25.838760+00:00,ok,5,4b13bd1a780bed5a049f64a5d9dd0cdd32997afae46454f3c3db5fb2280292aa,2.3
nextbike_sb,nextbike_sb,HR,2026-06-28T08:39:25.876112+00:00,ok,10,b3b9799d2cbaefe8f1b9e145bf83254c6293b6d0749c49f17c62196fe6719842,2.3
nextbike_gt,nextbike_gt,HR,2026-06-28T08:39:25.913439+00:00,ok,100,322d001eff93bb1ebf8ee50510bba04a2f9a445c167c14b6da73fadacbd593a4,2.3
nextbike_cg,nextbike_cg,HR,2026-06-28T08:39:25.955510+00:00,ok,4,04c6fdff34fec740ea86848c6e3844a8ec2bb304414b101f76bc9da21ede9abe,2.3
nextbike_se,nextbike_se,HR,2026-06-28T08:39:26.011792+00:00,ok,3,ad104f1763bb17f72fc70b6ff9e5474e3c7b2a13178437ee40531dfd62e1ef96,2.3
nextbike_cm,nextbike_cm,HR,2026-06-28T08:39:26.048141+00:00,ok,5,7b2b603a1c786bf6d5b7d1358ed8afa3c29d78d98da15ce04c31f486f3c8d349,2.3
nextbike_hd,nextbike_hd,HR,2026-06-28T08:39:26.088514+00:00,ok,196,ef22092725603e139d2da1f134535d061c8b5392e00f9fa12e98e59201a52ec3,2.3
nextbike_vu,nextbike_vu,HR,2026-06-28T08:39:26.130743+00:00,ok,2,4f76e8cdcdea657fc7dec20765db3b7d84d2e2054f3077616b3a11552fdd8440,2.3
nextbike_sg,nextbike_sg,HR,2026-06-28T08:39:26.167290+00:00,ok,7,6bdc91c01234797904a44d24d55a602099b6cbd6fd9a75c3cd8be5ccaa047d8a,2.3
nextbike_zd,nextbike_zd,HR,2026-06-28T08:39:26.206249+00:00,ok,8,350d3a312ed71cf10d11ab82d4a313702f3b360a7b7f6e40f16f6d9806735be5,2.3
nextbike_gd,nextbike_gd,HR,2026-06-28T08:39:26.249876+00:00,ok,6,85c7f574d7d55b07cfc3c1c0caaaf89e5a1f222f92b74832b89679237faaafe3,2.3
nextbike_ol,nextbike_ol,HR,2026-06-28T08:39:26.293217+00:00,ok,2,95d870dc68a4e27aec698013b21f3c0836deb3d9a8baf3b7c338bb23bd2ed97d,2.3
nextbike_cj,nextbike_cj,HR,2026-06-28T08:39:26.330583+00:00,ok,1,275a7ebf13a339675c29c9bc5ebbb4488fda67c53c70c81f752f115d8af687ca,2.3
nextbike_hr,nextbike_hr,HR,2026-06-28T08:39:26.368148+00:00,ok,20,63345b5233dc4cb58d082715bcff837dde628d9871513fbcf6bf0fd460fe7e22,2.3
nextbike_em,nextbike_em,HR,2026-06-28T08:39:26.405233+00:00,ok,27,621a1dfb2638cc9a270460a2c5aab1d8a20038c010c455904ac8590daf3d748e,2.3
nextbike_br,nextbike_br,HR,2026-06-28T08:39:26.443325+00:00,ok,2,dfe8cfa88a82ee91e27c85196c1118304307f725d43678461e3402a60f684654,2.3
nextbike_cv,nextbike_cv,HR,2026-06-28T08:39:26.479735+00:00,ok,6,49a49182ec53f44360e598c9e8b435eacf2cfdbfc6f6c24965a21844f7599112,2.3
dott-dunaujvaros,dott-dunaujvaros,HU,2026-06-28T08:39:26.516443+00:00,ok,23,44728729fc6e2d0dc9c460d9f8f4cd6108f9269cec8519d1a21b094f9c32495b,2.3
dott-budapest,dott-budapest,HU,2026-06-28T08:39:26.567103+00:00,ok,971,387e52bf4a78d1bc5ac9abd39dbd1c39fbc30fa90b178c0a6844bf586281639a,2.3
dott-siofok,dott-siofok,HU,2026-06-28T08:39:26.659924+00:00,ok,52,90db7344fe179f03ab5fe55f31af1b27f07d16e1db751b920b2a48c6f42f06f0,2.3
dott-godollo,dott-godollo,HU,2026-06-28T08:39:26.710497+00:00,ok,80,22bb33c6ffbed237cbaf836e64c60c67700bf5e7531ad60321336034fca192ca,2.3
dott-hatvan,dott-hatvan,HU,2026-06-28T08:39:26.761498+00:00,ok,32,92144707e445b774550b4b18365912a7e63e0cd97779f278a1cd6c2218e8991e,2.3
dott-gyor,dott-gyor,HU,2026-06-28T08:39:26.812190+00:00,ok,229,ed67a175b142fc9b943f25c246b46112116b8907e2df701ae5b759d7ba82b31c,2.3
dott-papa,dott-papa,HU,2026-06-28T08:39:26.869901+00:00,ok,50,de508035a0bb5ccb8762b04a95323f6b422876f9d81125f4c1a5358c70f058d5,2.3
dott-miskolc,dott-miskolc,HU,2026-06-28T08:39:26.918454+00:00,unreachable:GBFSFetchError,0,,
donkey_budapest,donkey_budapest,HU,2026-06-28T08:39:26.918981+00:00,ok,97,edf03889c30dd725d92e04633aee73984730b1a1f9781d236abd572a79af30fe,3.0
beryl_belfast,beryl_belfast,IE,2026-06-28T08:39:26.976288+00:00,ok,62,d34df019f52762219164a7023824d3e48c494df2dd3062a9f8242e054bffc8ed,2.2
e6cb78c4-5ba5-4414-a2a2-bbf1ed91f76c,e6cb78c4-5ba5-4414-a2a2-bbf1ed91f76c,IE,2026-06-28T08:39:27.145605+00:00,unreachable:GBFSFetchError,0,,
dott-tel-aviv,dott-tel-aviv,IL,2026-06-28T08:39:28.058052+00:00,ok,1606,0daae2c56e2055acf904564609d1a961bec74f5b40d75b9dfacd9a1fb817abcb,2.3
dublin,dublin,IE,2026-06-28T08:39:28.181684+00:00,ok,117,4db18b536ed1a7245d0b95907d6dcec368647f9ca4579f427ddbdad92d31b8b5,3.0
mobymoby_dublin,mobymoby_dublin,IE,2026-06-28T08:39:28.342676+00:00,empty,0,,
donkey_reykjavik,donkey_reykjavik,IS,2026-06-28T08:39:28.455454+00:00,ok,1,a81dbada5eb3627a7cd44f0d92558633c5ec78e519a3f620eb04eb48bc1bfce5,3.0
dott-herzliya,dott-herzliya,IL,2026-06-28T08:39:28.593970+00:00,ok,4,17728b6e0e2e7d1bfeee18f4360c3ebe178f6fb1287fc6b062a200b8f1d923e2,2.3
bird-tel-aviv,bird-tel-aviv,IL,2026-06-28T08:39:28.623035+00:00,empty,0,,
bird-florence,bird-florence,IT,2026-06-28T08:39:28.874480+00:00,empty,0,,
lime_tel_aviv,lime_tel_aviv,IL,2026-06-28T08:39:29.122250+00:00,ok,1,3e5b463575b4a00830ec27ffb0e4035291f7a16379811138d6390675d335033d,2.2
bird-rome,bird-rome,IT,2026-06-28T08:39:29.312785+00:00,empty,0,,
dott-arezzo,dott-arezzo,IT,2026-06-28T08:39:29.528883+00:00,ok,67,233f7b190d25447e49a80450c080137646d53f3ec5dc64d48bcc88ebfbd0b464,2.3
dott-bari,dott-bari,IT,2026-06-28T08:39:29.578325+00:00,ok,61,501a55e4429661d9400f25d74649937729ae42ecc807bbce57ac262bdf6ad7e1,2.3
dott-catania,dott-catania,IT,2026-06-28T08:39:29.637099+00:00,ok,7,f520dd848b282f7a99247c9e54f43f5e52ab5bfa4a3b70e55c69982aa28c99fa,2.3
dott-ferrara,dott-ferrara,IT,2026-06-28T08:39:29.686067+00:00,ok,258,22c278a4c9567995baa292959a46864065ec406a13cd500527fdb2341b4c6072,2.3
dott-bergamo,dott-bergamo,IT,2026-06-28T08:39:29.743212+00:00,ok,745,a702f61f5d672bbb3e78796de5b3e6b2f2620a46e18cb9b72c91575caba9623e,2.3
dott-cagliari,dott-cagliari,IT,2026-06-28T08:39:29.812635+00:00,ok,231,9fb76cd9f5d738fd9f3b6f83c2582a8163878df02a0eaf1aa7bcdc54bd373a21,2.3
dott-jesolo,dott-jesolo,IT,2026-06-28T08:39:29.866398+00:00,ok,100,598889224de79b7af9c92a16cfcbb6fe33d30985cf656a39a2dc419fe8c23a20,2.3
dott-monza,dott-monza,IT,2026-06-28T08:39:29.918025+00:00,ok,235,a48f1c4343e27e35b7782740dcba0b885825892dbc9ca4370a2749787934be26,2.3
dott-modena,dott-modena,IT,2026-06-28T08:39:29.982659+00:00,empty,0,,
bird-milan,bird-milan,IT,2026-06-28T08:39:30.028315+00:00,empty,0,,
dott-milan,dott-milan,IT,2026-06-28T08:39:30.351923+00:00,ok,11200,d1e02569360caa43e6500714811d6ab4c120a6d92aef2225973cb786b556a32c,2.3
turin,turin,IT,2026-06-28T08:39:30.602738+00:00,no_station_information:GBFSDiscoveryError,0,,
amicarnapoli,amicarnapoli,IT,2026-06-28T08:39:30.603988+00:00,unreachable:GBFSFetchError,0,,
dott-palermo,dott-palermo,IT,2026-06-28T08:39:30.604552+00:00,ok,54,327ff5a3710183c14fe8b200bf24246413a986504fe0e9fcf8ee63b0242ab1af,2.3
dott-rome,dott-rome,IT,2026-06-28T08:39:30.651232+00:00,ok,86,afe9f328ee1a66456a4f9e04f7efac1ba360d049b64f66b287a8a5625e1a8091,2.3
dott-padua,dott-padua,IT,2026-06-28T08:39:30.699305+00:00,ok,128,fee1e1a5b6807a6e61c456f002234db6c8742956089771761cbd058466d8b3d2,2.3
dott-trento,dott-trento,IT,2026-06-28T08:39:30.753678+00:00,ok,1179,778d55032bd372484de5674d730d0b6b5c157b91e59ba27a3fdde77d88dba6dc,2.3
bird-israel,bird-israel,IL,2026-06-28T08:39:30.818843+00:00,empty,0,,
dott-varese,dott-varese,IT,2026-06-28T08:39:31.089139+00:00,ok,153,eaf285274d021ad44b74a2b7d83cd2c35b282ee3a7578285bac186847dffe938,2.3
dott-verona,dott-verona,IT,2026-06-28T08:39:31.141133+00:00,ok,1817,0f7152a399628ef0f006aafbfa0f3d9e7bda5c08d0dfbc24dbbe0744f64f46f2,2.3
dott-lecco,dott-lecco,IT,2026-06-28T08:39:31.215250+00:00,ok,4,ec07f90e96571ec9ccb0fc5eeee7545f2ee62f8d05bca6a08dfb20febbe32ca4,2.3
dott-reggio-emilia,dott-reggio-emilia,IT,2026-06-28T08:39:31.242808+00:00,ok,2,76374826488118b628ea44c3fba90cd99e366948eed00c28b1a3086d651667a7,2.3
dott-turin,dott-turin,IT,2026-06-28T08:39:31.288552+00:00,ok,2266,22f2358535f6797cddbd644c03282db74cd913d05d5b09a950ffcaf84da1767d,2.3
lime_bari,lime_bari,IT,2026-06-28T08:39:31.372534+00:00,ok,1,34f4ad289e5854cba9b2c9d80921f470e9066047a92dd019d1a7c630c458992a,2.2
nextbike_fa,nextbike_fa,IT,2026-06-28T08:39:31.578668+00:00,ok,25,e51398d068f05eb975c15c12bf43812f97b6a728cb6fcf3c93ad639c7a55a413,2.3
milan-bikemi,milan-bikemi,IT,2026-06-28T08:39:31.617371+00:00,ok,319,0a670a3a9fdc26e3abdc8eb3e607c6f7d8ee972f4b7b7bed9b3bc9368d76f1a8,2.3
verona-bike,verona-bike,IT,2026-06-28T08:39:31.696364+00:00,ok,40,9b3c22ac5a6e87d3615cbc2ac486d9f8182f23f048aa17b7ffd415f1f2d42049,2.3
zeus_anzio,zeus_anzio,IT,2026-06-28T08:39:31.733897+00:00,no_station_information:GBFSDiscoveryError,0,,
nextbike_ib,nextbike_ib,IT,2026-06-28T08:39:31.734979+00:00,ok,76,8de80efb34c2ae5efed8ed87aef7102d98ce0e91faa4686ac26edd0784b1fb50,2.3
nextbike_wh,nextbike_wh,IT,2026-06-28T08:39:31.773193+00:00,ok,3,6999184e2c791767765ac040c8517f0058b5f1941d70e0905e6ca68e16015d9d,2.3
lime_naples,lime_naples,IT,2026-06-28T08:39:31.809263+00:00,ok,1,3d179f133d9a05f320e8e307dc522ed5fbe39e0906629f7b74ce7748a29964a5,2.2
zeus_mazara,zeus_mazara,IT,2026-06-28T08:39:35.344388+00:00,no_station_information:GBFSDiscoveryError,0,,
zeus_augusta,zeus_augusta,IT,2026-06-28T08:39:35.345233+00:00,no_station_information:GBFSDiscoveryError,0,,
toyama,toyama,JP,2026-06-28T08:39:35.345938+00:00,ok,26,a53c07f8e047465c96594333929496d75065384f45f26c39287580b69aaa2bf1,3.0
luxembourg,luxembourg,LU,2026-06-28T08:39:35.392992+00:00,ok,146,b0494147d50177b1f43169305a59b092c1157a6c77e7ccd2685340ffff8c9014,3.0
liemobil_liechtenstein,liemobil_liechtenstein,LI,2026-06-28T08:39:35.472424+00:00,ok,36,818b227627bda5ccd7bc6665c8928fd0c97e50c5761dcba531559f19bdfdaed4,3.0
vilnius,vilnius,LT,2026-06-28T08:39:35.512221+00:00,ok,36,5fa190f896b2c30d38773ac103e17e8d59f1a1a4b72ad0c5f320ad0cb0246abb,3.0
donkey_li,donkey_li,LI,2026-06-28T08:39:35.557194+00:00,ok,7,7042c301fbc21a62f2d4a5f529d14ee01f185e454d7be47fd8e864a1a23f9302,3.0
nextbike_lv,nextbike_lv,LV,2026-06-28T08:39:35.617032+00:00,ok,44,3b26ed577f5ef03fcd17dae03be4b58f299d991f9da80ba926201bb875c317ff,2.3
mona_bike,mona_bike,MC,2026-06-28T08:39:35.653480+00:00,ok,58,ad985536847a291674fa85847169df7c254965139d04c12daf5d90a3e99efebf,3.0
zeus_kuala lumpur,zeus_kuala_lumpur,MY,2026-06-28T08:39:35.688724+00:00,no_station_information:GBFSDiscoveryError,0,,
check_amersfoort,check_amersfoort,NL,2026-06-28T08:39:35.689642+00:00,no_station_information:GBFSDiscoveryError,0,,
check_almere,check_almere,NL,2026-06-28T08:39:35.690458+00:00,no_station_information:GBFSDiscoveryError,0,,
check_amsterdam,check_amsterdam,NL,2026-06-28T08:39:35.691297+00:00,no_station_information:GBFSDiscoveryError,0,,
check_breda,check_breda,NL,2026-06-28T08:39:35.692271+00:00,no_station_information:GBFSDiscoveryError,0,,
check_delft,check_delft,NL,2026-06-28T08:39:35.693144+00:00,no_station_information:GBFSDiscoveryError,0,,
check_denbosch,check_denbosch,NL,2026-06-28T08:39:35.693952+00:00,no_station_information:GBFSDiscoveryError,0,,
check_denhaag,check_denhaag,NL,2026-06-28T08:39:35.694734+00:00,no_station_information:GBFSDiscoveryError,0,,
check_eindhoven,check_eindhoven,NL,2026-06-28T08:39:35.695528+00:00,no_station_information:GBFSDiscoveryError,0,,
check_groningen,check_groningen,NL,2026-06-28T08:39:35.696338+00:00,no_station_information:GBFSDiscoveryError,0,,
check_haarlem,check_haarlem,NL,2026-06-28T08:39:35.697218+00:00,no_station_information:GBFSDiscoveryError,0,,
check_hilversum,check_hilversum,NL,2026-06-28T08:39:35.698125+00:00,no_station_information:GBFSDiscoveryError,0,,
check_lansingerland,check_lansingerland,NL,2026-06-28T08:39:35.699040+00:00,no_station_information:GBFSDiscoveryError,0,,
check_leeuwarden,check_leeuwarden,NL,2026-06-28T08:39:35.699921+00:00,no_station_information:GBFSDiscoveryError,0,,
check_nijmegen,check_nijmegen,NL,2026-06-28T08:39:35.700570+00:00,no_station_information:GBFSDiscoveryError,0,,
check_rijswijk,check_rijswijk,NL,2026-06-28T08:39:35.701069+00:00,no_station_information:GBFSDiscoveryError,0,,
check_rotterdam,check_rotterdam,NL,2026-06-28T08:39:35.701569+00:00,no_station_information:GBFSDiscoveryError,0,,
mibici_guadalajara,mibici_guadalajara,MX,2026-06-28T08:39:35.702027+00:00,ok,427,320c83fa73b7f1dd01a77358eda32623467b946a3e1e360e52bd2099a9be5bbc,3.0
check_schiedam,check_schiedam,NL,2026-06-28T08:39:36.035062+00:00,no_station_information:GBFSDiscoveryError,0,,
check_tilburg,check_tilburg,NL,2026-06-28T08:39:36.035644+00:00,no_station_information:GBFSDiscoveryError,0,,
check_zwolle,check_zwolle,NL,2026-06-28T08:39:36.036096+00:00,no_station_information:GBFSDiscoveryError,0,,
check_voorburg,check_voorburg,NL,2026-06-28T08:39:36.036540+00:00,no_station_information:GBFSDiscoveryError,0,,
MEX,MEX,MX,2026-06-28T08:39:36.036952+00:00,ok,681,6266af99e5f3f11602881725dc74fe9af94da9025501446d411c56078787ab0d,2.x
check_vlaardingen,check_vlaardingen,NL,2026-06-28T08:39:37.020579+00:00,no_station_information:GBFSDiscoveryError,0,,
donkey_am,donkey_am,NL,2026-06-28T08:39:37.021353+00:00,ok,33,fe0403a8acdbf6a22dae27f61c20b8f092f9516e672b830e582cc807b8226485,3.0
CKL,CKL,NL,2026-06-28T08:39:37.084471+00:00,ok,14,3c43069d8ddaee6069db3d93251caec7ad8e23b54e0491a164246949607adbcb,2.1
donkey_den_haag,donkey_den_haag,NL,2026-06-28T08:39:37.120589+00:00,ok,681,fe1cd03da1d828b9ce177920ed03a831064a31c3b6fbf7a8dec771d7c799da41,3.0
docomo-cycle-tokyo,docomo-cycle-tokyo,JP,2026-06-28T08:39:37.239705+00:00,ok,1864,2896d475c0699aa9f4b4d37d5578cc2c7cb20272a0a3f734e9913defdd7be825,2.3
docomo-cycle,docomo-cycle,JP,2026-06-28T08:39:39.090210+00:00,ok,5968,d34d4df8acc17d383b054549e1fd8778f8c0928fb10d37ef9c9f58ef42a2b063,2.3
hellocycling,hellocycling,JP,2026-06-28T08:39:40.110372+00:00,ok,14529,57ca4d46ab4aec796f423e5d03ee167d6098ffb42d5d2885aebac7fc58be8e8a,2.3
kotobike,kotobike,JP,2026-06-28T08:39:42.366838+00:00,unreachable:GBFSFetchError,0,,
donkey_gorinchem,donkey_gorinchem,NL,2026-06-28T08:39:46.174777+00:00,ok,298,00976379d7283dbcbe9d445095a52e660ed80065f59d59f4840eae519f4f9774,3.0
donkey_qbuzz,donkey_qbuzz,NL,2026-06-28T08:39:46.237985+00:00,ok,190,371a85d9a2fb110beafc588c339149187341b34376e57d5d0b35b369c40089ea,3.0
donkey_dordrecht,donkey_dordrecht,NL,2026-06-28T08:39:46.305345+00:00,ok,190,774cb875cb965e3a6f44abc7d444c483c2c8b149e146dadeb907219165b51292,3.0
donkey_ut,donkey_ut,NL,2026-06-28T08:39:46.375237+00:00,ok,25,6e39f9980254fd2cdf82010f777a8594c504ced0485dc72e98e4cd6e5d3dc828,3.0
donkey_rotterdam_den_haag,donkey_rotterdam_den_haag,NL,2026-06-28T08:39:46.446482+00:00,ok,4,21f7648f3e30add73c03cd102908bd672d672bb270816fbdf4977fa17dbb955d,3.0
donkey_rivierenland,donkey_rivierenland,NL,2026-06-28T08:39:46.500044+00:00,ok,3,fecbea88007960f03a90a53d5358d703ba64a3375c8a8d7bbaac47bba1e3b8e1,3.0
donkey_katwijk,donkey_katwijk,NL,2026-06-28T08:39:46.575281+00:00,ok,384,77d5ae355ded71d08a7b1d795ab85bd14562ca9fc8b90cf3d1ba3fc6b35c35a4,3.0
donkey_rt,donkey_rt,NL,2026-06-28T08:39:46.650942+00:00,ok,4,aeba71388463c21c89ec02d273def11bbf679aa569f47bdbd597982747b32036,3.0
donkey_utrechtse_heuvelrug,donkey_utrechtse_heuvelrug,NL,2026-06-28T08:39:46.712286+00:00,empty,0,,
dott-utrecht,dott-utrecht,NL,2026-06-28T08:39:46.769958+00:00,ok,4,5af00eb6d4010c082b790978d55a6f3d576677f9f8b8dfd1732a647c500cc770,2.3
dott-veldhoven,dott-veldhoven,NL,2026-06-28T08:39:46.803348+00:00,ok,25,3884e76e7a11a89334532f2aa5e25c1bca37d5675f5062d7194256480f97adb9,2.3
dott-eindhoven,dott-eindhoven,NL,2026-06-28T08:39:46.857458+00:00,ok,118,3bb3564c91b1d7dfed710b3ea8b474dff3123ccf8cb16e3a5c63aabca92eb587,2.3
cooltra_amsterdam,cooltra_amsterdam,NL,2026-06-28T08:39:46.909187+00:00,no_station_information:GBFSDiscoveryError,0,,
cooltra_breda,cooltra_breda,NL,2026-06-28T08:39:46.909907+00:00,unreachable:GBFSFetchError,0,,
cooltra_arnhem,cooltra_arnhem,NL,2026-06-28T08:39:46.910351+00:00,unreachable:GBFSFetchError,0,,
cooltra_delft,cooltra_delft,NL,2026-06-28T08:39:46.910853+00:00,no_station_information:GBFSDiscoveryError,0,,
cooltra_den_bosch,cooltra_den_bosch,NL,2026-06-28T08:39:46.911442+00:00,unreachable:GBFSFetchError,0,,
cooltra_eindhoven,cooltra_eindhoven,NL,2026-06-28T08:39:46.911923+00:00,no_station_information:GBFSDiscoveryError,0,,
cooltra_enschede,cooltra_enschede,NL,2026-06-28T08:39:46.912407+00:00,unreachable:GBFSFetchError,0,,
cooltra_nijmegen,cooltra_nijmegen,NL,2026-06-28T08:39:46.912891+00:00,no_station_information:GBFSDiscoveryError,0,,
cooltra_the_hague,cooltra_the_hague,NL,2026-06-28T08:39:46.913445+00:00,no_station_information:GBFSDiscoveryError,0,,
cooltra_tilburg,cooltra_tilburg,NL,2026-06-28T08:39:46.914000+00:00,unreachable:GBFSFetchError,0,,
cooltra_zwolle,cooltra_zwolle,NL,2026-06-28T08:39:46.914613+00:00,unreachable:GBFSFetchError,0,,
cooltra_haarlem,cooltra_haarlem,NL,2026-06-28T08:39:46.915079+00:00,no_station_information:GBFSDiscoveryError,0,,
cooltra_groningen,cooltra_groningen,NL,2026-06-28T08:39:46.915473+00:00,unreachable:GBFSFetchError,0,,
cooltra_rotterdam,cooltra_rotterdam,NL,2026-06-28T08:39:46.915853+00:00,no_station_information:GBFSDiscoveryError,0,,
bergen-city-bike,bergen-city-bike,NO,2026-06-28T08:39:46.916247+00:00,ok,98,94ff9f3d837412e195f7a09355ed8e3d163297a6c2b57ace6ba56795c9815f43,2.3
ns_ov_fiets,ns_ov_fiets,NL,2026-06-28T08:39:46.969576+00:00,ok,292,c2c4295267a60b7bfaf0f9905d3d51a41094a1a34733bb7b1140fc9f34378f67,2.x
goabout,goabout,NL,2026-06-28T08:39:47.046033+00:00,ok,44,088f9d4d4112eaca07a20166b222367d87413fc3d60c737a26ae5d86419a213b,2.0
boltbergen,boltbergen,NO,2026-06-28T08:39:47.437066+00:00,unreachable:GBFSFetchError,0,,
boltdrammen,boltdrammen,NO,2026-06-28T08:39:47.437921+00:00,no_station_information:GBFSDiscoveryError,0,,
boltkristiansand,boltkristiansand,NO,2026-06-28T08:39:47.438567+00:00,unreachable:GBFSFetchError,0,,
lillestrom,lillestrom,NO,2026-06-28T08:39:47.439136+00:00,ok,7,c6ec1857aca42196bde03ce493585007104b075f219fdc9c56e5840197c18b08,3.0
boltfredrikstad,boltfredrikstad,NO,2026-06-28T08:39:47.563448+00:00,no_station_information:GBFSDiscoveryError,0,,
boltsarpsborg,boltsarpsborg,NO,2026-06-28T08:39:47.563900+00:00,no_station_information:GBFSDiscoveryError,0,,
boltoslo,boltoslo,NO,2026-06-28T08:39:47.564305+00:00,unreachable:GBFSFetchError,0,,
boltlillestrom,boltlillestrom,NO,2026-06-28T08:39:47.564729+00:00,unreachable:GBFSFetchError,0,,
boltgjovik,boltgjovik,NO,2026-06-28T08:39:47.565086+00:00,no_station_information:GBFSDiscoveryError,0,,
bolthamar,bolthamar,NO,2026-06-28T08:39:47.565616+00:00,no_station_information:GBFSDiscoveryError,0,,
boltlillehammer,boltlillehammer,NO,2026-06-28T08:39:47.566418+00:00,unreachable:GBFSFetchError,0,,
dott-asker,dott-asker,NO,2026-06-28T08:39:48.354894+00:00,ok,4,ee154c6ebf0294aa3a1886fe399f25ab6a49c2d3ddaba0789178e0ce42d79e0f,2.3
dott-drammen,dott-drammen,NO,2026-06-28T08:39:48.379725+00:00,unreachable:GBFSFetchError,0,,
dott-bodø,dott-bodø,NO,2026-06-28T08:39:48.380129+00:00,ok,4,05482a7c676ef1b4dd5bc4557b01fc76fb3620f6b56c84782c950f2edc726ab3,2.3
dott-malvik,dott-malvik,NO,2026-06-28T08:39:48.403542+00:00,ok,7,36380be2bbce1d8acf40363d3a1054898e7ed34637790f382620c93594e351bd,2.3
dott-as,dott-as,NO,2026-06-28T08:39:48.444630+00:00,ok,4,07a4be75b4db42db19a59fb84694a77d898e005fdd78c0fbcf9380f90759328a,2.3
dott-melhus,dott-melhus,NO,2026-06-28T08:39:48.465767+00:00,ok,10,7805f1cfa0eb6b322c9a742aa9c009e4c21175ed121084d01e87ff9fc177c2f6,2.3
dott-sandefjord,dott-sandefjord,NO,2026-06-28T08:39:48.508484+00:00,ok,4,dcc4e3d4784d936229dcd9dda3e8e6e3ec77bfeb999a89c847715ab63ff2e5fd,2.3
dott-lillestrøm,dott-lillestrøm,NO,2026-06-28T08:39:48.531061+00:00,ok,4,7a50998cede4029267d9a6620ff22a45d09af56085024c850cedc820cbf823ac,2.3
dott-stjørdal,dott-stjørdal,NO,2026-06-28T08:39:48.553560+00:00,ok,30,de5f0243597e5d206f66416268f3da049aa7982aa2d397bc64fbb41788b9111f,2.3
dott-trondheim,dott-trondheim,NO,2026-06-28T08:39:48.593940+00:00,ok,137,a60ea026fe6ebad44fa4cce9657acc44e0adfe8a3ff03182db084b1beecbacfe,2.3
dott-ullensaker,dott-ullensaker,NO,2026-06-28T08:39:48.639498+00:00,ok,4,21713fab13e606c777ac135c1ca692118e3b49abc8fa1fccdd08b292a5a73935,2.3
fartebysykkel,fartebysykkel,NO,2026-06-28T08:39:48.661330+00:00,no_station_information:GBFSFetchError,0,,
getaround_alesund,getaround_alesund,NO,2026-06-28T08:39:51.809858+00:00,no_station_information:GBFSDiscoveryError,0,,
getaround_arendal,getaround_arendal,NO,2026-06-28T08:39:51.811109+00:00,no_station_information:GBFSDiscoveryError,0,,
getaround_bergen,getaround_bergen,NO,2026-06-28T08:39:51.812123+00:00,no_station_information:GBFSDiscoveryError,0,,
getaround_asker,getaround_asker,NO,2026-06-28T08:39:51.813137+00:00,no_station_information:GBFSDiscoveryError,0,,
getaround_alta,getaround_alta,NO,2026-06-28T08:39:51.814123+00:00,no_station_information:GBFSDiscoveryError,0,,
getaround_bodo,getaround_bodo,NO,2026-06-28T08:39:51.815026+00:00,no_station_information:GBFSDiscoveryError,0,,
getaround_baerum,getaround_baerum,NO,2026-06-28T08:39:51.815943+00:00,no_station_information:GBFSDiscoveryError,0,,
getaround_drammen,getaround_drammen,NO,2026-06-28T08:39:51.816844+00:00,no_station_information:GBFSDiscoveryError,0,,
getaround_fredrikstad,getaround_fredrikstad,NO,2026-06-28T08:39:51.817739+00:00,no_station_information:GBFSDiscoveryError,0,,
getaround_evenes,getaround_evenes,NO,2026-06-28T08:39:51.818659+00:00,no_station_information:GBFSDiscoveryError,0,,
getaround_gardermoen,getaround_gardermoen,NO,2026-06-28T08:39:51.819520+00:00,no_station_information:GBFSDiscoveryError,0,,
getaround_harstad,getaround_harstad,NO,2026-06-28T08:39:51.820474+00:00,no_station_information:GBFSDiscoveryError,0,,
getaround_kristiansand,getaround_kristiansand,NO,2026-06-28T08:39:51.821629+00:00,no_station_information:GBFSDiscoveryError,0,,
getaround_leknes,getaround_leknes,NO,2026-06-28T08:39:51.822631+00:00,no_station_information:GBFSDiscoveryError,0,,
getaround_kirkenes,getaround_kirkenes,NO,2026-06-28T08:39:51.823608+00:00,no_station_information:GBFSDiscoveryError,0,,
getaround_lillehammer,getaround_lillehammer,NO,2026-06-28T08:39:51.824512+00:00,no_station_information:GBFSDiscoveryError,0,,
getaround_lillestrom,getaround_lillestrom,NO,2026-06-28T08:39:51.825366+00:00,no_station_information:GBFSDiscoveryError,0,,
getaround_lorenskog,getaround_lorenskog,NO,2026-06-28T08:39:51.826248+00:00,no_station_information:GBFSDiscoveryError,0,,
getaround_moss,getaround_moss,NO,2026-06-28T08:39:51.827172+00:00,no_station_information:GBFSDiscoveryError,0,,
getaround_narvik,getaround_narvik,NO,2026-06-28T08:39:51.828154+00:00,no_station_information:GBFSDiscoveryError,0,,
getaround_molde,getaround_molde,NO,2026-06-28T08:39:51.829126+00:00,no_station_information:GBFSDiscoveryError,0,,
getaround_nesodden,getaround_nesodden,NO,2026-06-28T08:39:51.830090+00:00,no_station_information:GBFSDiscoveryError,0,,
getaround_oslo,getaround_oslo,NO,2026-06-28T08:39:51.831094+00:00,no_station_information:GBFSDiscoveryError,0,,
getaround_porsgrunn,getaround_porsgrunn,NO,2026-06-28T08:39:51.832020+00:00,no_station_information:GBFSDiscoveryError,0,,
getaround_sandefjord,getaround_sandefjord,NO,2026-06-28T08:39:51.832930+00:00,no_station_information:GBFSDiscoveryError,0,,
getaround_sandvika,getaround_sandvika,NO,2026-06-28T08:39:51.833824+00:00,no_station_information:GBFSDiscoveryError,0,,
getaround_ski,getaround_ski,NO,2026-06-28T08:39:51.834704+00:00,no_station_information:GBFSDiscoveryError,0,,
getaround_skien,getaround_skien,NO,2026-06-28T08:39:51.835591+00:00,no_station_information:GBFSDiscoveryError,0,,
getaround_strommen,getaround_strommen,NO,2026-06-28T08:40:02.940428+00:00,no_station_information:GBFSDiscoveryError,0,,
getaround_tonsberg,getaround_tonsberg,NO,2026-06-28T08:40:02.941796+00:00,no_station_information:GBFSDiscoveryError,0,,
getaround_trondheim,getaround_trondheim,NO,2026-06-28T08:40:02.942697+00:00,no_station_information:GBFSDiscoveryError,0,,
getaround_stjordal,getaround_stjordal,NO,2026-06-28T08:40:02.943327+00:00,no_station_information:GBFSDiscoveryError,0,,
getaround_tromso,getaround_tromso,NO,2026-06-28T08:40:02.943942+00:00,no_station_information:GBFSDiscoveryError,0,,
getaround_stavanger,getaround_stavanger,NO,2026-06-28T08:40:02.944499+00:00,no_station_information:GBFSDiscoveryError,0,,
hyrenorge,hyrenorge,NO,2026-06-28T08:40:02.945034+00:00,unreachable:GBFSFetchError,0,,
hertzbildeling,hertzbildeling,NO,2026-06-28T08:40:02.945571+00:00,unreachable:GBFSFetchError,0,,
rydefredrikstad,rydefredrikstad,NO,2026-06-28T08:40:02.946107+00:00,unreachable:GBFSFetchError,0,,
kolumbusbysykkel,kolumbusbysykkel,NO,2026-06-28T08:40:02.946647+00:00,unreachable:GBFSFetchError,0,,
rydesandefjord,rydesandefjord,NO,2026-06-28T08:40:02.947166+00:00,unreachable:GBFSFetchError,0,,
oslobysykkel,oslobysykkel,NO,2026-06-28T08:40:02.947696+00:00,unreachable:GBFSFetchError,0,,
otto,otto,NO,2026-06-28T08:40:02.948211+00:00,unreachable:GBFSFetchError,0,,
rydeporsgrunn,rydeporsgrunn,NO,2026-06-28T08:40:02.948734+00:00,unreachable:GBFSFetchError,0,,
rydesarpsborg,rydesarpsborg,NO,2026-06-28T08:40:02.949257+00:00,unreachable:GBFSFetchError,0,,
rydeskien,rydeskien,NO,2026-06-28T08:40:02.949776+00:00,unreachable:GBFSFetchError,0,,
rydestavanger,rydestavanger,NO,2026-06-28T08:40:02.950300+00:00,unreachable:GBFSFetchError,0,,
rydetonsberg,rydetonsberg,NO,2026-06-28T08:40:02.950837+00:00,unreachable:GBFSFetchError,0,,
rydeoslo,rydeoslo,NO,2026-06-28T08:40:02.951377+00:00,unreachable:GBFSFetchError,0,,
rydetrondheim,rydetrondheim,NO,2026-06-28T08:40:02.951991+00:00,unreachable:GBFSFetchError,0,,
rydetromso,rydetromso,NO,2026-06-28T08:40:02.952637+00:00,unreachable:GBFSFetchError,0,,
trondheimbysykkel,trondheimbysykkel,NO,2026-06-28T08:40:02.953161+00:00,unreachable:GBFSFetchError,0,,
voiarendal,voiarendal,NO,2026-06-28T08:40:02.953724+00:00,ok,85,c6e9239011ecd0227dbe3e03da2b9d5800b6357aa66a9927dbab722512405793,3.0
voibergen,voibergen,NO,2026-06-28T08:40:03.051738+00:00,unreachable:GBFSFetchError,0,,
zeus_oslo,zeus_oslo,NO,2026-06-28T08:40:03.052181+00:00,no_station_information:GBFSDiscoveryError,0,,
voikristiansand,voikristiansand,NO,2026-06-28T08:40:03.052633+00:00,unreachable:GBFSFetchError,0,,
voifredrikstad,voifredrikstad,NO,2026-06-28T08:40:03.053022+00:00,unreachable:GBFSFetchError,0,,
voioslo,voioslo,NO,2026-06-28T08:40:03.053394+00:00,unreachable:GBFSFetchError,0,,
voilillestrom,voilillestrom,NO,2026-06-28T08:40:03.053752+00:00,unreachable:GBFSFetchError,0,,
voistavanger,voistavanger,NO,2026-06-28T08:40:03.054098+00:00,unreachable:GBFSFetchError,0,,
voitrondheim,voitrondheim,NO,2026-06-28T08:40:03.054444+00:00,unreachable:GBFSFetchError,0,,
flamingo_dunedin,flamingo_dunedin,NZ,2026-06-28T08:40:03.054783+00:00,ok,37,46d331a65e5ee3635aa94b4e11d8bfc64a37a223c58c44da45eebc44ed389539,3.0
flamingo_porirua,flamingo_porirua,NZ,2026-06-28T08:40:04.186301+00:00,ok,23,d01d1389f385042e38c20ed723bda4712213029cdcc6585c9973a401e95259e7,3.0
flamingo_christchurch,flamingo_christchurch,NZ,2026-06-28T08:40:04.549940+00:00,ok,25,8776925ef3bebde7e4c29e48cc133b937c9f455fbda2da70339ed9b6379e2afd,3.0
flamingo_palmerston_north,flamingo_palmerston_north,NZ,2026-06-28T08:40:05.875975+00:00,ok,53,da386a63c825268855f2a80b60b88e37b613ca8ac867e4aadf012eb55a5dad1a,3.0
flamingo_auckland,flamingo_auckland,NZ,2026-06-28T08:40:07.163224+00:00,ok,96,1d2c5ba4abd9724c5889225d08bff2d2946dd45501d4a6549dec3a2df285022e,3.0
flamingo_waimakariri,flamingo_waimakariri,NZ,2026-06-28T08:40:07.482739+00:00,ok,6,16ce4b26826a45fc46423b9da5c081903ece8431b00610267c34e8e89a5251df,3.0
flamingo_tauranga,flamingo_tauranga,NZ,2026-06-28T08:40:08.691925+00:00,ok,13,b386b1c12fb71add4034935731be1b577f48d70a9cfc659a6b30492c2c8e0804,3.0
flamingo_wellington,flamingo_wellington,NZ,2026-06-28T08:40:09.041538+00:00,ok,60,cb2351567e0afb039795bc6b62bd7f6889d0fa275296d29641a0059837c279d9,3.0
jolt_hutt_valley,jolt_hutt_valley,NZ,2026-06-28T08:40:09.377040+00:00,ok,83,a86cf349cc2f1698eb6eff003864368bfe8d1103c6de349fcd8bac9437e0921b,2.3
nextbike_cw,nextbike_cw,PL,2026-06-28T08:40:12.136653+00:00,ok,17,4f601d52369debdeef6c464bd587709e5dcf0fd622aa5241f39d353b2f2087ea,2.3
dott-bielawa,dott-bielawa,PL,2026-06-28T08:40:12.179788+00:00,ok,4,80b2c7963baa00bb034c7a633ce34e162e75cc9a7460082a4ddf038eaedd6bb5,2.3
dott-brzeg-dolny,dott-brzeg-dolny,PL,2026-06-28T08:40:12.220176+00:00,ok,8,da3739bc9b3ad7a3a0fdb3c5e8fb0d63d367bd1d90f11f39c208d967b643e16b,2.3
jolt_selwyn,jolt_selwyn,NZ,2026-06-28T08:40:12.281232+00:00,ok,18,523f760d003f6c6b3a94aa5a5564c58233d6b6aff041fcbcec5c2f155f7e0f02,2.3
jolt_new_plymouth,jolt_new_plymouth,NZ,2026-06-28T08:40:12.625284+00:00,ok,72,48e2a89f4ddb61de71c6c52f9c14c6d4ae4a28da858c3858dde7acfccd00b47f,2.3
dott-bialogard,dott-bialogard,PL,2026-06-28T08:40:13.001559+00:00,ok,46,b73e1d52a97a55ced51e7f2bf8449e383d73eb1d5b169cfa392933ae5677450d,2.3
dott-chrzanow,dott-chrzanow,PL,2026-06-28T08:40:13.054972+00:00,ok,3,dcf10de7000050e9baaa535cb0068d9bc3b378e53c252bffec31e4cc56b273e8,2.3
dott-brzeg,dott-brzeg,PL,2026-06-28T08:40:13.109886+00:00,ok,7,9a0f75efed7a33df41641e6940bd2b9e56ab5b3767fbc56468711f502364c1b2,2.3
dott-elblag,dott-elblag,PL,2026-06-28T08:40:13.165965+00:00,ok,4,99ea1774d1a95f019bcaecf96cdc70893de839a01e9114a616bce5d61805ab88,2.3
dott-brodnica,dott-brodnica,PL,2026-06-28T08:40:13.204702+00:00,ok,4,0f75f5ed0025e1619babdea917527c2e28f82c5723686baaba8be6060d6d456c,2.3
dott-gdansk,dott-gdansk,PL,2026-06-28T08:40:13.241149+00:00,ok,463,dab123eeb909cd274923b1ccd12befa71276ff22e51d3f96f234c0098d777e36,2.3
dott-goleniow,dott-goleniow,PL,2026-06-28T08:40:13.317756+00:00,ok,19,5e8660557dceb31c10a84b886fcfb12302ef7365d899a7da6f83ed26b93c1f2f,2.3
dott-gdansk-osowa,dott-gdansk-osowa,PL,2026-06-28T08:40:13.371003+00:00,ok,4,fe1248302d5d78271b1f553513e13f745d8a7e186c00076bd1fa22be20b58235,2.3
dott-bytom,dott-bytom,PL,2026-06-28T08:40:13.404400+00:00,ok,2,56e8161206a1595e2610cb97c30580cdb966818b6a919688ac0f6151ada9635f,2.3
dott-grudziadz,dott-grudziadz,PL,2026-06-28T08:40:13.462189+00:00,ok,4,dac87954362d283b35f4dc4e538aef48937fd84b2c8f458c2894933c0489970b,2.3
dott-gryfino,dott-gryfino,PL,2026-06-28T08:40:13.499004+00:00,empty,0,,
dott-iława,dott-iława,PL,2026-06-28T08:40:13.547478+00:00,ok,22,d46d39c9298ee97ba4a5c3e5c96760bb48a368613d0eeea5bf863c40f3668474,2.3
dott-jastrzebie-zdroj,dott-jastrzebie-zdroj,PL,2026-06-28T08:40:13.603528+00:00,ok,4,15d18533dc9278f92daa3a0c9c249e85ccb0cc64024196ea64b382f0a0f33ee8,2.3
dott-jelenia-gora,dott-jelenia-gora,PL,2026-06-28T08:40:13.641191+00:00,ok,14,86ed4097c7f2dad0936fdee31e15553d3b08e9d4a3f2818bcdbb25b4673b5cc6,2.3
dott-dzierzoniow,dott-dzierzoniow,PL,2026-06-28T08:40:13.697590+00:00,ok,4,d044f6fa4e87619d412aee824513a6ba6eed1cadefc0e9dd63cc3cd423a6bbf6,2.3
dott-dziwnow,dott-dziwnow,PL,2026-06-28T08:40:13.733807+00:00,empty,0,,
dott-kalisz,dott-kalisz,PL,2026-06-28T08:40:13.781359+00:00,ok,4,e1d275af877d96cc2892116aef288dcb71fc98db521e74c22c93fb40cea98da0,2.3
dott-braniewo,dott-braniewo,PL,2026-06-28T08:40:13.816549+00:00,ok,15,d04f2218a9ed9c76faadc234eb2e5aef048f5c830eecd8e19c9720f504df8a7b,2.3
dott-katowice,dott-katowice,PL,2026-06-28T08:40:13.871511+00:00,ok,100,c09ba7b3ebe5b456f390313a7f5d44e863bb0b9721621235af16fc416ae867e6,2.3
dott-kołobrzeg,dott-kołobrzeg,PL,2026-06-28T08:40:13.924440+00:00,ok,80,f51a6167652492dbaadb0fd5b396cfc429c240ae0834d910ea711e029fbfb743,2.3
dott-koscierzyna,dott-koscierzyna,PL,2026-06-28T08:40:13.972927+00:00,empty,0,,
dott-konin,dott-konin,PL,2026-06-28T08:40:14.019211+00:00,ok,4,756122a6ce86e5fec6735cca526ad9cf5203d20a548002e57a02a48556e5e067,2.3
dott-krakow,dott-krakow,PL,2026-06-28T08:40:14.049420+00:00,ok,390,c131f177cd2b85b5f56e50342ef339a612c87acff257f251ed8242effa70363b,2.3
dott-kwidzyn,dott-kwidzyn,PL,2026-06-28T08:40:14.110419+00:00,ok,10,a8a2414ff5015dc60019f2c6c5c1a209ac16192f6b566f881ad5afa5e09a369b,2.3
dott-koszalin,dott-koszalin,PL,2026-06-28T08:40:14.163536+00:00,ok,4,9f5d80ba0cd767091671e8f0bfff4fcefc278353a4c84ce29cf0faceb02dd686,2.3
dott-łeba,dott-łeba,PL,2026-06-28T08:40:14.193599+00:00,ok,1,23023544f2b962f615f9c820bf3db7e91882c53eac5dfb7f6e02511e89c518a5,2.3
dott-lebork,dott-lebork,PL,2026-06-28T08:40:14.240326+00:00,empty,0,,
dott-legionowo,dott-legionowo,PL,2026-06-28T08:40:14.283509+00:00,empty,0,,
dott-leszno,dott-leszno,PL,2026-06-28T08:40:14.327230+00:00,empty,0,,
dott-krynica-morska,dott-krynica-morska,PL,2026-06-28T08:40:14.371088+00:00,ok,10,83287e257b9acbfd4024c5371791a8e2b01735d6b418fe61e82980f757a738cb,2.3
dott-lubliniec,dott-lubliniec,PL,2026-06-28T08:40:14.420360+00:00,ok,2,01d965c95043b5c1d0830cce2aabe8d4f62c2fd4934a243e85211d2522fe66ff,2.3
dott-łukow,dott-łukow,PL,2026-06-28T08:40:14.468709+00:00,empty,0,,
dott-malbork,dott-malbork,PL,2026-06-28T08:40:14.514061+00:00,ok,10,73d5c82a7270ce237dc7ec42fe465095e7ffcc3bdaeb6b1469dd04e52ba56a41,2.3
dott-czestochowa,dott-czestochowa,PL,2026-06-28T08:40:14.561293+00:00,empty,0,,
dott-grodzisk-mazowiecki,dott-grodzisk-mazowiecki,PL,2026-06-28T08:40:14.606798+00:00,empty,0,,
dott-miedzyzdroje,dott-miedzyzdroje,PL,2026-06-28T08:40:15.131367+00:00,ok,25,c4e1ec3be38ac8d51b0166280e83d435712c002985af5600c99c6077359dc1dd,2.3
dott-nowogard,dott-nowogard,PL,2026-06-28T08:40:15.179856+00:00,ok,27,e765ce05e3a54bf58c0c9eb07136620713cf19c53aa291ba9303bff8fc2c3146,2.3
dott-mikołow,dott-mikołow,PL,2026-06-28T08:40:15.229300+00:00,ok,4,0cabef1f20c220907a84ee2926d8a7326683f33dec958822405c73f089eee6c7,2.3
dott-mielno,dott-mielno,PL,2026-06-28T08:40:15.258215+00:00,ok,4,749fd38916deed7447977ee2439e169ab169e48d9475efd45f8d7c568e498a0c,2.3
dott-nowy-dwor-mazowiecki,dott-nowy-dwor-mazowiecki,PL,2026-06-28T08:40:15.287007+00:00,ok,10,bc828f65d1efa931bdceef89ff3c7c2e20dedad030d27864edd9b62a18fd2ccf,2.3
dott-oława,dott-oława,PL,2026-06-28T08:40:15.336597+00:00,ok,3,e5f168a6c3930cf1c61a6fb6895a1025102445a1139069e6d3197b84ff8ec7f8,2.3
dott-nowy-targ,dott-nowy-targ,PL,2026-06-28T08:40:15.385679+00:00,ok,16,30d1ca62cbdcf9fef2fa8d9980d75a64dab336bbeda4218b94b734c7f562c756,2.3
dott-nysa,dott-nysa,PL,2026-06-28T08:40:15.434247+00:00,ok,4,f62f8875200f2980aba37488e690b56e4316228a79ea194d959584ac9b52bfc6,2.3
dott-nowy-sacz,dott-nowy-sacz,PL,2026-06-28T08:40:15.466980+00:00,ok,4,9f90bfcf2608f04e8899261027a5cf8a2d89e7cf9a879145b5bdbe31c812ca4b,2.3
dott-olesnica,dott-olesnica,PL,2026-06-28T08:40:15.500255+00:00,ok,71,a8085ce3f481fbea8a184e857aa6d4870561ddf640b53cf45b9bfe5c121d6928,2.3
dott-ostroda,dott-ostroda,PL,2026-06-28T08:40:15.553297+00:00,ok,4,9edd505be796e900867ae8b2c594d9a218b08f47102e1c24394ccb8fcc77cf54,2.3
dott-piekary-slaskie,dott-piekary-slaskie,PL,2026-06-28T08:40:15.585950+00:00,ok,4,c01f88430962c8b9091df2db512c6c653fad390470a7d6d0e823ff317f89d660,2.3
dott-oswiecim,dott-oswiecim,PL,2026-06-28T08:40:15.620593+00:00,ok,4,02852789b64ab9f6c8353a9d01f2fe03bd941f3d9dcb666a25a6909c26ff98b2,2.3
dott-police,dott-police,PL,2026-06-28T08:40:15.654947+00:00,ok,4,20db63a606acc89918fb9a927b83e536f7b3cf84b0650655915eb362f4cbfeb5,2.3
dott-pruszcz-gdanski,dott-pruszcz-gdanski,PL,2026-06-28T08:40:15.688742+00:00,empty,0,,
dott-prawobrzeze,dott-prawobrzeze,PL,2026-06-28T08:40:15.730557+00:00,ok,30,3af380ea0532fc603cf3d8be3a76f44f16faefd41930422240d34c824cedd14c,2.3
dott-rewal,dott-rewal,PL,2026-06-28T08:40:15.780893+00:00,ok,20,3bfae5a8425ef81fc531121a87160e7fc07f2452f8875f0a24afcbb1fccea5e6,2.3
dott-ruda-slaska,dott-ruda-slaska,PL,2026-06-28T08:40:15.830658+00:00,empty,0,,
dott-siedlce,dott-siedlce,PL,2026-06-28T08:40:15.870607+00:00,ok,104,87b0510136a5c1cfba1e57a6153d00a829dbd7204d7f3a4d18e5a00ef16a425e,2.3
dott-płock,dott-płock,PL,2026-06-28T08:40:15.920571+00:00,ok,1,86e1e85e1251e0fe497cbba140bde481bc13ced679f0df18b57636a9d7857414,2.3
dott-skawina,dott-skawina,PL,2026-06-28T08:40:15.965890+00:00,ok,34,1a1216b2e5e44d31fe1b6a8efab896f44c574d4c512876c9379366ce7d837d0d,2.3
dott-poznan,dott-poznan,PL,2026-06-28T08:40:16.012906+00:00,ok,273,d0e20e0f7412b9ca4d0a2af8c8b169283d1569651bade0d298b6fc8e97bba7e8,2.3
dott-słupsk,dott-słupsk,PL,2026-06-28T08:40:16.067728+00:00,ok,4,bfe82d35d68afb53c9a69ba69273e3d6800ba09a100fc844fd299a5bbacc5e91,2.3
dott-sobieszewo-island,dott-sobieszewo-island,PL,2026-06-28T08:40:16.095730+00:00,ok,4,b6c3281a1ddf43b2d7036ffee5687a83a6ea889dabd3e15292d9796bf338c82b,2.3
dott-swidnica,dott-swidnica,PL,2026-06-28T08:40:16.124025+00:00,ok,21,23b09238a5f755ea343374fea5d85b93f657d2b14950d048abc9687d760e8cac,2.3
dott-starogard-gdanski,dott-starogard-gdanski,PL,2026-06-28T08:40:16.171188+00:00,empty,0,,
dott-swinoujscie,dott-swinoujscie,PL,2026-06-28T08:40:16.214226+00:00,ok,1,e928556e21c696ff120bc4c7696a214a73eac8cf4255c75326a40aff9eec1074,2.3
dott-swiecie,dott-swiecie,PL,2026-06-28T08:40:16.262394+00:00,ok,4,6c90e64f17b8c710d8db695690142c66d34f83e0ca92aa550877fbc8ad419719,2.3
dott-szczecin,dott-szczecin,PL,2026-06-28T08:40:16.290734+00:00,ok,108,d0a88decef9d954da383bee3fc3064218bed0fa1cd6f62963446ab95db8226b3,2.3
dott-tarnowskie-gory,dott-tarnowskie-gory,PL,2026-06-28T08:40:16.339548+00:00,ok,15,720d7fbafa48ef9426d442be668db21101912a94d03d7f3e179594d5c5affef1,2.3
dott-tczew,dott-tczew,PL,2026-06-28T08:40:16.386701+00:00,ok,23,d75c5b425fd9bfaaf684ccea0b19e4e69d1e21efa3078d0f5ddb607a3082828c,2.3
dott-trzebnica,dott-trzebnica,PL,2026-06-28T08:40:16.433837+00:00,ok,4,1b920ef72bae069a1e2345ebdaa885a1b92b951f8999ec1757f2d36c287d9ddb,2.3
dott-warsaw,dott-warsaw,PL,2026-06-28T08:40:16.461987+00:00,ok,37,8d2a1f0cab3c23bb49ac6ec701859e0092471f7f42f62f562458439da00e599e,2.3
dott-torun,dott-torun,PL,2026-06-28T08:40:16.513288+00:00,ok,4,b3d36dc1816bab761ca2f0bf84de85d4df7c6ca1156ad548d26177aeba826151,2.3
dott-ustka,dott-ustka,PL,2026-06-28T08:40:16.540908+00:00,ok,4,49ecb42c9676bc5e2030f102a09e4acb02707ad82ebe7008dcc514449bd5e961,2.3
dott-wrocław,dott-wrocław,PL,2026-06-28T08:40:16.569234+00:00,ok,791,bc59142d8c6f561b67a2cbc60c774531d82e40c7b8573406ed217b0218c3fdd9,2.3
dott-zawiercie,dott-zawiercie,PL,2026-06-28T08:40:16.646174+00:00,empty,0,,
dott-zory,dott-zory,PL,2026-06-28T08:40:16.686648+00:00,ok,4,504072726521278ff039497adaad328d16ce546716922d504d4cc4d3c933942b,2.3
nextbike_gp,nextbike_gp,PL,2026-06-28T08:40:16.714671+00:00,ok,23,4fc9fe3091abaef53b529c1673b3a332ca602d760a772ad6adc145555609c2a7,2.3
nextbike_pj,nextbike_pj,PL,2026-06-28T08:40:16.751543+00:00,ok,30,faa5a5b3d4834d001822f658a70d1f8cfa6bd8c2707d4d864d36ceb0383521c8,2.3
inurba-gdansk,inurba-gdansk,PL,2026-06-28T08:40:17.410554+00:00,ok,830,96efd078f680059ca6d5b27e1bbffd999f9d79f7c99e4e111863d5e7a84b7230,2.3
nextbike_ps,nextbike_ps,PL,2026-06-28T08:40:17.596285+00:00,ok,20,b42a6e206cf65ba6b12308721ff8d977ca4b3344e17b04bc31d5e18dece796ab,2.3
nextbike_lp,nextbike_lp,PL,2026-06-28T08:40:17.632839+00:00,unreachable:GBFSFetchError,0,,
nextbike_pn,nextbike_pn,PL,2026-06-28T08:40:17.633347+00:00,ok,13,1ba0dee809e3834a5b1b7c96155cf1fc06ff9bd6b604d1f9e27148ac7ac97297,2.3
nextbike_pi,nextbike_pi,PL,2026-06-28T08:40:17.669057+00:00,ok,7,3eb2f4ee199d91418ba104e4fedbe2380e8f68318b9336d02136bb0357c5e106,2.3
nextbike_or,nextbike_or,PL,2026-06-28T08:40:17.704780+00:00,ok,16,d5fd65f630201ae265c534b451acde0a8398f5f71ff9e9bfc8b4bb0a2a485190,2.3
nextbike_py,nextbike_py,PL,2026-06-28T08:40:17.740269+00:00,ok,2,374e60dfc5831a68b3c59b7f01e0f097b91717f0ebc5830d6c7aa18a1ad38ae6,2.3
nextbike_vw,nextbike_vw,PL,2026-06-28T08:40:17.775632+00:00,ok,347,135d995373d12b7608914afaf3582931c2b6dc56cf325d4ef492e46347afbc03,2.3
nextbike_wf,nextbike_wf,PL,2026-06-28T08:40:17.841180+00:00,ok,47,12e4b4e0dda2af324bf62aa159bb8558e13ee37b74ec83b002d017def8347f3b,2.3
nextbike_fp,nextbike_fp,PL,2026-06-28T08:40:17.877497+00:00,ok,4,cfaba8061859b26d8c673328fe19f41cc2c63a1602604f638caaee0d2468c739,2.3
nextbike_zz,nextbike_zz,PL,2026-06-28T08:40:17.913319+00:00,ok,943,8640188b3193a913a4a59cc8c1c66ccd202b2b7f66f2cb4ffe124b2fcfea78ed,2.3
nextbike_po,nextbike_po,PL,2026-06-28T08:40:17.984962+00:00,ok,12,c091a5a1b07515a306aa8426dc4d8862d1a384a05dbd1446dc3fb07fd97b111c,2.3
nextbike_pl,nextbike_pl,PL,2026-06-28T08:40:18.020083+00:00,ok,264,ea86c11398149bfb526aabdc9d10c93e3cfe9752d08dd603a64886c63c6d6d1c,2.3
nextbike_pm,nextbike_pm,PL,2026-06-28T08:40:18.058746+00:00,ok,43,dfbecf323f4929d4e3652881d40e422d82adafcfa7ba4217cac21085058ded54,2.3
nextbike_zy,nextbike_zy,PL,2026-06-28T08:40:18.094620+00:00,ok,7,7caaf4498fcfe97ac19bc6b54670871dd4ef99a8b6d114a7c3277475cdc57907,2.3
nextbike_tn,nextbike_tn,PL,2026-06-28T08:40:18.130725+00:00,ok,18,cdb5823d145ebfcb570efcfba41feed0c026e56d6e5b004658f8386e1bdd0b17,2.3
nextbike_tb,nextbike_tb,PT,2026-06-28T08:40:18.167968+00:00,ok,2,ccca29c1ae377f7e1ff509e11d2bc4c1b34bdd281cba632c7fbb14cd33d19956,2.3
nextbike_bx,nextbike_bx,PT,2026-06-28T08:40:18.203034+00:00,ok,41,bfc7553339431baa52feb36f9615af6f016c409cb8de8871ea843315e79ad748,2.3
nextbike_ai,nextbike_ai,RO,2026-06-28T08:40:18.244633+00:00,ok,18,38f7df412f735b0ed77bce9ef84ea6fc06fbafba49907da44ea908038bf7f51c,2.3
nextbike_rc,nextbike_rc,RO,2026-06-28T08:40:18.285778+00:00,ok,1,06dccacf48fc49f195821be89e29b1010f21ade305d01d92d024748ad27d5279,2.3
dott-doha,dott-doha,QA,2026-06-28T08:40:18.325320+00:00,ok,4,f873c95dd031c1b57ffd7b55eb672bb21fe8866e4d4bb7bc49e9a2657bc20ecf,2.3
nextbike_bv,nextbike_bv,RO,2026-06-28T08:40:18.355814+00:00,ok,49,14207dccb86649d05bee26ebed580e83664d367acf2ab5d53fbdcd1fd34a91dd,2.3
bird-braga,bird-braga,PT,2026-06-28T08:40:18.392179+00:00,empty,0,,
bikr-lisbon,bikr-lisbon,PT,2026-06-28T08:40:19.257642+00:00,ok,1781,ffe7d680580c9c7ddf28697f8bd97300a91b226b3c3fe27bbc6f3f2901490de0,2.3
bird-cascais,bird-cascais,PT,2026-06-28T08:40:20.262974+00:00,ok,159,f62f64a6609f5c66e09eb24e693be27dcb473a40b641f13d113886215ae3e93f,2.3
dej_bikecity,dej_bikecity,RO,2026-06-28T08:40:20.667616+00:00,ok,16,e804d6691480d33e94a7826ae9a9bb4fdf62e734dc743914c04b4c1951c082f0,3.0
hunedoara,hunedoara,RO,2026-06-28T08:40:20.694535+00:00,ok,12,6670bc35ad1ecbf4373f6c4db1faa270ce0aa0c1827a76ad1287939bf6f72672,3.0
bird-matosinhos,bird-matosinhos,PT,2026-06-28T08:40:20.720078+00:00,ok,181,ef08e258bc4277ae220ccf99ccafc9c7bf4ba3e9281bd77f4f16c80d3970972c,2.3
nextbike_rv,nextbike_rv,RO,2026-06-28T08:40:20.986471+00:00,ok,5,ec8d0c6bf474eb7372736d613102e052b179a22cb502fe4509d350b032bd87be,2.3
bird-porto,bird-porto,PT,2026-06-28T08:40:21.022533+00:00,ok,196,7518452b0cb05ea189890f8085305f409d5b1d69e2f1493352ae8e3bc47186df,2.3
nextbike_rw,nextbike_rw,RO,2026-06-28T08:40:21.407927+00:00,ok,21,159f733b1e648d084a2bcc764964c3f3a7c51852fd5592d66dc86bb61bfbea75,2.3
nextbike_rt,nextbike_rt,RO,2026-06-28T08:40:21.454534+00:00,ok,4,cd61e97f1d0127dfcab11b269a20ce0aa5d45ff1e19a1ee4970ae7e69d77096c,2.3
bora_viseu,bora_viseu,PT,2026-06-28T08:40:21.489075+00:00,ok,39,e243bb94236584f0fcc5d07cbf96f9ef325f40b7489bf631615a7dc624035d7b,3.0
dott-makkah,dott-makkah,SA,2026-06-28T08:40:21.689088+00:00,empty,0,,
sibiu_bikecity,sibiu_bikecity,RO,2026-06-28T08:40:21.732605+00:00,ok,57,8e1a6609c62f4c3d40c5878cc3894778ab0960f521f00a4f351a38989f0d2cc9,3.0
moinesti,moinesti,RO,2026-06-28T08:40:21.786569+00:00,ok,8,7c2c0f8e569585c5ffdf81fcf2e670f8e5bccd3a3a58b28c43f2a33bb3c96916,3.0
targumures,targumures,RO,2026-06-28T08:40:21.858231+00:00,ok,5,8477f6841ab3c7124e2490cc8b981ab09bda29a155bc9379effafae2eede7a21,3.0
santana_bikecity,santana_bikecity,RO,2026-06-28T08:40:21.932964+00:00,ok,8,375e2547da2b6f2f94bdd604c3e34a75d6c9f1fd0cd838ae1bbddcadad10e0d1,3.0
dott-jeddah,dott-jeddah,SA,2026-06-28T08:40:22.002422+00:00,ok,46,3246825384763a2fb35a055b482190ce698a304f902aa1758fef0616c485d4ef,2.3
dott-riyadh,dott-riyadh,SA,2026-06-28T08:40:22.050405+00:00,ok,173,6a46e4b2280d868f0ad83da007b8c1baa18a5c48bc1f5963ab17b1048dbad098,2.3
dott-sbf,dott-sbf,SA,2026-06-28T08:40:22.654628+00:00,ok,22,dac5a14d83eabc4e3e08006eb713f74a71364300fde9a70ef6b2ba10f055ff72,2.3
dott-stc-city,dott-stc-city,SA,2026-06-28T08:40:22.825775+00:00,empty,0,,
dott-eskilstuna,dott-eskilstuna,SE,2026-06-28T08:40:22.868340+00:00,ok,4,9e9fb4ae4701681c018233c3f40e22714ee56fe1e09622bb22720db2fb7657fa,2.3
dott-helsingborg,dott-helsingborg,SE,2026-06-28T08:40:22.896586+00:00,ok,4,8535ac8d4624005a7e8ad3cc7efd2985459aaad943c1c4c24b124d2efb3f0caf,2.3
dott-hoganas,dott-hoganas,SE,2026-06-28T08:40:22.928439+00:00,ok,4,8e960e29593290e592c154bbbf82d41b875bdae2d2933d73b976e33c25ef3f1a,2.3
donkey_aengelholm,donkey_aengelholm,SE,2026-06-28T08:40:22.958918+00:00,empty,0,,
dott-jonkoping,dott-jonkoping,SE,2026-06-28T08:40:23.016880+00:00,ok,4,a1b0cef7aa481451025a8ecf915fb47ca2eeeca6f80979b25f1f34ff95f4c9dd,2.3
donkey_malmoe,donkey_malmoe,SE,2026-06-28T08:40:23.045549+00:00,ok,192,c7af3209dfad5a8bdcdd03b8cd62ea53351ca8fe733fa7823b7d7acdf54881a1,3.0
donkey_ystad,donkey_ystad,SE,2026-06-28T08:40:23.318224+00:00,empty,0,,
donkey_baastad,donkey_baastad,SE,2026-06-28T08:40:23.434644+00:00,empty,0,,
dott-gothenburg,dott-gothenburg,SE,2026-06-28T08:40:23.493590+00:00,ok,4,8fba0981deb2d4731349cbb1c65f17c7ac45968251502581ed3560c451fcef23,2.3
dott-lidkoping,dott-lidkoping,SE,2026-06-28T08:40:23.520551+00:00,ok,4,1ab7dceee93bf6a7323392c0de61cdfec0c37e3969504c48e7f54084a34393c7,2.3
dott-partille,dott-partille,SE,2026-06-28T08:40:23.547052+00:00,ok,4,e24bbdba29cb3689195ae63bddb5418fd79957907afe31e2d9aa8b57d56684a6,2.3
dott-trollhattan,dott-trollhattan,SE,2026-06-28T08:40:23.574448+00:00,ok,4,9e812c207920b9ba10083caab156cb4c89d99a838bc856bfb49bfbe6aabeaaf1,2.3
dott-skovde,dott-skovde,SE,2026-06-28T08:40:23.603018+00:00,ok,4,f1ce78c4ffac2163d6cbdf2b50dd4ad3438a175de1a324a2c33fe1cad7e06553,2.3
dott-varberg,dott-varberg,SE,2026-06-28T08:40:23.630942+00:00,ok,4,6aace696d0d4b16c7328f7e51e3314c12f4c4c6285909b110e21f7f9eacb74c6,2.3
dott-vaxjo,dott-vaxjo,SE,2026-06-28T08:40:23.658881+00:00,ok,4,41126082c3cc6d18a3365806a449c5116738eb656e691977bf7a2836588c58bb,2.3
dott-varnamo,dott-varnamo,SE,2026-06-28T08:40:23.685567+00:00,ok,4,007f58c83995c70890349a26e0965af546b9fb390b464498f5c4fdae0d78cd36,2.3
zeus_borlange,zeus_borlange,SE,2026-06-28T08:40:23.712490+00:00,no_station_information:GBFSDiscoveryError,0,,
lund,lund,SE,2026-06-28T08:40:23.712869+00:00,ok,21,25458b22424c0f4acf610cc05987db652872fb74a0accbe53bde3d9ca9f7cfc1,3.0
nextbike_zc,nextbike_zc,SE,2026-06-28T08:40:23.833484+00:00,ok,3,74808b919eed59c73e6a58cb4b9aa34de6dcf0e7062e21ed4927ff14e0b4d53b,2.3
nextbike_zg,nextbike_zg,SE,2026-06-28T08:40:23.868646+00:00,ok,154,9e6ca3a6a99548a3b5d123b1cab2d4f0ebe0c23841d381ad4be8b2a85f4dfe6b,2.3
zeus_falun,zeus_falun,SE,2026-06-28T08:40:23.923301+00:00,no_station_information:GBFSDiscoveryError,0,,
nextbike_ce,nextbike_ce,SI,2026-06-28T08:40:23.924462+00:00,ok,21,00facb272ed368fa2c4bdca2be103974e8951e870ebf7beb426798c6e8dcdd5e,2.3
nextbike_cd,nextbike_cd,SI,2026-06-28T08:40:23.965604+00:00,ok,3,ad4bfe8fc9814d1fc134d4734264fa4334c3bd93b1abbb65d82638eab8743fc7,2.3
zeus_karlstad,zeus_karlstad,SE,2026-06-28T08:40:24.006770+00:00,no_station_information:GBFSDiscoveryError,0,,
zeus_halmstad,zeus_halmstad,SE,2026-06-28T08:40:24.007977+00:00,no_station_information:GBFSDiscoveryError,0,,
nextbike_cf,nextbike_cf,SI,2026-06-28T08:40:24.008885+00:00,ok,7,69030a1c682346c2340af8b34076bec3ac01a23ec1a22ee1f2fb6948cc5ab549,2.3
nextbike_as,nextbike_as,SK,2026-06-28T08:40:24.046186+00:00,ok,23,3f9930137ab2cb5b3e073b444a0d72a50792c36959bcf2997de4313728d2c327,2.3
ljubljana,ljubljana,SI,2026-06-28T08:40:24.082128+00:00,ok,87,aa3e64b7af305199659d451749850a1b82d40e47e6354bce7b6cabe1ff0b6772,3.0
dott-banska-bystrica,dott-banska-bystrica,SK,2026-06-28T08:40:24.157250+00:00,ok,4,97ca69ca3f751ab6a398faef40a3ffb99a0986bcf2590689aa8e0dea1cb982a7,2.3
maribor,maribor,SI,2026-06-28T08:40:24.186859+00:00,ok,42,7e75002a876bb8e08037bf280138f10897e046de83581d3a5060d131f9c5cf10,3.0
dott-bardejov,dott-bardejov,SK,2026-06-28T08:40:24.233105+00:00,ok,4,4144e3b98ffe9cdac02479d82effbead618cdb2b3ac87accedd084b9ba41f8fd,2.3
dott-bratislava,dott-bratislava,SK,2026-06-28T08:40:24.261915+00:00,ok,4,caebafdebbad3ffd61105dc93fce76cb673f7a14df527cfb9036e08e469fd1b4,2.3
nextbike_cc,nextbike_cc,SI,2026-06-28T08:40:24.290535+00:00,ok,50,af406d99ede2c91c95327e5212820206f9fc85da6e3c87e50ad438da79ae80be,2.3
dott-humenne,dott-humenne,SK,2026-06-28T08:40:24.326086+00:00,ok,4,86fa8e9c8b970049c03a9e456a51645d79c9efe89af07db7e95df52e40888322,2.3
dott-kosice,dott-kosice,SK,2026-06-28T08:40:24.352578+00:00,ok,4,67214ed5f2177846078cd5bd10cb10b315a5be121122edce4c96e109c2294b23,2.3
nextbike_cn,nextbike_cn,SI,2026-06-28T08:40:24.380262+00:00,ok,84,98be22f9b4f58466e8cc9ec983291f96b50282094a31c53e6358cc79880ae580,2.3
dott-liptovsky-mikulas,dott-liptovsky-mikulas,SK,2026-06-28T08:40:24.421775+00:00,ok,4,6b13c456b75342c3352e9383815ce1429650e20af643aebe15a50046cd6537b6,2.3
nextbike_ak,nextbike_ak,SK,2026-06-28T08:40:24.447902+00:00,ok,39,91bb39684d00f85729de2b02211f0cb0d82283f954ef46bbb36b73981a6bdd89,2.3
dott-michalovce,dott-michalovce,SK,2026-06-28T08:40:26.035940+00:00,ok,4,6717eb59e7417f08d99fd923262bccbaef89032f6df8aad9d1b2f70975b4148b,2.3
dott-martin,dott-martin,SK,2026-06-28T08:40:26.059677+00:00,ok,4,633595ee03934d9b0fca51add5888ea0ff670381752e509d69617e1925d8252f,2.3
dott-trnava,dott-trnava,SK,2026-06-28T08:40:26.082370+00:00,ok,4,2a0a916529be22caf5828d0edb8cdd2af7639240718d8fef70b284087adb552a,2.3
dott-prievidza,dott-prievidza,SK,2026-06-28T08:40:26.104886+00:00,ok,4,ee319afbba12be97eeeb2bcc8c5f9be2763af13ccb37741eac4f0fb6d814422b,2.3
dott-poprad,dott-poprad,SK,2026-06-28T08:40:26.127450+00:00,ok,4,1c387fdbf1ac19af112e922ba3bc83c6d2c4d8a9981ae737c1709933ae2320cc,2.3
dott-nitra,dott-nitra,SK,2026-06-28T08:40:26.149908+00:00,ok,4,bb818c40f7fb316be7e82de141859416d0d0a176460fbe375dc7130bb9f8e7c7,2.3
dott-presov,dott-presov,SK,2026-06-28T08:40:26.172368+00:00,ok,4,3545dedb976cc05d81c490820c10eb033cf2e4c22c6594be801df14da9ab7a4d,2.3
dott-pezinok,dott-pezinok,SK,2026-06-28T08:40:26.194144+00:00,ok,4,d62519abd171ee6ce219f1940cbb1eeb3071eaf90558bdd641e6b0e567c4d048,2.3
dott-vranov-nad-toplou,dott-vranov-nad-toplou,SK,2026-06-28T08:40:26.216661+00:00,ok,4,10cd6b08a48aab1b20ff066edfc3110edba4f9ce3a49984948664d0ebf4ab686,2.3
dott-zvolen,dott-zvolen,SK,2026-06-28T08:40:26.239219+00:00,ok,4,d2c168da4656da21c53d129cf5096f31ec4c6eb2871034f0e1c55f1cdba0a9bd,2.3
linka_aar_bike,linka_aar_bike,TR,2026-06-28T08:40:26.261946+00:00,ok,117,f3c418cced9555e47374e36f5ed95727de5aaf44fffd427f9f76ec4f5579ab9f,2.3
nextbike_av,nextbike_av,SK,2026-06-28T08:40:26.298806+00:00,ok,26,8908edd065b18c731277a61d64d32a73b21efa1a728254667d7eeb69d32d1890,2.3
bcycle_bentonville,bcycle_bentonville,US,2026-06-28T08:40:26.335131+00:00,ok,29,c040e6f0225db552afa804a26bf185e235efd854c5959190582dd3cc6fdee515,1.1
66,66,UA,2026-06-28T08:40:26.376078+00:00,empty,0,,
bcycle_bikelnk,bcycle_bikelnk,US,2026-06-28T08:40:26.425553+00:00,ok,21,7e0633750d00336f518f3668c221edfaa98854efc1d5e493ae2642e842b0c4d1,1.1
bcycle_aventura,bcycle_aventura,US,2026-06-28T08:40:26.465292+00:00,ok,2,4daa7885f33ddddf48f45262572882e0f4890a3b3d5a3d3d7b038f182449d2ce,1.1
bike_chattanooga,bike_chattanooga,US,2026-06-28T08:40:26.625862+00:00,ok,43,66dbfe408ad311805cf8f99423a35e15d093c875fdfe80ad0e89d2d6ec7b4a3a,3.0
bird-arlingtonco,bird-arlingtonco,US,2026-06-28T08:40:26.729103+00:00,empty,0,,
bird-atlanta,bird-atlanta,US,2026-06-28T08:40:26.998467+00:00,empty,0,,
lyft_bay,lyft_bay,US,2026-06-28T08:40:27.244988+00:00,ok,635,07a5b52672f31cd013228d7744137a615f025946fb08136e145712a5e70ce600,2.3
bird-cleveland,bird-cleveland,US,2026-06-28T08:40:28.001298+00:00,empty,0,,
bird-columbus,bird-columbus,US,2026-06-28T08:40:28.193051+00:00,empty,0,,
bird-culver-city,bird-culver-city,US,2026-06-28T08:40:28.384690+00:00,empty,0,,
go_biki,go_biki,US,2026-06-28T08:40:28.610073+00:00,ok,134,9296c702dbfa558bfe15543b9f0f4b7c11ebf329bd3a9dddf757abe953a1b9ea,3.0
bird-denver,bird-denver,US,2026-06-28T08:40:28.797473+00:00,empty,0,,
bird-alexandria,bird-alexandria,US,2026-06-28T08:40:29.017684+00:00,empty,0,,
biketown_pdx,biketown_pdx,US,2026-06-28T08:40:29.202469+00:00,ok,285,0bc09f76832af204e6e7968eace03dbb2d052f16b95a47a04f7371a1bf25286f,2.3
bird-detroit,bird-detroit,US,2026-06-28T08:40:29.717252+00:00,empty,0,,
bird-durham,bird-durham,US,2026-06-28T08:40:29.906115+00:00,empty,0,,
bird-gainesville,bird-gainesville,US,2026-06-28T08:40:30.199832+00:00,empty,0,,
bird-dallas,bird-dallas,US,2026-06-28T08:40:30.440662+00:00,empty,0,,
bird-kansas-city,bird-kansas-city,US,2026-06-28T08:40:30.631707+00:00,empty,0,,
bird-lexington,bird-lexington,US,2026-06-28T08:40:30.840573+00:00,empty,0,,
bird-los-angeles,bird-los-angeles,US,2026-06-28T08:40:31.056120+00:00,empty,0,,
bird-fairfax,bird-fairfax,US,2026-06-28T08:40:31.137801+00:00,empty,0,,
bird-miami,bird-miami,US,2026-06-28T08:40:31.424984+00:00,empty,0,,
provider-null-montgomery-county,provider-null-montgomery-county,US,2026-06-28T08:40:31.614375+00:00,empty,0,,
bird-greensboro,bird-greensboro,US,2026-06-28T08:40:31.803682+00:00,empty,0,,
bird-indianapolis,bird-indianapolis,US,2026-06-28T08:40:32.160759+00:00,empty,0,,
bird-louisville,bird-louisville,US,2026-06-28T08:40:32.405607+00:00,empty,0,,
bird-new-york,bird-new-york,US,2026-06-28T08:40:36.649657+00:00,empty,0,,
bird-nashville,bird-nashville,US,2026-06-28T08:40:37.163395+00:00,empty,0,,
bird-reno,bird-reno,US,2026-06-28T08:40:37.353281+00:00,empty,0,,
bird-portland,bird-portland,US,2026-06-28T08:40:37.691939+00:00,empty,0,,
bird-newark,bird-newark,US,2026-06-28T08:40:37.880601+00:00,empty,0,,
bird-seattle-washington,bird-seattle-washington,US,2026-06-28T08:40:38.067594+00:00,empty,0,,
bird-orlando,bird-orlando,US,2026-06-28T08:40:38.303586+00:00,empty,0,,
BoltEU_Washington DC,BoltEU_Washington_DC,US,2026-06-28T08:40:38.550163+00:00,ok,259,2c888b4888ae1c93f4ca4e3c0261e7a136500d8b48aa174f6c112d1374996518,3.0
bird-tempe,bird-tempe,US,2026-06-28T08:40:38.732996+00:00,empty,0,,
bcycle_bublr,bcycle_bublr,US,2026-06-28T08:40:39.287869+00:00,ok,159,969d0932521a3dd0eb51766357a32d7d3938105ff458f5a9e92e31265dfb3a82,1.1
bcycle_broward,bcycle_broward,US,2026-06-28T08:40:39.312028+00:00,unreachable:GBFSFetchError,0,,
bcycle_cincyredbike,bcycle_cincyredbike,US,2026-06-28T08:40:39.312422+00:00,ok,78,ae20d07af4eb432b9b1200f2b51c6406e2c56e855710954f0f4f4ee2c26f150f,1.1
bird-richmond,bird-richmond,US,2026-06-28T08:40:39.352837+00:00,empty,0,,
bird-st-louis,bird-st-louis,US,2026-06-28T08:40:39.596977+00:00,empty,0,,
bird-washington-dc,bird-washington-dc,US,2026-06-28T08:40:39.900613+00:00,empty,0,,
bcycle_desmoines,bcycle_desmoines,US,2026-06-28T08:40:40.088488+00:00,ok,30,a29b739264b74688452da8a7bc34c3b6248059974257a3672950b8b8d3db9efd,1.1
bluebikes,bluebikes,US,2026-06-28T08:40:40.128165+00:00,ok,605,c91f1f226ad1a4e90b5948066a02d576f3da1152f6842c0492fa07115cee42cd,1.1
austin,austin,US,2026-06-28T08:40:40.840096+00:00,ok,84,6fe38e19949c0d84bec89df57aaf943a6934b7d5c86de79acce068115239e9dc,3.0
bcycle_boulder,bcycle_boulder,US,2026-06-28T08:40:41.141839+00:00,ok,64,1f87a8632f9ff12fc734a882d8fd5359adb3eb6e86fa7e0a2460232cccae3873,1.1
bcycle_memphis,bcycle_memphis,US,2026-06-28T08:40:41.307890+00:00,ok,34,7f295f854ba8217da94a9af8e0c4df07f2a7b510fbe81ae286e50432277209eb,1.1
cabi,cabi,US,2026-06-28T08:40:41.351426+00:00,ok,849,80e50bbd4dd9e30b0b5e637d6020ff30f1f441601a01788e5711f22f8fde145f,2.3
bcycle_greenbikeslc,bcycle_greenbikeslc,US,2026-06-28T08:40:41.972225+00:00,ok,70,169913997af4daa3782c7b9850d7de348edaac131c3734d9be09e6ac5c2a0cea,1.1
bcycle_elpaso,bcycle_elpaso,US,2026-06-28T08:40:42.014937+00:00,ok,18,c31f50fa4594746b15c99a327fd26e19a0fd3a84a33176f71511838aff344626,1.1
lyft_nyc,lyft_nyc,US,2026-06-28T08:40:42.178422+00:00,ok,2412,0810055e8a907d9723af53fdc9835b06dcb61d028be873793393e71892c0a03b,2.3
bcycle_clemson,bcycle_clemson,US,2026-06-28T08:40:42.953210+00:00,ok,12,1fe86eb9f27b621a1964735b06bd678a3cade73b470f3c2049f4f169bbf9df40,1.1
bcycle_pacersbikeshare,bcycle_pacersbikeshare,US,2026-06-28T08:40:43.114936+00:00,ok,55,fd97df896d2ee99ceaca696fd6d5a6bbc7d4917b9e4fd5e5d538fd40a9156717,1.1
9b0e8df6-141e-11ee-be56-0242ac120002,9b0e8df6-141e-11ee-be56-0242ac120002,US,2026-06-28T08:40:43.159766+00:00,no_station_information:GBFSDiscoveryError,0,,
bcycle_heartland,bcycle_heartland,US,2026-06-28T08:40:43.160407+00:00,ok,84,864017d9b99963d116a98a6e12836061015d6e4a15d939890f246f421fca8ae7,1.1
bcycle_jacksoncounty,bcycle_jacksoncounty,US,2026-06-28T08:40:43.470273+00:00,ok,1,d172e5da514d3b493caffd7156cc5483638bd45daa15972d2d2fce025670f4a2,1.1
lyft_chi,lyft_chi,US,2026-06-28T08:40:43.510033+00:00,ok,2015,b0b2290b8ce1e920e8947f1e86bd6a3463003020771fe35d20206817b6604fb8,2.3
lime_arlington,lime_arlington,US,2026-06-28T08:40:43.563576+00:00,ok,1,98994927958c28bfa9dfb79deca3137ce6acccc19785d7a295f47cc4d3e1b3cc,2.2
lime_atlanta,lime_atlanta,US,2026-06-28T08:40:43.756415+00:00,ok,1,ea104309e623f0b7149edb617f058626babca53bde98999622ef6882c95db1b2,2.2
miamiunderline,miamiunderline,US,2026-06-28T08:40:43.961670+00:00,ok,5,794b23e8ce0299e492b0322d36facad4852339c711843f374916bef442bdc6cc,3.0
lime_baltimore,lime_baltimore,US,2026-06-28T08:40:44.064619+00:00,ok,1,feb6b7250e2bae8238a7feef69581228cbc87d956598270ae369f8742a4fcb3c,2.2
bcycle_greenville,bcycle_greenville,US,2026-06-28T08:40:44.823898+00:00,ok,14,1680ba790b4aaf976a49d29ce1df729859cf60ed57e6129743398e17f1eddbc4,1.1
bike_share_hawaii,bike_share_hawaii,US,2026-06-28T08:40:44.868514+00:00,ok,23,5858d116a0e5534184d40da6e116bca11c34676458131d173a8928635e2da537,3.0
bcycle_indego,bcycle_indego,US,2026-06-28T08:40:45.066485+00:00,ok,308,2724f393e9cfa45cdfb1fdffd6b7f65669801e34ac82bf7fff551d9d21459bf1,1.1
lime_chicago,lime_chicago,US,2026-06-28T08:40:45.570876+00:00,ok,1,9b80c2b1b0d453f60d73bb079e1b8a91c78ceef0abca2b5ca805cbf767d671e7,2.2
lime_cleveland,lime_cleveland,US,2026-06-28T08:40:45.929591+00:00,ok,1,1fe89de31a9861a2f32619c5c9b147350317a38ee59482f22351777f8b14e7d0,2.2
cogo,cogo,US,2026-06-28T08:40:46.122852+00:00,unreachable:GBFSFetchError,0,,
lime_grand_rapids,lime_grand_rapids,US,2026-06-28T08:40:47.889471+00:00,ok,1,6c7f8aa9e4aa3b293d7a4082a2cf1b9cd4976de211a6ce6ff4589b3b27f87e12,2.2
lime_detroit,lime_detroit,US,2026-06-28T08:40:48.136952+00:00,ok,1,f48ee1414c953f0aaf8a348d455eeb53e5272d954798dcfa8f3ac969ab845c82,2.2
lime_colorado_springs,lime_colorado_springs,US,2026-06-28T08:40:48.328494+00:00,ok,1,644d37731e6397aeb36beaa9bc50220bd752364e4465f2eb5f1344e79b053398,2.2
lime_new_york,lime_new_york,US,2026-06-28T08:40:48.517853+00:00,ok,1,f7d5c0effa340767684c02130ce38fd6e1606ede8ea8c74868a490355a94fc11,2.2
lime_denver,lime_denver,US,2026-06-28T08:40:48.711794+00:00,ok,1,20a951de245f5322bec5312f83b587c9edcb13fe2b1b7b9a0caefdb3690695b3,2.2
lime_lincoln,lime_lincoln,US,2026-06-28T08:40:48.934831+00:00,ok,1,4602192afb72da9d2141fa97b80f233196963e18d5b764352465a8bd65a1dea8,2.2
lime_louisville,lime_louisville,US,2026-06-28T08:40:49.658164+00:00,ok,1,0401f3fc8b862d21e69e6b57d36df543428a863133315f35740f159c0d0dfe59,2.2
lime_portland,lime_portland,US,2026-06-28T08:40:49.847304+00:00,ok,1,3b7ff3398adccd1fa7b6a103163ca4644ee03f40e5649ea84f5b57ee98cc96e7,2.2
lime_san_francisco,lime_san_francisco,US,2026-06-28T08:40:50.105932+00:00,ok,1,041c0923cffb2103b5e88955db34ad10fcdcb804bbd67b72d44dcefb288d6b1e,2.2
lime_san_jose,lime_san_jose,US,2026-06-28T08:40:50.299196+00:00,ok,1,a113c358aeaf65a51383d47450d865d5d7b247908950fff57cf5209ad6a122c3,2.2
lime_seattle,lime_seattle,US,2026-06-28T08:40:50.487528+00:00,ok,1,92f205392e564edf545e8b7c1e4ed5b39ff30a29e5f9289c24cfd4cfce9a915a,2.2
lime_washington_dc,lime_washington_dc,US,2026-06-28T08:40:50.720504+00:00,ok,1,1ea9da72181debe6c1ca99b7b54ee992620dbe414783fb858a23f0940caa1a0f,2.2
bcycle_lametro,bcycle_lametro,US,2026-06-28T08:40:50.965915+00:00,ok,225,5a1e7b07b6113adf375715ceaa99068613666c82e350f7b267cc49d12049f85f,1.1
bcycle_nashville,bcycle_nashville,US,2026-06-28T08:40:51.048261+00:00,ok,34,d543e00c80cfa8e3e608c9712ef5a36d92066ed8e756ea1f0a6a8082fbe144d9,1.1
lyft_dca,lyft_dca,US,2026-06-28T08:40:51.090247+00:00,empty,0,,
bcycle_madison,bcycle_madison,US,2026-06-28T08:40:51.464435+00:00,ok,108,bb3133d8dd15967f72479c76f87993bdfaed92995fbab6c8e9cecec067acfc43,1.1
lyft_den,lyft_den,US,2026-06-28T08:40:51.878841+00:00,ok,119,69ff76ea6506c9a3d6c30a46e7cd596300340ce23d1e5a46cb9bc9a406dc8117,2.3
bcycle_redding,bcycle_redding,US,2026-06-28T08:40:52.319143+00:00,ok,22,c7e357d6bbc1d3df2d256043a396a691bd588612f15a9d09faa23a44773b3de5,1.1
peacehealth_rides,peacehealth_rides,US,2026-06-28T08:40:52.359396+00:00,ok,164,9e82db3c4a25ef7249953be0ce261d2c49365ec885c4c24894f5b70d452001e4,2.x
lime_oakland,lime_oakland,US,2026-06-28T08:40:52.439428+00:00,ok,1,6873d020a058bbf6fec5b6609ae9242e3444359ca2ff705ef6d484af1a603ed8,2.2
mogo,mogo,US,2026-06-28T08:40:52.684982+00:00,ok,81,38178ada2c867a4d1dcdb92557b595d990ca25dc700765372265171a231d904b,3.0
reddy_bikeshare,reddy_bikeshare,US,2026-06-28T08:40:52.990377+00:00,ok,138,a9a112b5ebface5521465d9f1735565c941d017a58d5a45e24683fd877558511,2.x
bcycle_rtcbikeshare,bcycle_rtcbikeshare,US,2026-06-28T08:40:53.724786+00:00,ok,38,51e51d246a70454faef699dec668c8fd982dd62f35df5c07bb13b02d9e89fb69,1.1
bcycle_sanantonio,bcycle_sanantonio,US,2026-06-28T08:40:53.768366+00:00,ok,18,8f5f82b0b160be7b69f8c0a2893c117f19c841676aa9b5b0b7b7ffbaa2fcc3d3,1.1
bcycle_mcallen,bcycle_mcallen,US,2026-06-28T08:40:53.810802+00:00,unreachable:GBFSFetchError,0,,
relay_bike_share,relay_bike_share,US,2026-06-28T08:40:53.811239+00:00,empty,0,,
biketown_nike,biketown_nike,US,2026-06-28T08:40:54.156903+00:00,ok,25,89d86eaa925e3f53b5f42cdfde62e31f655398d4c11e2de6c942e81569abc4e6,3.0
pittsburgh,pittsburgh,US,2026-06-28T08:40:54.720854+00:00,ok,60,5cf01cd8fa5066ac5beff0964ef1e49a3f463cdc83f7632b604ba9306edc95f4,3.0
bcycle_santacruz,bcycle_santacruz,US,2026-06-28T08:40:55.027426+00:00,ok,72,bb2b121f5ff449b942fa12082b520a297dcfa8b5049136f4bb91c6df2cdc685c,1.1
spin akron,spin_akron,US,2026-06-28T08:40:55.070471+00:00,empty,0,,
spin alexandria,spin_alexandria,US,2026-06-28T08:40:55.643310+00:00,empty,0,,
sbu,sbu,US,2026-06-28T08:40:56.124081+00:00,ok,14,3b8fcbceee6b6384ce0c249bb70e0972220b72ec8708e11d67cc57a82e3af255,3.0
spin ann_arbor,spin_ann_arbor,US,2026-06-28T08:40:56.430992+00:00,empty,0,,
spin baltimore,spin_baltimore,US,2026-06-28T08:40:56.601799+00:00,empty,0,,
bcycle_santabarbara,bcycle_santabarbara,US,2026-06-28T08:40:57.353340+00:00,ok,103,26273f148aa7aa0120d611d427d079097cb5dfbaf77d3757bbd9250ae52286df,1.1
spin dayton,spin_dayton,US,2026-06-28T08:40:57.398094+00:00,empty,0,,
spin columbus,spin_columbus,US,2026-06-28T08:40:58.089634+00:00,empty,0,,
spin detroit,spin_detroit,US,2026-06-28T08:40:58.690735+00:00,empty,0,,
spin durham,spin_durham,US,2026-06-28T08:40:59.288567+00:00,empty,0,,
spin chicago,spin_chicago,US,2026-06-28T08:40:59.933796+00:00,empty,0,,
spin los_angeles,spin_los_angeles,US,2026-06-28T08:41:01.774005+00:00,empty,0,,
provider-null-lansing,provider-null-lansing,US,2026-06-28T08:41:02.514463+00:00,empty,0,,
spin gainesville,spin_gainesville,US,2026-06-28T08:41:02.682455+00:00,empty,0,,
spin fort_collins,spin_fort_collins,US,2026-06-28T08:41:02.880859+00:00,empty,0,,
spin michigan_state_university,spin_michigan_state_university,US,2026-06-28T08:41:03.126778+00:00,empty,0,,
provider-null-milwaukee,provider-null-milwaukee,US,2026-06-28T08:41:03.293912+00:00,empty,0,,
spin lexington,spin_lexington,US,2026-06-28T08:41:03.496578+00:00,empty,0,,
spin fayetteville,spin_fayetteville,US,2026-06-28T08:41:03.663677+00:00,empty,0,,
spin minneapolis,spin_minneapolis,US,2026-06-28T08:41:04.267787+00:00,empty,0,,
provider-null-san_francisco,provider-null-san_francisco,US,2026-06-28T08:41:04.478713+00:00,empty,0,,
spin nashville,spin_nashville,US,2026-06-28T08:41:04.646598+00:00,empty,0,,
spin ohio_state,spin_ohio_state,US,2026-06-28T08:41:05.218991+00:00,empty,0,,
spin phoenix,spin_phoenix,US,2026-06-28T08:41:05.462189+00:00,empty,0,,
provider-null-salt_lake_city,provider-null-salt_lake_city,US,2026-06-28T08:41:06.075886+00:00,empty,0,,
spin raleigh,spin_raleigh,US,2026-06-28T08:41:06.675357+00:00,empty,0,,
provider-null-san_diego,provider-null-san_diego,US,2026-06-28T08:41:06.940083+00:00,empty,0,,
spin providence,spin_providence,US,2026-06-28T08:41:07.674331+00:00,empty,0,,
provider-null-san_marcos,provider-null-san_marcos,US,2026-06-28T08:41:08.288574+00:00,empty,0,,
provider-null-santa_monica,provider-null-santa_monica,US,2026-06-28T08:41:08.458729+00:00,empty,0,,
provider-null-st_george,provider-null-st_george,US,2026-06-28T08:41:08.658319+00:00,empty,0,,
provider-null-tallahassee,provider-null-tallahassee,US,2026-06-28T08:41:09.263273+00:00,empty,0,,
provider-null-tampa,provider-null-tampa,US,2026-06-28T08:41:09.867511+00:00,empty,0,,
provider-null-tempe,provider-null-tempe,US,2026-06-28T08:41:10.626834+00:00,empty,0,,
bcycle_valentine,bcycle_valentine,US,2026-06-28T08:41:10.794408+00:00,ok,1,8a37bb69930cfc2f0a58a5762fbc1ac375c8361ad9b38d24237d94747311aa40,1.1
provider-null-university_of_central_florida,provider-null-university_of_central_florida,US,2026-06-28T08:41:10.836870+00:00,unreachable:GBFSFetchError,0,,
spin washington_dc,spin_washington_dc,US,2026-06-28T08:41:10.837475+00:00,empty,0,,
bcycle_truckee,bcycle_truckee,US,2026-06-28T08:41:11.571551+00:00,ok,20,96eb8485a0de2f0debec92b23bcbc59de0b41457648f912e7015b33c64247618,1.1
provider-null-st_paul,provider-null-st_paul,US,2026-06-28T08:41:11.735591+00:00,empty,0,,
provider-null-stillwater,provider-null-stillwater,US,2026-06-28T08:41:11.903689+00:00,empty,0,,
fortworth,fortworth,US,2026-06-28T08:41:12.396129+00:00,ok,57,dc381e2313c88d0d295f6936b50c312205ee5179537878ddc440bab68febdc38,3.0
veo-cid,veo-cid,US,2026-06-28T08:41:12.529745+00:00,no_station_information:GBFSDiscoveryError,0,,
tugo,tugo,US,2026-06-28T08:41:12.530420+00:00,ok,42,dc09a1b4f38f16cf2bb8e3ce8df6a3a86b4d925fe5d0039b2f72cf26f6944b42,3.0
veo-cpk,veo-cpk,US,2026-06-28T08:41:12.694754+00:00,no_station_information:GBFSDiscoveryError,0,,
veo-bnd,veo-bnd,US,2026-06-28T08:41:12.695374+00:00,no_station_information:GBFSDiscoveryError,0,,
veo-asb,veo-asb,US,2026-06-28T08:41:12.695900+00:00,no_station_information:GBFSDiscoveryError,0,,
veo-nyc,veo-nyc,US,2026-06-28T08:41:12.696410+00:00,no_station_information:GBFSDiscoveryError,0,,
veo-bir,veo-bir,US,2026-06-28T08:41:12.696896+00:00,no_station_information:GBFSDiscoveryError,0,,
veo-cvl,veo-cvl,US,2026-06-28T08:41:12.697356+00:00,no_station_information:GBFSDiscoveryError,0,,
veo-cle,veo-cle,US,2026-06-28T08:41:12.697850+00:00,no_station_information:GBFSDiscoveryError,0,,
veo-cbs,veo-cbs,US,2026-06-28T08:41:12.698321+00:00,no_station_information:GBFSDiscoveryError,0,,
veo-xla,veo-xla,US,2026-06-28T08:41:13.708580+00:00,no_station_information:GBFSDiscoveryError,0,,
veo-xeb,veo-xeb,US,2026-06-28T08:41:13.709486+00:00,no_station_information:GBFSDiscoveryError,0,,
veo-osu,veo-osu,US,2026-06-28T08:41:13.710346+00:00,no_station_information:GBFSDiscoveryError,0,,
veo-hrt,veo-hrt,US,2026-06-28T08:41:13.711175+00:00,no_station_information:GBFSDiscoveryError,0,,
veo-fay,veo-fay,US,2026-06-28T08:41:13.712004+00:00,no_station_information:GBFSDiscoveryError,0,,
veo-gvl,veo-gvl,US,2026-06-28T08:41:13.712899+00:00,no_station_information:GBFSDiscoveryError,0,,
veo-nrc,veo-nrc,US,2026-06-28T08:41:13.713726+00:00,no_station_information:GBFSDiscoveryError,0,,
veo-ksu,veo-ksu,US,2026-06-28T08:41:13.714570+00:00,no_station_information:GBFSDiscoveryError,0,,
veo-nwk,veo-nwk,US,2026-06-28T08:41:13.715431+00:00,no_station_information:GBFSDiscoveryError,0,,
veo-nhv,veo-nhv,US,2026-06-28T08:41:13.716270+00:00,no_station_information:GBFSDiscoveryError,0,,
veo-orl,veo-orl,US,2026-06-28T08:41:13.717080+00:00,no_station_information:GBFSDiscoveryError,0,,
veo-pur,veo-pur,US,2026-06-28T08:41:13.717894+00:00,no_station_information:GBFSDiscoveryError,0,,
veo-pnc,veo-pnc,US,2026-06-28T08:41:13.718703+00:00,no_station_information:GBFSDiscoveryError,0,,
veo-roc,veo-roc,US,2026-06-28T08:41:13.719507+00:00,no_station_information:GBFSDiscoveryError,0,,
veo-nyq,veo-nyq,US,2026-06-28T08:41:13.720310+00:00,no_station_information:GBFSDiscoveryError,0,,
veo-rut,veo-rut,US,2026-06-28T08:41:13.721098+00:00,no_station_information:GBFSDiscoveryError,0,,
veo-siu,veo-siu,US,2026-06-28T08:41:13.721888+00:00,no_station_information:GBFSDiscoveryError,0,,
veo-syr,veo-syr,US,2026-06-28T08:41:13.722717+00:00,no_station_information:GBFSDiscoveryError,0,,
veo-tam,veo-tam,US,2026-06-28T08:41:13.723581+00:00,no_station_information:GBFSDiscoveryError,0,,
veo-tol,veo-tol,US,2026-06-28T08:41:13.724366+00:00,no_station_information:GBFSDiscoveryError,0,,
veo-ala,veo-ala,US,2026-06-28T08:41:13.725228+00:00,no_station_information:GBFSDiscoveryError,0,,
veo-iuc,veo-iuc,US,2026-06-28T08:41:13.726079+00:00,no_station_information:GBFSDiscoveryError,0,,
veo-oku,veo-oku,US,2026-06-28T08:41:13.726887+00:00,no_station_information:GBFSDiscoveryError,0,,
veo-xdc,veo-xdc,US,2026-06-28T08:41:13.727674+00:00,no_station_information:GBFSDiscoveryError,0,,
veo-wta,veo-wta,US,2026-06-28T08:41:13.728446+00:00,no_station_information:GBFSDiscoveryError,0,,
nextbike_gs,nextbike_gs,XK,2026-06-28T08:41:13.729212+00:00,ok,10,52e871756c8317fb32356a6f05158fd9e71f3493262b5547c330dbd3406155f3,2.3
veo-stx,veo-stx,US,2026-06-28T08:41:13.769199+00:00,no_station_information:GBFSDiscoveryError,0,,
veo-sar,veo-sar,US,2026-06-28T08:41:13.770372+00:00,no_station_information:GBFSDiscoveryError,0,,
we_cycle,we_cycle,US,2026-06-28T08:41:13.771549+00:00,ok,100,047afb811b674a7163f059fe9d958583107db49a0e43a8d9b250683084aee71a,3.0
