{
  "n_folds": 7,
  "operators": [
    "Bird",
    "Citiz (carsharing)",
    "Dott",
    "Pony",
    "Voi",
    "V\u00e9lib' M\u00e9tropole",
    "V\u00e9lo&Co"
  ],
  "per_rule_cv": {
    "flag_A1": 2.4494897427831788,
    "flag_A2": 2.449489742783178,
    "flag_A3": 0.8660254037844387,
    "flag_A4": 1.0183736486950705,
    "flag_A5": 2.4494897427831783,
    "flag_A6": 0.0,
    "flag_A7": 1.1897138280736268
  },
  "bootstrap_ci": {
    "flag_A1": {
      "mean": 0.14285714285714285,
      "ci_lo": 0.0,
      "ci_hi": 0.42857142857142855
    },
    "flag_A2": {
      "mean": 0.005133636533549312,
      "ci_lo": 0.0,
      "ci_hi": 0.015400909600647935
    },
    "flag_A3": {
      "mean": 0.5714285714285714,
      "ci_lo": 0.14285714285714285,
      "ci_hi": 0.8571428571428571
    },
    "flag_A4": {
      "mean": 0.04721768023954392,
      "ci_lo": 0.017482726445845698,
      "ci_hi": 0.08745991250878442
    },
    "flag_A5": {
      "mean": 0.030196694062240282,
      "ci_lo": 0.0,
      "ci_hi": 0.09059008218672084
    },
    "flag_A6": {
      "mean": 0.0,
      "ci_lo": 0.0,
      "ci_hi": 0.0
    },
    "flag_A7": {
      "mean": 0.37831243902939127,
      "ci_lo": 0.09265466326085602,
      "ci_hi": 0.7140893422242315
    }
  },
  "verdict": {
    "flag_A1": "FAIL",
    "flag_A2": "FAIL",
    "flag_A3": "FAIL",
    "flag_A4": "FAIL",
    "flag_A5": "FAIL",
    "flag_A6": "PASS",
    "flag_A7": "FAIL"
  }
}